thoi_gian,hanh_dong,mssv,ma_mon
2026-10-02 15:44:10,DANG_KY,250483,DBMS330284
2026-10-02 15:44:10,DANG_KY,250090,PHYS130902
2026-10-02 15:44:10,HUY_MON,250483,DBMS330284
2026-10-02 15:44:10,DANG_KY,250749,EEEN234162
2026-10-02 15:44:10,DANG_KY,250980,WIPR230579
2026-10-02 15:44:10,DANG_KY,250527,FOIT331380
2026-10-02 15:44:10,DANG_KY,250950,CAAL230180
2026-10-02 15:44:10,DANG_KY,250359,MATH132501
2026-10-02 15:44:10,HUY_MON,250090,PHYS130902
2026-10-02 15:44:10,DANG_KY,250686,LLCT120205
2026-10-02 15:44:10,DANG_KY,250857,DBSY240184
2026-10-02 15:44:10,DANG_KY,250310,CAAL230180
2026-10-02 15:44:10,DANG_KY,250377,LLCT120314
2026-10-02 15:44:10,DANG_KY,250856,INLO220405
2026-10-02 15:44:10,DANG_KY,250139,LLCT120314
2026-10-02 15:44:10,DANG_KY,250594,DIGR240485
2026-10-02 15:44:10,HUY_MON,250856,INLO220405
2026-10-02 15:44:10,DANG_KY,250004,DIPR430685
2026-10-02 15:44:10,DANG_KY,250685,INOT231780
2026-10-02 15:44:10,DANG_KY,250842,MATH132901
2026-10-02 15:44:10,DANG_KY,250925,DBSY240184
2026-10-02 15:44:10,DANG_KY,250108,WOPS120390
2026-10-02 15:44:10,DANG_KY,250959,DBMS330284
2026-10-02 15:44:10,HUY_MON,250594,DIGR240485
2026-10-02 15:44:10,DANG_KY,250878,INIT130185
2026-10-02 15:44:10,DANG_KY,250801,MOPR331279
2026-10-02 15:44:10,DANG_KY,250720,PHYS130902
2026-10-02 15:44:10,DANG_KY,250451,ECOM430984
2026-10-02 15:44:10,DANG_KY,250434,WOPS120390
2026-10-02 15:44:10,DANG_KY,250939,INOT231780
2026-10-02 15:44:10,DANG_KY,250466,ESYS431080
2026-10-02 15:44:10,DANG_KY,250301,PRBE214262
2026-10-02 15:44:10,DANG_KY,250410,CAAL230180
2026-10-02 15:44:10,DANG_KY,250149,PHYS111202
2026-10-02 15:44:10,DANG_KY,250804,WEPR330479
2026-10-02 15:44:10,HUY_MON,250377,LLCT120314
2026-10-02 15:44:10,DANG_KY,250413,PHYS111202
2026-10-02 15:44:10,DANG_KY,250588,LLCT120205
2026-10-02 15:44:10,DANG_KY,250877,GEFC220105
2026-10-02 15:44:10,HUY_MON,250857,DBSY240184
2026-10-02 15:44:10,HUY_MON,250950,CAAL230180
2026-10-02 15:44:10,HUY_MON,250842,MATH132901
2026-10-02 15:44:10,DANG_KY,250134,DIGR240485
2026-10-02 15:44:10,DANG_KY,250988,IPPA233277
2026-10-02 15:44:10,DANG_KY,250983,INMA220305
2026-10-02 15:44:10,DANG_KY,250166,INSO321005
2026-10-02 15:44:10,DANG_KY,250041,DBSY240184
2026-10-02 15:44:10,DANG_KY,250928,WOPS120390
2026-10-02 15:44:10,DANG_KY,250179,MATH143001
2026-10-02 15:44:10,DANG_KY,250056,INSE330380
2026-10-02 15:44:10,DANG_KY,250347,MATH132501
2026-10-02 15:44:10,DANG_KY,250418,ENCS330537
2026-10-02 15:44:10,HUY_MON,250720,PHYS130902
2026-10-02 15:44:10,DANG_KY,250548,ARIN330585
2026-10-02 15:44:10,DANG_KY,250079,DBMS330284
2026-10-02 15:44:10,DANG_KY,250302,ARIN330585
2026-10-02 15:44:10,HUY_MON,250149,PHYS111202
2026-10-02 15:44:10,DANG_KY,250337,MATH132501
2026-10-02 15:44:10,DANG_KY,250216,WOPS120390
2026-10-02 15:44:10,DANG_KY,250759,CLCO332779
2026-10-02 15:44:10,DANG_KY,250066,WIPR230579
2026-10-02 15:44:10,DANG_KY,250541,INOT231780
2026-10-02 15:44:10,DANG_KY,250772,ESYS431080
2026-10-02 15:44:10,DANG_KY,250687,PHYS111202
2026-10-02 15:44:10,HUY_MON,250804,WEPR330479
2026-10-02 15:44:10,DANG_KY,250088,ENCS330537
2026-10-02 15:44:10,DANG_KY,250663,INPR140285
2026-10-02 15:44:10,DANG_KY,250988,ENCS330537
2026-10-02 15:44:10,HUY_MON,250310,CAAL230180
2026-10-02 15:44:10,DANG_KY,250762,INSO321005
2026-10-02 15:44:10,DANG_KY,250029,GEFC220105
2026-10-02 15:44:10,DANG_KY,250548,WOPS120390
2026-10-02 15:44:10,DANG_KY,250159,PRBE214262
2026-10-02 15:44:10,DANG_KY,250538,DIGR240485
2026-10-02 15:44:10,HUY_MON,250134,DIGR240485
2026-10-02 15:44:10,DANG_KY,250402,LLCT130105
2026-10-02 15:44:10,DANG_KY,250045,INMA220305
2026-10-02 15:44:10,DANG_KY,250130,MALE431984
2026-10-02 15:44:10,DANG_KY,250149,OPSY330280
2026-10-02 15:44:10,DANG_KY,250884,IPPA233277
2026-10-02 15:44:10,DANG_KY,250959,ENPS220591
2026-10-02 15:44:10,HUY_MON,250541,INOT231780
2026-10-02 15:44:10,DANG_KY,250689,INOT231780
2026-10-02 15:44:10,HUY_MON,250988,ENCS330537
2026-10-02 15:44:10,DANG_KY,250672,INSO321005
2026-10-02 15:44:10,HUY_MON,250548,WOPS120390
2026-10-02 15:44:10,HUY_MON,250434,WOPS120390
2026-10-02 15:44:10,DANG_KY,250966,MATH132401
2026-10-02 15:44:10,DANG_KY,250305,CLCO332779
2026-10-02 15:44:10,DANG_KY,250768,ESYS431080
2026-10-02 15:44:10,DANG_KY,250515,MATH132501
2026-10-02 15:44:10,HUY_MON,250772,ESYS431080
2026-10-02 15:44:10,DANG_KY,250158,INSO321005
2026-10-02 15:44:10,DANG_KY,250121,INPR140285
2026-10-02 15:44:10,DANG_KY,250224,DIGR240485
2026-10-02 15:44:10,DANG_KY,250945,GEFC220105
2026-10-02 15:44:10,DANG_KY,250192,INLO220405
2026-10-02 15:44:10,DANG_KY,250979,CLCO332779
2026-10-02 15:44:10,HUY_MON,250166,INSO321005
2026-10-02 15:44:10,DANG_KY,250818,DIGR240485
2026-10-02 15:44:10,DANG_KY,250605,NEES330380
2026-10-02 15:44:10,DANG_KY,250666,OOPR230279
2026-10-02 15:44:10,DANG_KY,250333,DASA230179
2026-10-02 15:44:10,DANG_KY,250540,ENCS330537
2026-10-02 15:44:10,HUY_MON,250004,DIPR430685
2026-10-02 15:44:10,DANG_KY,250152,INSE330380
2026-10-02 15:44:10,DANG_KY,250915,LLCT120405
2026-10-02 15:44:10,DANG_KY,250856,LLCT130105
2026-10-02 15:44:10,DANG_KY,250555,SOEN330679
2026-10-02 15:44:10,HUY_MON,250966,MATH132401
2026-10-02 15:44:10,DANG_KY,250330,WIPR230579
2026-10-02 15:44:10,DANG_KY,250051,SOEN330679
2026-10-02 15:44:10,DANG_KY,250008,LLCT220514
2026-10-02 15:44:10,HUY_MON,250818,DIGR240485
2026-10-02 15:44:10,DANG_KY,250966,CAAL230180
2026-10-02 15:44:10,DANG_KY,250633,NEES330380
2026-10-02 15:44:10,DANG_KY,250952,OOPR230279
2026-10-02 15:44:10,DANG_KY,250377,GEFC220105
2026-10-02 15:44:10,DANG_KY,250552,MATH132401
2026-10-02 15:44:10,HUY_MON,250413,PHYS111202
2026-10-02 15:44:10,HUY_MON,250302,ARIN330585
2026-10-02 15:44:10,DANG_KY,250978,INLO220405
2026-10-02 15:44:10,HUY_MON,250689,INOT231780
2026-10-02 15:44:10,DANG_KY,250757,GELA236939
2026-10-02 15:44:10,DANG_KY,250684,LLCT130105
2026-10-02 15:44:10,DANG_KY,250967,LLCT120405
2026-10-02 15:44:10,DANG_KY,250988,WIPR230579
2026-10-02 15:44:10,DANG_KY,250295,OPSY330280
2026-10-02 15:44:10,HUY_MON,250158,INSO321005
2026-10-02 15:44:10,HUY_MON,250555,SOEN330679
2026-10-02 15:44:10,DANG_KY,250677,EEEN234162
2026-10-02 15:44:10,DANG_KY,250756,DIGR240485
2026-10-02 15:44:10,DANG_KY,250431,MATH143001
2026-10-02 15:44:10,DANG_KY,250078,DIPR430685
2026-10-02 15:44:10,DANG_KY,250873,NEES330380
2026-10-02 15:44:10,DANG_KY,250528,INSO321005
2026-10-02 15:44:10,DANG_KY,250651,ENPS220591
2026-10-02 15:44:10,DANG_KY,250322,INSO321005
2026-10-02 15:44:10,DANG_KY,250573,PRTE230385
2026-10-02 15:44:10,DANG_KY,250748,ARIN330585
2026-10-02 15:44:10,DANG_KY,250007,IQMA220205
2026-10-02 15:44:10,DANG_KY,250396,INLO220405
2026-10-02 15:44:10,HUY_MON,250939,INOT231780
2026-10-02 15:44:10,DANG_KY,250767,GEFC220105
2026-10-02 15:44:10,DANG_KY,250974,INSO321005
2026-10-02 15:44:10,DANG_KY,250113,ECOM430984
2026-10-02 15:44:10,HUY_MON,250967,LLCT120405
2026-10-02 15:44:10,HUY_MON,250396,INLO220405
2026-10-02 15:44:10,DANG_KY,250592,ESYS431080
2026-10-02 15:44:10,DANG_KY,250569,LLCT120405
2026-10-02 15:44:10,DANG_KY,250616,MALE431984
2026-10-02 15:44:10,DANG_KY,250435,CLCO332779
2026-10-02 15:44:10,DANG_KY,250614,WIPR230579
2026-10-02 15:44:10,HUY_MON,250552,MATH132401
2026-10-02 15:44:10,HUY_MON,250079,DBMS330284
2026-10-02 15:44:10,DANG_KY,250153,LLCT120405
2026-10-02 15:44:10,DANG_KY,250312,INLO220405
2026-10-02 15:44:10,DANG_KY,250387,LLCT120314
2026-10-02 15:44:10,DANG_KY,250346,IVNC320905
2026-10-02 15:44:10,DANG_KY,250275,PRTE230385
2026-10-02 15:44:10,DANG_KY,250392,IPPA233277
2026-10-02 15:44:10,DANG_KY,250067,LLCT120405
2026-10-02 15:44:10,DANG_KY,250994,PHYS130902
2026-10-02 15:44:10,DANG_KY,250131,CLCO332779
2026-10-02 15:44:10,DANG_KY,250210,ARIN330585
2026-10-02 15:44:10,DANG_KY,250381,MATH143001
2026-10-02 15:44:10,DANG_KY,250596,LLCT130105
2026-10-02 15:44:10,HUY_MON,250312,INLO220405
2026-10-02 15:44:10,DANG_KY,250684,CAAL230180
2026-10-02 15:44:10,HUY_MON,250131,CLCO332779
2026-10-02 15:44:10,DANG_KY,250599,GELA236939
2026-10-02 15:44:10,DANG_KY,250710,WIPR230579
2026-10-02 15:44:10,DANG_KY,250185,GEFC220105
2026-10-02 15:44:10,HUY_MON,250974,INSO321005
2026-10-02 15:44:10,DANG_KY,250554,MATH132901
2026-10-02 15:44:10,HUY_MON,250121,INPR140285
2026-10-02 15:44:10,DANG_KY,250511,FOIT331380
2026-10-02 15:44:10,DANG_KY,250814,MALE431984
2026-10-02 15:44:10,HUY_MON,250305,CLCO332779
2026-10-02 15:44:10,DANG_KY,250963,MATH132501
2026-10-02 15:44:10,DANG_KY,250818,MALE431984
2026-10-02 15:44:10,DANG_KY,250237,DBMS330284
2026-10-02 15:44:10,DANG_KY,250404,IVNC320905
2026-10-02 15:44:10,HUY_MON,250041,DBSY240184
2026-10-02 15:44:10,HUY_MON,250210,ARIN330585
2026-10-02 15:44:10,DANG_KY,250860,WOPS120390
2026-10-02 15:44:10,HUY_MON,250877,GEFC220105
2026-10-02 15:44:10,DANG_KY,250777,SOEN330679
2026-10-02 15:44:10,DANG_KY,250056,LLCT120205
2026-10-02 15:44:10,HUY_MON,250149,OPSY330280
2026-10-02 15:44:10,DANG_KY,250321,IQMA220205
2026-10-02 15:44:10,HUY_MON,250359,MATH132501
2026-10-02 15:44:10,HUY_MON,250159,PRBE214262
2026-10-02 15:44:10,DANG_KY,250827,PRTE230385
2026-10-02 15:44:10,DANG_KY,250850,WEPR330479
2026-10-02 15:44:10,HUY_MON,250139,LLCT120314
2026-10-02 15:44:10,HUY_MON,250295,OPSY330280
2026-10-02 15:44:10,DANG_KY,250123,INOT231780
2026-10-02 15:44:10,HUY_MON,250216,WOPS120390
2026-10-02 15:44:10,DANG_KY,250404,WOPS120390
2026-10-02 15:44:10,DANG_KY,250669,ECOM430984
2026-10-02 15:44:10,HUY_MON,250884,IPPA233277
2026-10-02 15:44:10,DANG_KY,250112,ESYS431080
2026-10-02 15:44:10,HUY_MON,250677,EEEN234162
2026-10-02 15:44:10,DANG_KY,250719,LLCT120314
2026-10-02 15:44:10,DANG_KY,250326,ENCS330537
2026-10-02 15:44:10,DANG_KY,250397,INMA220305
2026-10-02 15:44:10,DANG_KY,250460,CAAL230180
2026-10-02 15:44:10,DANG_KY,250367,SOEN330679
2026-10-02 15:44:10,HUY_MON,250599,GELA236939
2026-10-02 15:44:10,HUY_MON,250387,LLCT120314
2026-10-02 15:44:10,HUY_MON,250748,ARIN330585
2026-10-02 15:44:10,DANG_KY,250392,DIPR430685
2026-10-02 15:44:10,HUY_MON,250980,WIPR230579
2026-10-02 15:44:10,HUY_MON,250945,GEFC220105
2026-10-02 15:44:10,DANG_KY,250155,DASA230179
2026-10-02 15:44:10,HUY_MON,250756,DIGR240485
2026-10-02 15:44:10,DANG_KY,250704,LESK120190
2026-10-02 15:44:10,DANG_KY,250691,DASA230179
2026-10-02 15:44:10,HUY_MON,250431,MATH143001
2026-10-02 15:44:10,DANG_KY,250267,EEEN234162
2026-10-02 15:44:10,DANG_KY,250522,IVNC320905
2026-10-02 15:44:10,DANG_KY,250789,EEEN234162
2026-10-02 15:44:10,HUY_MON,250008,LLCT220514
2026-10-02 15:44:10,HUY_MON,250789,EEEN234162
2026-10-02 15:44:10,DANG_KY,250761,DASA230179
2026-10-02 15:44:10,DANG_KY,250376,SPPR330885
2026-10-02 15:44:10,DANG_KY,250947,LLCT120314
2026-10-02 15:44:10,HUY_MON,250947,LLCT120314
2026-10-02 15:44:10,DANG_KY,250903,SOEN330679
2026-10-02 15:44:10,DANG_KY,250566,MATH132901
2026-10-02 15:44:10,DANG_KY,250881,FOIT331380
2026-10-02 15:44:10,HUY_MON,250616,MALE431984
2026-10-02 15:44:10,HUY_MON,250376,SPPR330885
2026-10-02 15:44:10,DANG_KY,250796,MATH132901
2026-10-02 15:44:10,HUY_MON,250687,PHYS111202
2026-10-02 15:44:10,DANG_KY,250201,INPR140285
2026-10-02 15:44:10,DANG_KY,250190,INIT130185
2026-10-02 15:44:10,DANG_KY,250281,PRTE230385
2026-10-02 15:44:10,DANG_KY,250032,LLCT130105
2026-10-02 15:44:10,HUY_MON,250326,ENCS330537
2026-10-02 15:44:10,DANG_KY,250994,LLCT220514
2026-10-02 15:44:10,DANG_KY,250051,PHYS111202
2026-10-02 15:44:10,DANG_KY,250218,MATH132401
2026-10-02 15:44:10,DANG_KY,250885,MATH132501
2026-10-02 15:44:10,DANG_KY,250410,MATH132401
2026-10-02 15:44:10,HUY_MON,250435,CLCO332779
2026-10-02 15:44:10,DANG_KY,250237,INMA220305
2026-10-02 15:44:10,DANG_KY,250452,MALE431984
2026-10-02 15:44:10,DANG_KY,250391,PHYS111202
2026-10-02 15:44:10,DANG_KY,250526,WEPR330479
2026-10-02 15:44:10,DANG_KY,250529,PRTE230385
2026-10-02 15:44:10,DANG_KY,250656,ESYS431080
2026-10-02 15:44:10,DANG_KY,250747,INOT231780
2026-10-02 15:44:10,DANG_KY,250290,DIPR430685
2026-10-02 15:44:10,DANG_KY,250211,GEFC220105
2026-10-02 15:44:10,HUY_MON,250685,INOT231780
2026-10-02 15:44:10,DANG_KY,250033,IQMA220205
2026-10-02 15:44:10,DANG_KY,250712,DIPR430685
2026-10-02 15:44:10,HUY_MON,250515,MATH132501
2026-10-02 15:44:10,DANG_KY,250595,DBSY240184
2026-10-02 15:44:10,HUY_MON,250663,INPR140285
2026-10-02 15:44:10,DANG_KY,250283,GELA236939
2026-10-02 15:44:10,DANG_KY,250426,MATH132401
2026-10-02 15:44:10,HUY_MON,250712,DIPR430685
2026-10-02 15:44:10,DANG_KY,250546,INIT130185
2026-10-02 15:44:10,DANG_KY,250085,FOIT331380
2026-10-02 15:44:10,DANG_KY,250468,LLCT120205
2026-10-02 15:44:10,DANG_KY,250663,DBMS330284
2026-10-02 15:44:10,DANG_KY,250630,DIGR240485
2026-10-02 15:44:10,DANG_KY,250417,ECOM430984
2026-10-02 15:44:10,DANG_KY,250392,INSE330380
2026-10-02 15:44:10,DANG_KY,250609,LLCT120405
2026-10-02 15:44:10,DANG_KY,250392,LLCT130105
2026-10-02 15:44:10,DANG_KY,250235,MOPR331279
2026-10-02 15:44:10,HUY_MON,250548,ARIN330585
2026-10-02 15:44:10,DANG_KY,250264,LESK120190
2026-10-02 15:44:10,DANG_KY,250451,INOT231780
2026-10-02 15:44:10,HUY_MON,250417,ECOM430984
2026-10-02 15:44:10,DANG_KY,250997,INPR140285
2026-10-02 15:44:10,HUY_MON,250566,MATH132901
2026-10-02 15:44:10,DANG_KY,250194,ESYS431080
2026-10-02 15:44:10,DANG_KY,250333,NEES330380
2026-10-02 15:44:10,HUY_MON,250596,LLCT130105
2026-10-02 15:44:10,DANG_KY,250204,MALE431984
2026-10-02 15:44:10,DANG_KY,250175,INPR140285
2026-10-02 15:44:10,DANG_KY,250934,OOPR230279
2026-10-02 15:44:10,HUY_MON,250201,INPR140285
2026-10-02 15:44:10,DANG_KY,250917,PRBE214262
2026-10-02 15:44:10,HUY_MON,250224,DIGR240485
2026-10-02 15:44:10,DANG_KY,250452,LLCT220514
2026-10-02 15:44:10,HUY_MON,250925,DBSY240184
2026-10-02 15:44:10,HUY_MON,250511,FOIT331380
2026-10-02 15:44:10,HUY_MON,250283,GELA236939
2026-10-02 15:44:10,DANG_KY,250271,ECOM430984
2026-10-02 15:44:10,DANG_KY,250142,WIPR230579
2026-10-02 15:44:10,DANG_KY,250841,PHYS111202
2026-10-02 15:44:10,DANG_KY,250368,DIGR240485
2026-10-02 15:44:10,HUY_MON,250267,EEEN234162
2026-10-02 15:44:10,DANG_KY,250935,INMA220305
2026-10-02 15:44:10,HUY_MON,250885,MATH132501
2026-10-02 15:44:10,DANG_KY,250729,FOIT331380
2026-10-02 15:44:10,DANG_KY,250838,LLCT130105
2026-10-02 15:44:10,HUY_MON,250540,ENCS330537
2026-10-02 15:44:10,DANG_KY,250984,ESYS431080
2026-10-02 15:44:10,DANG_KY,250323,DBSY240184
2026-10-02 15:44:10,HUY_MON,250333,DASA230179
2026-10-02 15:44:10,DANG_KY,250823,CLCO332779
2026-10-02 15:44:10,DANG_KY,250988,LLCT130105
2026-10-02 15:44:10,DANG_KY,250159,ENPS220591
2026-10-02 15:44:10,DANG_KY,250442,PHYS130902
2026-10-02 15:44:10,DANG_KY,250045,DBSY240184
2026-10-02 15:44:10,DANG_KY,250468,INLO220405
2026-10-02 15:44:10,HUY_MON,250368,DIGR240485
2026-10-02 15:44:10,DANG_KY,250740,IPPA233277
2026-10-02 15:44:10,DANG_KY,250231,LLCT120405
2026-10-02 15:44:10,DANG_KY,250390,MATH132901
2026-10-02 15:44:10,DANG_KY,250577,GELA236939
2026-10-02 15:44:10,HUY_MON,250873,NEES330380
2026-10-02 15:44:10,DANG_KY,250813,PHYS111202
2026-10-02 15:44:10,DANG_KY,250226,ARIN330585
2026-10-02 15:44:10,DANG_KY,250635,NEES330380
2026-10-02 15:44:10,DANG_KY,250778,INSE330380
2026-10-02 15:44:10,HUY_MON,250275,PRTE230385
2026-10-02 15:44:10,HUY_MON,250231,LLCT120405
2026-10-02 15:44:10,DANG_KY,250835,GELA236939
2026-10-02 15:44:10,DANG_KY,250434,MATH132901
2026-10-02 15:44:10,DANG_KY,250297,MOPR331279
2026-10-02 15:44:10,HUY_MON,250367,SOEN330679
2026-10-02 15:44:10,DANG_KY,250675,MATH143001
2026-10-02 15:44:10,DANG_KY,250186,MALE431984
2026-10-02 15:44:10,DANG_KY,250069,GELA236939
2026-10-02 15:44:10,DANG_KY,250224,SPPR330885
2026-10-02 15:44:10,DANG_KY,250303,GELA236939
2026-10-02 15:44:10,DANG_KY,250862,LESK120190
2026-10-02 15:44:10,DANG_KY,250305,GEFC220105
2026-10-02 15:44:10,HUY_MON,250108,WOPS120390
2026-10-02 15:44:10,DANG_KY,250216,MATH132401
2026-10-02 15:44:10,DANG_KY,250011,IQMA220205
2026-10-02 15:44:10,DANG_KY,250746,IVNC320905
2026-10-02 15:44:10,DANG_KY,250261,PHYS111202
2026-10-02 15:44:10,DANG_KY,250740,WEPR330479
2026-10-02 15:44:10,DANG_KY,250603,SOEN330679
2026-10-02 15:44:10,DANG_KY,250722,LESK120190
2026-10-02 15:44:10,HUY_MON,250935,INMA220305
2026-10-02 15:44:10,DANG_KY,250515,PRTE230385
2026-10-02 15:44:10,DANG_KY,250098,MALE431984
2026-10-02 15:44:10,DANG_KY,250179,DBSY240184
2026-10-02 15:44:10,HUY_MON,250994,LLCT220514
2026-10-02 15:44:10,DANG_KY,250782,ENCS330537
2026-10-02 15:44:10,DANG_KY,250833,PRTE230385
2026-10-02 15:44:10,HUY_MON,250666,OOPR230279
2026-10-02 15:44:10,HUY_MON,250032,LLCT130105
2026-10-02 15:44:10,DANG_KY,250292,PHYS130902
2026-10-02 15:44:10,HUY_MON,250346,IVNC320905
2026-10-02 15:44:10,DANG_KY,250782,WIPR230579
2026-10-02 15:44:10,DANG_KY,250305,LLCT120314
2026-10-02 15:44:10,DANG_KY,250888,IVNC320905
2026-10-02 15:44:10,DANG_KY,250355,PRTE230385
2026-10-02 15:44:10,HUY_MON,250740,WEPR330479
2026-10-02 15:44:10,DANG_KY,250624,PHYS130902
2026-10-02 15:44:10,DANG_KY,250539,ENPS220591
2026-10-02 15:44:10,HUY_MON,250823,CLCO332779
2026-10-02 15:44:10,DANG_KY,250515,MATH132501
2026-10-02 15:44:10,DANG_KY,250104,IVNC320905
2026-10-02 15:44:10,DANG_KY,250219,DASA230179
2026-10-02 15:44:10,HUY_MON,250729,FOIT331380
2026-10-02 15:44:10,DANG_KY,250557,INOT231780
2026-10-02 15:44:10,DANG_KY,250010,WEPR330479
2026-10-02 15:44:10,HUY_MON,250113,ECOM430984
2026-10-02 15:44:10,DANG_KY,250301,PRTE230385
2026-10-02 15:44:10,DANG_KY,250764,INIT130185
2026-10-02 15:44:10,DANG_KY,250967,FOIT331380
2026-10-02 15:44:10,HUY_MON,250588,LLCT120205
2026-10-02 15:44:10,DANG_KY,250656,PHYS130902
2026-10-02 15:44:10,DANG_KY,250963,INOT231780
2026-10-02 15:44:10,DANG_KY,250152,INSO321005
2026-10-02 15:44:10,DANG_KY,250307,DBSY240184
2026-10-02 15:44:10,DANG_KY,250338,INSE330380
2026-10-02 15:44:10,DANG_KY,250485,PRTE230385
2026-10-02 15:44:10,HUY_MON,250451,ECOM430984
2026-10-02 15:44:10,DANG_KY,250919,INPR140285
2026-10-02 15:44:10,HUY_MON,250603,SOEN330679
2026-10-02 15:44:10,DANG_KY,250439,INOT231780
2026-10-02 15:44:10,HUY_MON,250767,GEFC220105
2026-10-02 15:44:10,HUY_MON,250321,IQMA220205
2026-10-02 15:44:10,DANG_KY,250909,OPSY330280
2026-10-02 15:44:10,DANG_KY,250924,MATH132901
2026-10-02 15:44:10,DANG_KY,250421,OPSY330280
2026-10-02 15:44:10,DANG_KY,250914,DIPR430685
2026-10-02 15:44:10,HUY_MON,250051,SOEN330679
2026-10-02 15:44:10,DANG_KY,250237,DASA230179
2026-10-02 15:44:10,DANG_KY,250274,IPPA233277
2026-10-02 15:44:10,HUY_MON,250979,CLCO332779
2026-10-02 15:44:10,DANG_KY,250631,MATH143001
2026-10-02 15:44:10,DANG_KY,250572,INLO220405
2026-10-02 15:44:10,DANG_KY,250367,DASA230179
2026-10-02 15:44:10,HUY_MON,250235,MOPR331279
2026-10-02 15:44:10,HUY_MON,250390,MATH132901
2026-10-02 15:44:10,DANG_KY,250986,MATH132901
2026-10-02 15:44:10,HUY_MON,250572,INLO220405
2026-10-02 15:44:10,DANG_KY,250294,ARIN330585
2026-10-02 15:44:10,DANG_KY,250485,FOIT331380
2026-10-02 15:44:10,DANG_KY,250156,WIPR230579
2026-10-02 15:44:10,DANG_KY,250543,PRBE214262
2026-10-02 15:44:10,DANG_KY,250966,IPPA233277
2026-10-02 15:44:10,DANG_KY,250397,INPR140285
2026-10-02 15:44:10,DANG_KY,250164,LLCT120205
2026-10-02 15:44:10,HUY_MON,250994,PHYS130902
2026-10-02 15:44:10,DANG_KY,250764,MALE431984
2026-10-02 15:44:10,DANG_KY,250557,NEES330380
2026-10-02 15:44:10,DANG_KY,250484,LLCT220514
2026-10-02 15:44:10,DANG_KY,250623,LLCT120314
2026-10-02 15:44:10,DANG_KY,250486,ENCS330537
2026-10-02 15:44:10,DANG_KY,250431,DASA230179
2026-10-02 15:44:10,DANG_KY,250358,ARIN330585
2026-10-02 15:44:10,DANG_KY,250585,IQMA220205
2026-10-02 15:44:10,DANG_KY,250444,IVNC320905
2026-10-02 15:44:10,HUY_MON,250392,LLCT130105
2026-10-02 15:44:10,DANG_KY,250328,LLCT130105
2026-10-02 15:44:10,DANG_KY,250483,NEES330380
2026-10-02 15:44:10,DANG_KY,250682,LLCT130105
2026-10-02 15:44:10,DANG_KY,250933,DBSY240184
2026-10-02 15:44:10,DANG_KY,250836,MATH132401
2026-10-02 15:44:10,HUY_MON,250546,INIT130185
2026-10-02 15:44:10,DANG_KY,250222,DIGR240485
2026-10-02 15:44:10,DANG_KY,250193,NEES330380
2026-10-02 15:44:10,DANG_KY,250840,WEPR330479
2026-10-02 15:44:10,DANG_KY,250291,ENPS220591
2026-10-02 15:44:10,HUY_MON,250123,INOT231780
2026-10-02 15:44:10,DANG_KY,250701,OPSY330280
2026-10-02 15:44:10,HUY_MON,250928,WOPS120390
2026-10-02 15:44:10,DANG_KY,250500,MATH132401
2026-10-02 15:44:10,DANG_KY,250663,SOEN330679
2026-10-02 15:44:10,HUY_MON,250747,INOT231780
2026-10-02 15:44:10,DANG_KY,250143,INPR140285
2026-10-02 15:44:10,DANG_KY,250390,LLCT130105
2026-10-02 15:44:10,DANG_KY,250801,DBSY240184
2026-10-02 15:44:10,DANG_KY,250656,LLCT220514
2026-10-02 15:44:10,HUY_MON,250218,MATH132401
2026-10-02 15:44:10,DANG_KY,250022,ARIN330585
2026-10-02 15:44:10,DANG_KY,250521,IQMA220205
2026-10-02 15:44:10,DANG_KY,250256,LESK120190
2026-10-02 15:44:10,DANG_KY,250129,GEFC220105
2026-10-02 15:44:10,HUY_MON,250934,OOPR230279
2026-10-02 15:44:10,DANG_KY,250754,PHYS130902
2026-10-02 15:44:10,HUY_MON,250538,DIGR240485
2026-10-02 15:44:10,DANG_KY,250790,DIGR240485
2026-10-02 15:44:10,DANG_KY,250015,LLCT120405
2026-10-02 15:44:10,DANG_KY,250254,WOPS120390
2026-10-02 15:44:10,DANG_KY,250529,INPR140285
2026-10-02 15:44:10,HUY_MON,250051,PHYS111202
2026-10-02 15:44:10,DANG_KY,250311,SOEN330679
2026-10-02 15:44:10,DANG_KY,250318,OOPR230279
2026-10-02 15:44:10,DANG_KY,250561,NEES330380
2026-10-02 15:44:10,DANG_KY,250424,ENCS330537
2026-10-02 15:44:10,DANG_KY,250475,NEES330380
2026-10-02 15:44:10,DANG_KY,250274,SPPR330885
2026-10-02 15:44:10,DANG_KY,250333,GELA236939
2026-10-02 15:44:10,DANG_KY,250828,IVNC320905
2026-10-02 15:44:10,DANG_KY,250839,LLCT120314
2026-10-02 15:44:10,DANG_KY,250798,PHYS130902
2026-10-02 15:44:10,HUY_MON,250878,INIT130185
2026-10-02 15:44:10,DANG_KY,250930,DIGR240485
2026-10-02 15:44:10,HUY_MON,250749,EEEN234162
2026-10-02 15:44:10,DANG_KY,250737,LLCT120405
2026-10-02 15:44:10,DANG_KY,250624,INSE330380
2026-10-02 15:44:10,DANG_KY,250523,GEFC220105
2026-10-02 15:44:10,DANG_KY,250706,MATH132401
2026-10-02 15:44:10,DANG_KY,250413,PRBE214262
2026-10-02 15:44:10,DANG_KY,250762,LLCT130105
2026-10-02 15:44:10,HUY_MON,250768,ESYS431080
2026-10-02 15:44:10,HUY_MON,250130,MALE431984
2026-10-02 15:44:10,DANG_KY,250750,MATH132901
2026-10-02 15:44:10,DANG_KY,250871,ENPS220591
2026-10-02 15:44:10,DANG_KY,250542,LLCT120205
2026-10-02 15:44:10,HUY_MON,250924,MATH132901
2026-10-02 15:44:10,DANG_KY,250434,DIGR240485
2026-10-02 15:44:10,HUY_MON,250254,WOPS120390
2026-10-02 15:44:10,DANG_KY,250914,WIPR230579
2026-10-02 15:44:10,DANG_KY,250053,DBSY240184
2026-10-02 15:44:10,DANG_KY,250784,ESYS431080
2026-10-02 15:44:10,DANG_KY,250047,MATH132501
2026-10-02 15:44:10,HUY_MON,250740,IPPA233277
2026-10-02 15:44:10,DANG_KY,250696,IPPA233277
2026-10-02 15:44:10,HUY_MON,250633,NEES330380
2026-10-02 15:44:10,DANG_KY,250573,DBSY240184
2026-10-02 15:44:10,DANG_KY,250444,ARIN330585
2026-10-02 15:44:10,DANG_KY,250351,PHYS111202
2026-10-02 15:44:10,HUY_MON,250264,LESK120190
2026-10-02 15:44:10,DANG_KY,250418,IVNC320905
2026-10-02 15:44:10,DANG_KY,250149,GEFC220105
2026-10-02 15:44:10,HUY_MON,250761,DASA230179
2026-10-02 15:44:10,DANG_KY,250509,LLCT120314
2026-10-02 15:44:10,DANG_KY,250156,WEPR330479
2026-10-02 15:44:10,HUY_MON,250836,MATH132401
2026-10-02 15:44:10,DANG_KY,250030,INSO321005
2026-10-02 15:44:10,DANG_KY,250345,ECOM430984
2026-10-02 15:44:10,DANG_KY,250742,DIGR240485
2026-10-02 15:44:10,DANG_KY,250249,MATH143001
2026-10-02 15:44:10,DANG_KY,250278,MATH132401
2026-10-02 15:44:10,DANG_KY,250345,DASA230179
2026-10-02 15:44:10,DANG_KY,250888,IPPA233277
2026-10-02 15:44:10,DANG_KY,250715,DBMS330284
2026-10-02 15:44:10,HUY_MON,250715,DBMS330284
2026-10-02 15:44:10,HUY_MON,250762,LLCT130105
2026-10-02 15:44:10,DANG_KY,250438,ESYS431080
2026-10-02 15:44:10,DANG_KY,250319,INOT231780
2026-10-02 15:44:10,HUY_MON,250475,NEES330380
2026-10-02 15:44:10,DANG_KY,250429,SOEN330679
2026-10-02 15:44:10,DANG_KY,250852,LESK120190
2026-10-02 15:44:10,DANG_KY,250119,DBMS330284
2026-10-02 15:44:10,HUY_MON,250486,ENCS330537
2026-10-02 15:44:10,DANG_KY,250474,PHYS130902
2026-10-02 15:44:10,DANG_KY,250021,IQMA220205
2026-10-02 15:44:10,DANG_KY,250416,PHYS130902
2026-10-02 15:44:10,DANG_KY,250411,MATH132501
2026-10-02 15:44:10,DANG_KY,250090,DIPR430685
2026-10-02 15:44:10,HUY_MON,250345,ECOM430984
2026-10-02 15:44:10,DANG_KY,250805,DASA230179
2026-10-02 15:44:10,HUY_MON,250742,DIGR240485
2026-10-02 15:44:10,DANG_KY,250586,LLCT130105
2026-10-02 15:44:10,DANG_KY,250797,ENPS220591
2026-10-02 15:44:10,DANG_KY,250652,CAAL230180
2026-10-02 15:44:10,DANG_KY,250159,DBMS330284
2026-10-02 15:44:10,DANG_KY,250374,IPPA233277
2026-10-02 15:44:10,HUY_MON,250782,WIPR230579
2026-10-02 15:44:10,DANG_KY,250810,ENCS330537
2026-10-02 15:44:10,DANG_KY,250061,INOT231780
2026-10-02 15:44:10,DANG_KY,250780,OOPR230279
2026-10-02 15:44:10,DANG_KY,250655,PHYS111202
2026-10-02 15:44:10,DANG_KY,250916,LLCT220514
2026-10-02 15:44:10,DANG_KY,250855,CLCO332779
2026-10-02 15:44:10,DANG_KY,250830,CAAL230180
2026-10-02 15:44:10,DANG_KY,250217,PRTE230385
2026-10-02 15:44:10,DANG_KY,250600,LLCT130105
2026-10-02 15:44:10,DANG_KY,250875,INOT231780
2026-10-02 15:44:10,DANG_KY,250104,WIPR230579
2026-10-02 15:44:10,DANG_KY,250443,INPR140285
2026-10-02 15:44:10,HUY_MON,250818,MALE431984
2026-10-02 15:44:10,HUY_MON,250764,MALE431984
2026-10-02 15:44:10,DANG_KY,250464,INLO220405
2026-10-02 15:44:10,DANG_KY,250011,MATH143001
2026-10-02 15:44:10,DANG_KY,250864,LLCT130105
2026-10-02 15:44:10,HUY_MON,250855,CLCO332779
2026-10-02 15:44:10,HUY_MON,250143,INPR140285
2026-10-02 15:44:10,DANG_KY,250891,MOPR331279
2026-10-02 15:44:10,DANG_KY,250504,WOPS120390
2026-10-02 15:44:10,DANG_KY,250075,GELA236939
2026-10-02 15:44:10,DANG_KY,250560,WOPS120390
2026-10-02 15:44:10,DANG_KY,250321,GEFC220105
2026-10-02 15:44:10,HUY_MON,250056,LLCT120205
2026-10-02 15:44:10,DANG_KY,250796,MALE431984
2026-10-02 15:44:10,HUY_MON,250997,INPR140285
2026-10-02 15:44:10,HUY_MON,250959,DBMS330284
2026-10-02 15:44:10,HUY_MON,250085,FOIT331380
2026-10-02 15:44:10,DANG_KY,250321,PHYS111202
2026-10-02 15:44:10,HUY_MON,250528,INSO321005
2026-10-02 15:44:10,HUY_MON,250952,OOPR230279
2026-10-02 15:44:10,HUY_MON,250778,INSE330380
2026-10-02 15:44:10,DANG_KY,250998,MATH132901
2026-10-02 15:44:10,DANG_KY,250385,ENPS220591
2026-10-02 15:44:10,DANG_KY,250656,INSE330380
2026-10-02 15:44:10,DANG_KY,250707,PRTE230385
2026-10-02 15:44:10,DANG_KY,250578,ESYS431080
2026-10-02 15:44:10,DANG_KY,250941,MOPR331279
2026-10-02 15:44:10,DANG_KY,250532,IPPA233277
2026-10-02 15:44:10,DANG_KY,250839,MATH143001
2026-10-02 15:44:10,HUY_MON,250909,OPSY330280
2026-10-02 15:44:10,DANG_KY,250679,ECOM430984
2026-10-02 15:44:10,DANG_KY,250254,PHYS130902
2026-10-02 15:44:10,DANG_KY,250369,LLCT120314
2026-10-02 15:44:10,DANG_KY,250264,INIT130185
2026-10-02 15:44:10,DANG_KY,250675,GELA236939
2026-10-02 15:44:10,HUY_MON,250624,INSE330380
2026-10-02 15:44:10,DANG_KY,250394,DIGR240485
2026-10-02 15:44:10,DANG_KY,250181,GELA236939
2026-10-02 15:44:10,DANG_KY,250316,LLCT220514
2026-10-02 15:44:10,DANG_KY,250423,FOIT331380
2026-10-02 15:44:10,HUY_MON,250542,LLCT120205
2026-10-02 15:44:10,DANG_KY,250458,INSE330380
2026-10-02 15:44:10,HUY_MON,250413,PRBE214262
2026-10-02 15:44:10,DANG_KY,250025,MATH143001
2026-10-02 15:44:10,DANG_KY,250576,ENCS330537
2026-10-02 15:44:10,DANG_KY,250945,ENPS220591
2026-10-02 15:44:10,DANG_KY,250971,MATH132501
2026-10-02 15:44:10,DANG_KY,250018,OOPR230279
2026-10-02 15:44:10,HUY_MON,250573,PRTE230385
2026-10-02 15:44:10,DANG_KY,250769,INOT231780
2026-10-02 15:44:10,HUY_MON,250328,LLCT130105
2026-10-02 15:44:10,DANG_KY,250842,LLCT120205
2026-10-02 15:44:10,DANG_KY,250229,INMA220305
2026-10-02 15:44:10,HUY_MON,250595,DBSY240184
2026-10-02 15:44:10,DANG_KY,250623,ECOM430984
2026-10-02 15:44:10,DANG_KY,250774,MATH132401
2026-10-02 15:44:10,DANG_KY,250945,LLCT120405
2026-10-02 15:44:10,DANG_KY,250470,OOPR230279
2026-10-02 15:44:10,DANG_KY,250265,DASA230179
2026-10-02 15:44:10,DANG_KY,250984,LESK120190
2026-10-02 15:44:10,DANG_KY,250643,DBMS330284
2026-10-02 15:44:10,DANG_KY,250802,LLCT220514
2026-10-02 15:44:10,DANG_KY,250133,CLCO332779
2026-10-02 15:44:10,DANG_KY,250298,WIPR230579
2026-10-02 15:44:10,DANG_KY,250357,IQMA220205
2026-10-02 15:44:10,HUY_MON,250369,LLCT120314
2026-10-02 15:44:10,DANG_KY,250069,DBSY240184
2026-10-02 15:44:10,DANG_KY,250580,CAAL230180
2026-10-02 15:44:10,HUY_MON,250181,GELA236939
2026-10-02 15:44:10,DANG_KY,250465,MATH132501
2026-10-02 15:44:10,HUY_MON,250303,GELA236939
2026-10-02 15:44:10,DANG_KY,250179,ENPS220591
2026-10-02 15:44:10,DANG_KY,250394,IPPA233277
2026-10-02 15:44:10,DANG_KY,250153,LLCT120314
2026-10-02 15:44:10,DANG_KY,250848,ENCS330537
2026-10-02 15:44:10,DANG_KY,250233,IQMA220205
2026-10-02 15:44:10,DANG_KY,250872,ARIN330585
2026-10-02 15:44:10,DANG_KY,250347,DASA230179
2026-10-02 15:44:10,DANG_KY,250386,INLO220405
2026-10-02 15:44:10,DANG_KY,250381,DBMS330284
2026-10-02 15:44:10,DANG_KY,250732,OOPR230279
2026-10-02 15:44:10,DANG_KY,250973,GEFC220105
2026-10-02 15:44:10,HUY_MON,250155,DASA230179
2026-10-02 15:44:10,DANG_KY,250463,MOPR331279
2026-10-02 15:44:10,HUY_MON,250782,ENCS330537
2026-10-02 15:44:10,HUY_MON,250500,MATH132401
2026-10-02 15:44:10,DANG_KY,250656,WEPR330479
2026-10-02 15:44:10,DANG_KY,250771,GEFC220105
2026-10-02 15:44:10,DANG_KY,250034,IVNC320905
2026-10-02 15:44:10,DANG_KY,250133,INMA220305
2026-10-02 15:44:10,DANG_KY,250284,MATH132401
2026-10-02 15:44:10,DANG_KY,250653,LLCT120405
2026-10-02 15:44:10,DANG_KY,250660,WIPR230579
2026-10-02 15:44:10,DANG_KY,250893,DASA230179
2026-10-02 15:44:10,HUY_MON,250810,ENCS330537
2026-10-02 15:44:10,HUY_MON,250651,ENPS220591
2026-10-02 15:44:10,HUY_MON,250021,IQMA220205
2026-10-02 15:44:10,HUY_MON,250841,PHYS111202
2026-10-02 15:44:10,HUY_MON,250805,DASA230179
2026-10-02 15:44:10,DANG_KY,250553,PHYS111202
2026-10-02 15:44:10,HUY_MON,250862,LESK120190
2026-10-02 15:44:10,HUY_MON,250265,DASA230179
2026-10-02 15:44:10,DANG_KY,250363,PHYS111202
2026-10-02 15:44:10,HUY_MON,250159,DBMS330284
2026-10-02 15:44:10,DANG_KY,250155,DBMS330284
2026-10-02 15:44:10,DANG_KY,250018,CAAL230180
2026-10-02 15:44:10,HUY_MON,250416,PHYS130902
2026-10-02 15:44:10,DANG_KY,250588,DIGR240485
2026-10-02 15:44:10,DANG_KY,250223,DBMS330284
2026-10-02 15:44:10,DANG_KY,250676,INSO321005
2026-10-02 15:44:10,DANG_KY,250983,DBSY240184
2026-10-02 15:44:10,DANG_KY,250296,DIPR430685
2026-10-02 15:44:10,HUY_MON,250249,MATH143001
2026-10-02 15:44:10,HUY_MON,250577,GELA236939
2026-10-02 15:44:10,DANG_KY,250933,FOIT331380
2026-10-02 15:44:10,DANG_KY,250452,DIGR240485
2026-10-02 15:44:10,DANG_KY,250807,ECOM430984
2026-10-02 15:44:10,DANG_KY,250502,MALE431984
2026-10-02 15:44:10,DANG_KY,250033,INMA220305
2026-10-02 15:44:10,DANG_KY,250696,LLCT220514
2026-10-02 15:44:10,DANG_KY,250915,MATH143001
2026-10-02 15:44:10,DANG_KY,250954,LLCT220514
2026-10-02 15:44:10,DANG_KY,250981,NEES330380
2026-10-02 15:44:10,DANG_KY,250372,ESYS431080
2026-10-02 15:44:10,DANG_KY,250605,CLCO332779
2026-10-02 15:44:10,HUY_MON,250554,MATH132901
2026-10-02 15:44:10,HUY_MON,250600,LLCT130105
2026-10-02 15:44:10,DANG_KY,250364,PHYS130902
2026-10-02 15:44:10,HUY_MON,250669,ECOM430984
2026-10-02 15:44:10,DANG_KY,250825,DASA230179
2026-10-02 15:44:10,DANG_KY,250416,DIGR240485
2026-10-02 15:44:10,DANG_KY,250363,PRBE214262
2026-10-02 15:44:10,DANG_KY,250738,LLCT120205
2026-10-02 15:44:10,DANG_KY,250773,CLCO332779
2026-10-02 15:44:10,DANG_KY,250748,INIT130185
2026-10-02 15:44:10,DANG_KY,250029,ENPS220591
2026-10-02 15:44:10,DANG_KY,250954,ARIN330585
2026-10-02 15:44:10,DANG_KY,250645,NEES330380
2026-10-02 15:44:10,HUY_MON,250860,WOPS120390
2026-10-02 15:44:10,HUY_MON,250297,MOPR331279
2026-10-02 15:44:10,DANG_KY,250699,MATH143001
2026-10-02 15:44:10,HUY_MON,250438,ESYS431080
2026-10-02 15:44:10,DANG_KY,250146,INIT130185
2026-10-02 15:44:10,DANG_KY,250013,CLCO332779
2026-10-02 15:44:10,DANG_KY,250532,LESK120190
2026-10-02 15:44:10,DANG_KY,250279,PRBE214262
2026-10-02 15:44:10,HUY_MON,250941,MOPR331279
2026-10-02 15:44:10,HUY_MON,250223,DBMS330284
2026-10-02 15:44:10,DANG_KY,250467,PHYS111202
2026-10-02 15:44:10,HUY_MON,250722,LESK120190
2026-10-02 15:44:10,DANG_KY,250378,INLO220405
2026-10-02 15:44:10,DANG_KY,250493,INMA220305
2026-10-02 15:44:10,DANG_KY,250268,CAAL230180
2026-10-02 15:44:10,DANG_KY,250463,SOEN330679
2026-10-02 15:44:10,DANG_KY,250446,IPPA233277
2026-10-02 15:44:10,DANG_KY,250975,DBSY240184
2026-10-02 15:44:10,DANG_KY,250740,MALE431984
2026-10-02 15:44:10,HUY_MON,250307,DBSY240184
2026-10-02 15:44:10,DANG_KY,250911,PRBE214262
2026-10-02 15:44:10,HUY_MON,250557,INOT231780
2026-10-02 15:44:10,DANG_KY,250729,MATH143001
2026-10-02 15:44:10,DANG_KY,250984,LLCT220514
2026-10-02 15:44:10,HUY_MON,250966,IPPA233277
2026-10-02 15:44:10,DANG_KY,250176,MALE431984
2026-10-02 15:44:10,DANG_KY,250971,INMA220305
2026-10-02 15:44:10,HUY_MON,250423,FOIT331380
2026-10-02 15:44:10,HUY_MON,250635,NEES330380
2026-10-02 15:44:10,DANG_KY,250839,CLCO332779
2026-10-02 15:44:10,DANG_KY,250878,WEPR330479
2026-10-02 15:44:10,DANG_KY,250433,EEEN234162
2026-10-02 15:44:10,DANG_KY,250496,CAAL230180
2026-10-02 15:44:10,DANG_KY,250065,GELA236939
2026-10-02 15:44:10,HUY_MON,250631,MATH143001
2026-10-02 15:44:10,DANG_KY,250771,DBSY240184
2026-10-02 15:44:10,DANG_KY,250682,OOPR230279
2026-10-02 15:44:10,DANG_KY,250189,MOPR331279
2026-10-02 15:44:10,DANG_KY,250276,INIT130185
2026-10-02 15:44:10,DANG_KY,250575,EEEN234162
2026-10-02 15:44:10,DANG_KY,250126,LESK120190
2026-10-02 15:44:10,HUY_MON,250532,LESK120190
2026-10-02 15:44:10,HUY_MON,250623,LLCT120314
2026-10-02 15:44:10,DANG_KY,250123,INPR140285
2026-10-02 15:44:10,DANG_KY,250642,LLCT120205
2026-10-02 15:44:10,DANG_KY,250357,NEES330380
2026-10-02 15:44:10,HUY_MON,250175,INPR140285
2026-10-02 15:44:10,HUY_MON,250532,IPPA233277
2026-10-02 15:44:10,DANG_KY,250720,ENCS330537
2026-10-02 15:44:10,DANG_KY,250507,PRTE230385
2026-10-02 15:44:10,DANG_KY,250402,OOPR230279
2026-10-02 15:44:10,DANG_KY,250549,GEFC220105
2026-10-02 15:44:10,DANG_KY,250962,WEPR330479
2026-10-02 15:44:10,DANG_KY,250653,OPSY330280
2026-10-02 15:44:10,HUY_MON,250442,PHYS130902
2026-10-02 15:44:10,DANG_KY,250782,MALE431984
2026-10-02 15:44:10,DANG_KY,250201,SOEN330679
2026-10-02 15:44:10,DANG_KY,250200,WEPR330479
2026-10-02 15:44:10,DANG_KY,250619,EEEN234162
2026-10-02 15:44:10,DANG_KY,250442,ESYS431080
2026-10-02 15:44:10,DANG_KY,250149,MOPR331279
2026-10-02 15:44:10,DANG_KY,250948,OOPR230279
2026-10-02 15:44:10,DANG_KY,250655,INOT231780
2026-10-02 15:44:10,HUY_MON,250737,LLCT120405
2026-10-02 15:44:10,DANG_KY,250245,FOIT331380
2026-10-02 15:44:10,DANG_KY,250116,ARIN330585
2026-10-02 15:44:10,DANG_KY,250999,PRBE214262
2026-10-02 15:44:10,DANG_KY,250004,MATH132401
2026-10-02 15:44:10,DANG_KY,250551,SOEN330679
2026-10-02 15:44:10,DANG_KY,250862,MALE431984
2026-10-02 15:44:10,HUY_MON,250381,MATH143001
2026-10-02 15:44:10,HUY_MON,250543,PRBE214262
2026-10-02 15:44:10,DANG_KY,250457,IQMA220205
2026-10-02 15:44:10,DANG_KY,250592,LESK120190
2026-10-02 15:44:10,HUY_MON,250878,WEPR330479
2026-10-02 15:44:10,HUY_MON,250672,INSO321005
2026-10-02 15:44:10,DANG_KY,250868,INSE330380
2026-10-02 15:44:10,DANG_KY,250103,MATH143001
2026-10-02 15:44:10,DANG_KY,250870,CAAL230180
2026-10-02 15:44:10,DANG_KY,250897,LLCT120314
2026-10-02 15:44:10,DANG_KY,250376,IVNC320905
2026-10-02 15:44:10,HUY_MON,250452,DIGR240485
2026-10-02 15:44:10,DANG_KY,250288,PHYS130902
2026-10-02 15:44:10,DANG_KY,250427,GELA236939
2026-10-02 15:44:10,DANG_KY,250544,DIGR240485
2026-10-02 15:44:10,HUY_MON,250394,IPPA233277
2026-10-02 15:44:10,DANG_KY,250257,DBMS330284
2026-10-02 15:44:10,DANG_KY,250992,ESYS431080
2026-10-02 15:44:10,DANG_KY,250779,ENPS220591
2026-10-02 15:44:10,HUY_MON,250271,ECOM430984
2026-10-02 15:44:10,DANG_KY,250507,INPR140285
2026-10-02 15:44:10,DANG_KY,250082,DIGR240485
2026-10-02 15:44:10,DANG_KY,250341,FOIT331380
2026-10-02 15:44:10,HUY_MON,250358,ARIN330585
2026-10-02 15:44:10,HUY_MON,250983,INMA220305
2026-10-02 15:44:10,DANG_KY,250319,LLCT120314
2026-10-02 15:44:10,DANG_KY,250076,CAAL230180
2026-10-02 15:44:10,DANG_KY,250749,MOPR331279
2026-10-02 15:44:10,DANG_KY,250460,SPPR330885
2026-10-02 15:44:10,HUY_MON,250930,DIGR240485
2026-10-02 15:44:10,DANG_KY,250094,LLCT130105
2026-10-02 15:44:10,DANG_KY,250873,EEEN234162
2026-10-02 15:44:10,DANG_KY,250568,SPPR330885
2026-10-02 15:44:10,DANG_KY,250259,OPSY330280
2026-10-02 15:44:10,DANG_KY,250242,MATH132401
2026-10-02 15:44:10,HUY_MON,250873,EEEN234162
2026-10-02 15:44:10,DANG_KY,250093,DASA230179
2026-10-02 15:44:10,HUY_MON,250954,ARIN330585
2026-10-02 15:44:10,DANG_KY,250662,CAAL230180
2026-10-02 15:44:10,DANG_KY,250769,DBMS330284
2026-10-02 15:44:10,DANG_KY,250120,DIPR430685
2026-10-02 15:44:10,DANG_KY,250627,PRBE214262
2026-10-02 15:44:10,HUY_MON,250848,ENCS330537
2026-10-02 15:44:10,HUY_MON,250769,INOT231780
2026-10-02 15:44:10,DANG_KY,250853,PHYS111202
2026-10-02 15:44:10,DANG_KY,250092,OOPR230279
2026-10-02 15:44:10,DANG_KY,250863,INMA220305
2026-10-02 15:44:10,HUY_MON,250652,CAAL230180
2026-10-02 15:44:10,DANG_KY,250368,INSE330380
2026-10-02 15:44:10,DANG_KY,250769,INPR140285
2026-10-02 15:44:10,HUY_MON,250192,INLO220405
2026-10-02 15:44:10,DANG_KY,250804,LLCT120205
2026-10-02 15:44:10,DANG_KY,250063,CLCO332779
2026-10-02 15:44:10,DANG_KY,250598,MATH132401
2026-10-02 15:44:10,HUY_MON,250284,MATH132401
2026-10-02 15:44:10,HUY_MON,250446,IPPA233277
2026-10-02 15:44:10,DANG_KY,250362,IPPA233277
2026-10-02 15:44:10,DANG_KY,250893,ECOM430984
2026-10-02 15:44:10,DANG_KY,250636,MATH132901
2026-10-02 15:44:10,DANG_KY,250871,GELA236939
2026-10-02 15:44:10,HUY_MON,250103,MATH143001
2026-10-02 15:44:10,DANG_KY,250283,NEES330380
2026-10-02 15:44:10,DANG_KY,250338,LLCT120205
2026-10-02 15:44:10,DANG_KY,250050,IVNC320905
2026-10-02 15:44:10,DANG_KY,250581,GELA236939
2026-10-02 15:44:10,DANG_KY,250082,ARIN330585
2026-10-02 15:44:10,HUY_MON,250341,FOIT331380
2026-10-02 15:44:10,HUY_MON,250193,NEES330380
2026-10-02 15:44:10,HUY_MON,250862,MALE431984
2026-10-02 15:44:10,DANG_KY,250474,INLO220405
2026-10-02 15:44:10,DANG_KY,250845,OPSY330280
2026-10-02 15:44:10,DANG_KY,250658,INLO220405
2026-10-02 15:44:10,DANG_KY,250085,CLCO332779
2026-10-02 15:44:10,DANG_KY,250124,LLCT130105
2026-10-02 15:44:10,HUY_MON,250194,ESYS431080
2026-10-02 15:44:10,DANG_KY,250430,INSE330380
2026-10-02 15:44:10,DANG_KY,250953,PRBE214262
2026-10-02 15:44:10,DANG_KY,250796,LLCT130105
2026-10-02 15:44:10,DANG_KY,250119,GEFC220105
2026-10-02 15:44:10,DANG_KY,250478,INSE330380
2026-10-02 15:44:10,DANG_KY,250641,GEFC220105
2026-10-02 15:44:10,DANG_KY,250896,OOPR230279
2026-10-02 15:44:10,HUY_MON,250078,DIPR430685
2026-10-02 15:44:10,DANG_KY,250154,DIGR240485
2026-10-02 15:44:10,HUY_MON,250176,MALE431984
2026-10-02 15:44:10,DANG_KY,250554,WIPR230579
2026-10-02 15:44:10,HUY_MON,250047,MATH132501
2026-10-02 15:44:10,DANG_KY,250243,FOIT331380
2026-10-02 15:44:10,DANG_KY,250474,INSE330380
2026-10-02 15:44:10,DANG_KY,250805,MATH143001
2026-10-02 15:44:10,DANG_KY,250972,DIGR240485
2026-10-02 15:44:10,HUY_MON,250777,SOEN330679
2026-10-02 15:44:10,DANG_KY,250069,SOEN330679
2026-10-02 15:44:10,DANG_KY,250538,ESYS431080
2026-10-02 15:44:10,DANG_KY,250269,LLCT120405
2026-10-02 15:44:10,DANG_KY,250442,WEPR330479
2026-10-02 15:44:10,DANG_KY,250853,MATH143001
2026-10-02 15:44:10,HUY_MON,250098,MALE431984
2026-10-02 15:44:10,DANG_KY,250758,MATH132401
2026-10-02 15:44:10,DANG_KY,250841,DBMS330284
2026-10-02 15:44:10,HUY_MON,250397,INMA220305
2026-10-02 15:44:10,DANG_KY,250649,EEEN234162
2026-10-02 15:44:10,DANG_KY,250464,MATH132401
2026-10-02 15:44:10,HUY_MON,250750,MATH132901
2026-10-02 15:44:10,DANG_KY,250930,INIT130185
2026-10-02 15:44:10,DANG_KY,250637,INPR140285
2026-10-02 15:44:10,DANG_KY,250744,ARIN330585
2026-10-02 15:44:10,DANG_KY,250555,PRBE214262
2026-10-02 15:44:10,DANG_KY,250144,ENCS330537
2026-10-02 15:44:10,DANG_KY,250715,DBSY240184
2026-10-02 15:44:10,DANG_KY,250714,ARIN330585
2026-10-02 15:44:10,DANG_KY,250837,GEFC220105
2026-10-02 15:44:10,DANG_KY,250012,WIPR230579
2026-10-02 15:44:10,DANG_KY,250743,PHYS111202
2026-10-02 15:44:10,DANG_KY,250638,OOPR230279
2026-10-02 15:44:10,HUY_MON,250444,ARIN330585
2026-10-02 15:44:10,DANG_KY,250014,LLCT120205
2026-10-02 15:44:10,DANG_KY,250137,DBSY240184
2026-10-02 15:44:10,HUY_MON,250893,DASA230179
2026-10-02 15:44:10,DANG_KY,250881,OPSY330280
2026-10-02 15:44:10,DANG_KY,250688,INSE330380
2026-10-02 15:44:10,DANG_KY,250563,NEES330380
2026-10-02 15:44:10,DANG_KY,250864,INLO220405
2026-10-02 15:44:10,HUY_MON,250451,INOT231780
2026-10-02 15:44:10,DANG_KY,250357,MATH143001
2026-10-02 15:44:10,DANG_KY,250946,INSO321005
2026-10-02 15:44:10,DANG_KY,250621,PRTE230385
2026-10-02 15:44:10,DANG_KY,250634,LLCT220514
2026-10-02 15:44:10,DANG_KY,250813,INOT231780
2026-10-02 15:44:10,DANG_KY,250172,MATH132901
2026-10-02 15:44:10,DANG_KY,250165,LLCT120405
2026-10-02 15:44:10,DANG_KY,250836,LLCT220514
2026-10-02 15:44:10,DANG_KY,250655,MOPR331279
2026-10-02 15:44:10,HUY_MON,250421,OPSY330280
2026-10-02 15:44:10,HUY_MON,250458,INSE330380
2026-10-02 15:44:10,DANG_KY,250462,LESK120190
2026-10-02 15:44:10,HUY_MON,250841,DBMS330284
2026-10-02 15:44:10,DANG_KY,250077,IQMA220205
2026-10-02 15:44:10,DANG_KY,250858,LLCT130105
2026-10-02 15:44:10,HUY_MON,250372,ESYS431080
2026-10-02 15:44:10,DANG_KY,250784,DIPR430685
2026-10-02 15:44:10,DANG_KY,250843,GEFC220105
2026-10-02 15:44:10,HUY_MON,250714,ARIN330585
2026-10-02 15:44:10,HUY_MON,250278,MATH132401
2026-10-02 15:44:10,DANG_KY,250778,MATH132401
2026-10-02 15:44:10,DANG_KY,250069,INOT231780
2026-10-02 15:44:10,DANG_KY,250834,PHYS130902
2026-10-02 15:44:10,DANG_KY,250316,INIT130185
2026-10-02 15:44:10,DANG_KY,250295,PRTE230385
2026-10-02 15:44:10,HUY_MON,250033,IQMA220205
2026-10-02 15:44:10,HUY_MON,250014,LLCT120205
2026-10-02 15:44:10,DANG_KY,250570,CAAL230180
2026-10-02 15:44:10,HUY_MON,250729,MATH143001
2026-10-02 15:44:10,DANG_KY,250397,FOIT331380
2026-10-02 15:44:10,DANG_KY,250540,MALE431984
2026-10-02 15:44:10,DANG_KY,250821,DASA230179
2026-10-02 15:44:10,HUY_MON,250580,CAAL230180
2026-10-02 15:44:10,DANG_KY,250054,WEPR330479
2026-10-02 15:44:10,DANG_KY,250649,INOT231780
2026-10-02 15:44:10,DANG_KY,250920,INSE330380
2026-10-02 15:44:10,DANG_KY,250235,MOPR331279
2026-10-02 15:44:10,HUY_MON,250642,LLCT120205
2026-10-02 15:44:10,HUY_MON,250953,PRBE214262
2026-10-02 15:44:10,DANG_KY,250997,ECOM430984
2026-10-02 15:44:10,HUY_MON,250825,DASA230179
2026-10-02 15:44:10,DANG_KY,250637,PRBE214262
2026-10-02 15:44:10,DANG_KY,250450,ESYS431080
2026-10-02 15:44:10,DANG_KY,250093,LLCT120314
2026-10-02 15:44:10,HUY_MON,250219,DASA230179
2026-10-02 15:44:10,DANG_KY,250503,GELA236939
2026-10-02 15:44:10,DANG_KY,250094,PHYS130902
2026-10-02 15:44:10,DANG_KY,250145,LLCT120405
2026-10-02 15:44:10,DANG_KY,250488,DIPR430685
2026-10-02 15:44:10,DANG_KY,250115,INPR140285
2026-10-02 15:44:10,HUY_MON,250903,SOEN330679
2026-10-02 15:44:10,HUY_MON,250443,INPR140285
2026-10-02 15:44:10,DANG_KY,250183,EEEN234162
2026-10-02 15:44:10,DANG_KY,250166,DIPR430685
2026-10-02 15:44:10,DANG_KY,250673,GELA236939
2026-10-02 15:44:10,HUY_MON,250782,MALE431984
2026-10-02 15:44:10,HUY_MON,250911,PRBE214262
2026-10-02 15:44:10,DANG_KY,250195,ENPS220591
2026-10-02 15:44:10,HUY_MON,250773,CLCO332779
2026-10-02 15:44:10,DANG_KY,250663,INPR140285
2026-10-02 15:44:10,DANG_KY,250790,DIPR430685
2026-10-02 15:44:10,HUY_MON,250257,DBMS330284
2026-10-02 15:44:10,DANG_KY,250773,DBSY240184
2026-10-02 15:44:10,HUY_MON,250948,OOPR230279
2026-10-02 15:44:10,DANG_KY,250296,WIPR230579
2026-10-02 15:44:10,HUY_MON,250397,INPR140285
2026-10-02 15:44:10,HUY_MON,250975,DBSY240184
2026-10-02 15:44:10,DANG_KY,250963,PRTE230385
2026-10-02 15:44:10,DANG_KY,250114,LLCT220514
2026-10-02 15:44:10,DANG_KY,250693,MOPR331279
2026-10-02 15:44:10,DANG_KY,250980,DIPR430685
2026-10-02 15:44:10,DANG_KY,250759,ENPS220591
2026-10-02 15:44:10,DANG_KY,250646,IPPA233277
2026-10-02 15:44:10,DANG_KY,250369,INPR140285
2026-10-02 15:44:10,DANG_KY,250672,WEPR330479
2026-10-02 15:44:10,HUY_MON,250609,LLCT120405
2026-10-02 15:44:10,DANG_KY,250149,OPSY330280
2026-10-02 15:44:10,DANG_KY,250444,WOPS120390
2026-10-02 15:44:10,DANG_KY,250007,CLCO332779
2026-10-02 15:44:10,HUY_MON,250707,PRTE230385
2026-10-02 15:44:10,HUY_MON,250318,OOPR230279
2026-10-02 15:44:10,DANG_KY,250346,CAAL230180
2026-10-02 15:44:10,DANG_KY,250035,PRTE230385
2026-10-02 15:44:10,DANG_KY,250458,INSO321005
2026-10-02 15:44:10,HUY_MON,250200,WEPR330479
2026-10-02 15:44:10,DANG_KY,250324,MALE431984
2026-10-02 15:44:10,DANG_KY,250959,LLCT120405
2026-10-02 15:44:10,DANG_KY,250150,ESYS431080
2026-10-02 15:44:10,DANG_KY,250993,NEES330380
2026-10-02 15:44:10,DANG_KY,250313,INPR140285
2026-10-02 15:44:10,DANG_KY,250360,WEPR330479
2026-10-02 15:44:10,DANG_KY,250827,EEEN234162
2026-10-02 15:44:10,HUY_MON,250920,INSE330380
2026-10-02 15:44:10,DANG_KY,250292,IVNC320905
2026-10-02 15:44:10,DANG_KY,250295,SOEN330679
2026-10-02 15:44:10,DANG_KY,250060,MALE431984
2026-10-02 15:44:10,DANG_KY,250199,GEFC220105
2026-10-02 15:44:10,HUY_MON,250636,MATH132901
2026-10-02 15:44:10,DANG_KY,250624,INSE330380
2026-10-02 15:44:10,DANG_KY,250991,INMA220305
2026-10-02 15:44:10,DANG_KY,250190,CAAL230180
2026-10-02 15:44:10,DANG_KY,250545,INOT231780
2026-10-02 15:44:10,DANG_KY,250648,INSE330380
2026-10-02 15:44:10,HUY_MON,250762,INSO321005
2026-10-02 15:44:10,HUY_MON,250183,EEEN234162
2026-10-02 15:44:10,DANG_KY,250491,DBMS330284
2026-10-02 15:44:10,DANG_KY,250034,IPPA233277
2026-10-02 15:44:10,DANG_KY,250333,INMA220305
2026-10-02 15:44:10,DANG_KY,250402,CAAL230180
2026-10-02 15:44:10,DANG_KY,250133,GEFC220105
2026-10-02 15:44:10,HUY_MON,250137,DBSY240184
2026-10-02 15:44:10,HUY_MON,250077,IQMA220205
2026-10-02 15:44:10,DANG_KY,250753,OPSY330280
2026-10-02 15:44:10,DANG_KY,250640,LESK120190
2026-10-02 15:44:10,DANG_KY,250115,MOPR331279
2026-10-02 15:44:10,DANG_KY,250474,INIT130185
2026-10-02 15:44:10,DANG_KY,250101,PHYS111202
2026-10-02 15:44:10,HUY_MON,250676,INSO321005
2026-10-02 15:44:10,DANG_KY,250940,ENCS330537
2026-10-02 15:44:10,DANG_KY,250967,INPR140285
2026-10-02 15:44:10,DANG_KY,250230,LLCT120205
2026-10-02 15:44:10,HUY_MON,250586,LLCT130105
2026-10-02 15:44:10,DANG_KY,250340,IVNC320905
2026-10-02 15:44:10,DANG_KY,250373,OPSY330280
2026-10-02 15:44:10,HUY_MON,250673,GELA236939
2026-10-02 15:44:10,DANG_KY,250693,OPSY330280
2026-10-02 15:44:10,DANG_KY,250604,DIGR240485
2026-10-02 15:44:10,HUY_MON,250675,MATH143001
2026-10-02 15:44:10,HUY_MON,250658,INLO220405
2026-10-02 15:44:10,DANG_KY,250710,LLCT130105
2026-10-02 15:44:10,HUY_MON,250450,ESYS431080
2026-10-02 15:44:10,HUY_MON,250004,MATH132401
2026-10-02 15:44:10,DANG_KY,250288,MALE431984
2026-10-02 15:44:10,DANG_KY,250091,GEFC220105
2026-10-02 15:44:10,DANG_KY,250746,MATH132401
2026-10-02 15:44:10,DANG_KY,250915,DASA230179
2026-10-02 15:44:10,DANG_KY,250104,ESYS431080
2026-10-02 15:44:10,HUY_MON,250347,MATH132501
2026-10-02 15:44:10,HUY_MON,250386,INLO220405
2026-10-02 15:44:10,DANG_KY,250910,LESK120190
2026-10-02 15:44:10,DANG_KY,250673,INOT231780
2026-10-02 15:44:10,DANG_KY,250208,INIT130185
2026-10-02 15:44:10,HUY_MON,250740,MALE431984
2026-10-02 15:44:10,HUY_MON,250656,WEPR330479
2026-10-02 15:44:10,DANG_KY,250388,INSE330380
2026-10-02 15:44:10,DANG_KY,250175,DBMS330284
2026-10-02 15:44:10,DANG_KY,250342,LLCT220514
2026-10-02 15:44:10,DANG_KY,250145,PHYS111202
2026-10-02 15:44:10,HUY_MON,250888,IPPA233277
2026-10-02 15:44:10,DANG_KY,250076,WOPS120390
2026-10-02 15:44:10,DANG_KY,250191,PRBE214262
2026-10-02 15:44:10,DANG_KY,250924,LESK120190
2026-10-02 15:44:10,DANG_KY,250135,MOPR331279
2026-10-02 15:44:10,HUY_MON,250780,OOPR230279
2026-10-02 15:44:10,DANG_KY,250448,PHYS130902
2026-10-02 15:44:10,DANG_KY,250291,IQMA220205
2026-10-02 15:44:10,DANG_KY,250458,LLCT130105
2026-10-02 15:44:10,HUY_MON,250338,LLCT120205
2026-10-02 15:44:10,DANG_KY,250110,WIPR230579
2026-10-02 15:44:10,DANG_KY,250065,INOT231780
2026-10-02 15:44:10,HUY_MON,250872,ARIN330585
2026-10-02 15:44:10,DANG_KY,250820,LLCT220514
2026-10-02 15:44:10,DANG_KY,250397,MATH143001
2026-10-02 15:44:10,HUY_MON,250010,WEPR330479
2026-10-02 15:44:10,HUY_MON,250069,SOEN330679
2026-10-02 15:44:10,DANG_KY,250759,FOIT331380
2026-10-02 15:44:10,DANG_KY,250086,WOPS120390
2026-10-02 15:44:10,DANG_KY,250161,LLCT120405
2026-10-02 15:44:10,DANG_KY,250830,INLO220405
2026-10-02 15:44:10,DANG_KY,250681,NEES330380
2026-10-02 15:44:10,DANG_KY,250192,OOPR230279
2026-10-02 15:44:10,DANG_KY,250595,LLCT120405
2026-10-02 15:44:10,DANG_KY,250770,WEPR330479
2026-10-02 15:44:10,DANG_KY,250901,CLCO332779
2026-10-02 15:44:10,HUY_MON,250011,IQMA220205
2026-10-02 15:44:10,HUY_MON,250538,ESYS431080
2026-10-02 15:44:10,DANG_KY,250542,SPPR330885
2026-10-02 15:44:10,DANG_KY,250617,INPR140285
2026-10-02 15:44:10,HUY_MON,250360,WEPR330479
2026-10-02 15:44:10,DANG_KY,250354,ESYS431080
2026-10-02 15:44:10,DANG_KY,250421,INMA220305
2026-10-02 15:44:10,DANG_KY,250836,DIGR240485
2026-10-02 15:44:10,DANG_KY,250895,IQMA220205
2026-10-02 15:44:10,DANG_KY,250638,MALE431984
2026-10-02 15:44:10,HUY_MON,250645,NEES330380
2026-10-02 15:44:10,DANG_KY,250641,LLCT120405
2026-10-02 15:44:10,HUY_MON,250679,ECOM430984
2026-10-02 15:44:10,HUY_MON,250142,WIPR230579
2026-10-02 15:44:10,DANG_KY,250378,LLCT130105
2026-10-02 15:44:10,DANG_KY,250883,DBMS330284
2026-10-02 15:44:10,DANG_KY,250554,MATH132401
2026-10-02 15:44:10,HUY_MON,250301,PRBE214262
2026-10-02 15:44:10,DANG_KY,250753,MATH143001
2026-10-02 15:44:10,DANG_KY,250904,LLCT220514
2026-10-02 15:44:10,HUY_MON,250457,IQMA220205
2026-10-02 15:44:10,DANG_KY,250293,CLCO332779
2026-10-02 15:44:10,HUY_MON,250972,DIGR240485
2026-10-02 15:44:10,DANG_KY,250814,LESK120190
2026-10-02 15:44:10,DANG_KY,250337,FOIT331380
2026-10-02 15:44:10,HUY_MON,250245,FOIT331380
2026-10-02 15:44:10,DANG_KY,250545,LLCT120405
2026-10-02 15:44:10,HUY_MON,250293,CLCO332779
2026-10-02 15:44:10,HUY_MON,250015,LLCT120405
2026-10-02 15:44:10,DANG_KY,250019,GELA236939
2026-10-02 15:44:10,HUY_MON,250376,IVNC320905
2026-10-02 15:44:10,DANG_KY,250412,INLO220405
2026-10-02 15:44:10,DANG_KY,250343,PRTE230385
2026-10-02 15:44:10,DANG_KY,250822,DIPR430685
2026-10-02 15:44:10,DANG_KY,250505,ECOM430984
2026-10-02 15:44:10,HUY_MON,250211,GEFC220105
2026-10-02 15:44:10,DANG_KY,250151,MATH143001
2026-10-02 15:44:10,DANG_KY,250454,MATH132401
2026-10-02 15:44:10,DANG_KY,250841,PRTE230385
2026-10-02 15:44:10,DANG_KY,250398,IPPA233277
2026-10-02 15:44:10,HUY_MON,250119,DBMS330284
2026-10-02 15:44:10,DANG_KY,250307,INOT231780
2026-10-02 15:44:10,DANG_KY,250858,DIGR240485
2026-10-02 15:44:10,DANG_KY,250525,IQMA220205
2026-10-02 15:44:10,DANG_KY,250348,ESYS431080
2026-10-02 15:44:10,HUY_MON,250192,OOPR230279
2026-10-02 15:44:10,DANG_KY,250748,ENCS330537
2026-10-02 15:44:10,DANG_KY,250783,MATH132501
2026-10-02 15:44:10,DANG_KY,250382,OOPR230279
2026-10-02 15:44:10,DANG_KY,250009,DASA230179
2026-10-02 15:44:10,DANG_KY,250944,LESK120190
2026-10-02 15:44:10,DANG_KY,250387,GEFC220105
2026-10-02 15:44:10,HUY_MON,250186,MALE431984
2026-10-02 15:44:10,DANG_KY,250462,LLCT130105
2026-10-02 15:44:10,DANG_KY,250655,DASA230179
2026-10-02 15:44:10,HUY_MON,250022,ARIN330585
2026-10-02 15:44:10,DANG_KY,250266,IVNC320905
2026-10-02 15:44:10,DANG_KY,250219,INPR140285
2026-10-02 15:44:10,DANG_KY,250122,MALE431984
2026-10-02 15:44:10,DANG_KY,250045,MATH132501
2026-10-02 15:44:10,DANG_KY,250376,ESYS431080
2026-10-02 15:44:10,HUY_MON,250075,GELA236939
2026-10-02 15:44:10,DANG_KY,250423,INPR140285
2026-10-02 15:44:10,DANG_KY,250798,INSE330380
2026-10-02 15:44:10,DANG_KY,250881,GEFC220105
2026-10-02 15:44:10,HUY_MON,250493,INMA220305
2026-10-02 15:44:10,DANG_KY,250881,SOEN330679
2026-10-02 15:44:10,DANG_KY,250592,LLCT120205
2026-10-02 15:44:10,DANG_KY,250787,NEES330380
2026-10-02 15:44:10,DANG_KY,250186,WOPS120390
2026-10-02 15:44:10,HUY_MON,250688,INSE330380
2026-10-02 15:44:10,DANG_KY,250716,LLCT130105
2026-10-02 15:44:10,DANG_KY,250983,PRTE230385
2026-10-02 15:44:10,DANG_KY,250964,WEPR330479
2026-10-02 15:44:10,DANG_KY,250767,CLCO332779
2026-10-02 15:44:10,HUY_MON,250145,LLCT120405
2026-10-02 15:44:10,DANG_KY,250197,NEES330380
2026-10-02 15:44:10,DANG_KY,250732,ARIN330585
2026-10-02 15:44:10,DANG_KY,250247,PRBE214262
2026-10-02 15:44:10,HUY_MON,250373,OPSY330280
2026-10-02 15:44:10,DANG_KY,250897,PHYS111202
2026-10-02 15:44:10,DANG_KY,250470,IVNC320905
2026-10-02 15:44:10,DANG_KY,250393,DBMS330284
2026-10-02 15:44:10,HUY_MON,250129,GEFC220105
2026-10-02 15:44:10,HUY_MON,250224,SPPR330885
2026-10-02 15:44:10,HUY_MON,250235,MOPR331279
2026-10-02 15:44:10,DANG_KY,250999,IQMA220205
2026-10-02 15:44:10,DANG_KY,250694,ENCS330537
2026-10-02 15:44:10,DANG_KY,250153,ECOM430984
2026-10-02 15:44:10,HUY_MON,250319,INOT231780
2026-10-02 15:44:10,DANG_KY,250475,PRBE214262
2026-10-02 15:44:10,DANG_KY,250658,SPPR330885
2026-10-02 15:44:10,DANG_KY,250989,NEES330380
2026-10-02 15:44:10,DANG_KY,250460,PHYS130902
2026-10-02 15:44:10,DANG_KY,250615,MATH143001
2026-10-02 15:44:10,DANG_KY,250302,ESYS431080
2026-10-02 15:44:10,DANG_KY,250639,DASA230179
2026-10-02 15:44:10,DANG_KY,250030,MATH132401
2026-10-02 15:44:10,DANG_KY,250297,INPR140285
2026-10-02 15:44:10,DANG_KY,250520,ARIN330585
2026-10-02 15:44:10,DANG_KY,250763,LLCT120314
2026-10-02 15:44:10,HUY_MON,250617,INPR140285
2026-10-02 15:44:10,DANG_KY,250997,EEEN234162
2026-10-02 15:44:10,DANG_KY,250314,MALE431984
2026-10-02 15:44:10,DANG_KY,250421,DBMS330284
2026-10-02 15:44:10,DANG_KY,250420,IPPA233277
2026-10-02 15:44:10,HUY_MON,250114,LLCT220514
2026-10-02 15:44:10,DANG_KY,250830,OOPR230279
2026-10-02 15:44:10,DANG_KY,250001,LLCT120405
2026-10-02 15:44:10,DANG_KY,250296,MATH132401
2026-10-02 15:44:10,DANG_KY,250899,FOIT331380
2026-10-02 15:44:10,HUY_MON,250033,INMA220305
2026-10-02 15:44:10,DANG_KY,250237,CLCO332779
2026-10-02 15:44:10,DANG_KY,250668,WEPR330479
2026-10-02 15:44:10,DANG_KY,250543,IQMA220205
2026-10-02 15:44:10,DANG_KY,250838,WIPR230579
2026-10-02 15:44:10,DANG_KY,250129,LLCT120314
2026-10-02 15:44:10,DANG_KY,250920,ENCS330537
2026-10-02 15:44:10,HUY_MON,250638,MALE431984
2026-10-02 15:44:10,HUY_MON,250660,WIPR230579
2026-10-02 15:44:10,DANG_KY,250664,INSO321005
2026-10-02 15:44:10,DANG_KY,250675,DBMS330284
2026-10-02 15:44:10,DANG_KY,250578,SPPR330885
2026-10-02 15:44:10,DANG_KY,250091,DASA230179
2026-10-02 15:44:10,HUY_MON,250466,ESYS431080
2026-10-02 15:44:10,DANG_KY,250902,MATH132901
2026-10-02 15:44:10,DANG_KY,250385,LLCT120405
2026-10-02 15:44:10,DANG_KY,250680,WIPR230579
2026-10-02 15:44:10,DANG_KY,250875,IQMA220205
2026-10-02 15:44:10,DANG_KY,250858,INSE330380
2026-10-02 15:44:10,DANG_KY,250169,MOPR331279
2026-10-02 15:44:10,DANG_KY,250064,DIGR240485
2026-10-02 15:44:10,DANG_KY,250761,INOT231780
2026-10-02 15:44:10,DANG_KY,250486,WIPR230579
2026-10-02 15:44:10,DANG_KY,250641,PHYS111202
2026-10-02 15:44:10,DANG_KY,250712,INSE330380
2026-10-02 15:44:10,DANG_KY,250369,MATH143001
2026-10-02 15:44:10,DANG_KY,250144,INSO321005
2026-10-02 15:44:10,DANG_KY,250371,MOPR331279
2026-10-02 15:44:10,DANG_KY,250810,SPPR330885
2026-10-02 15:44:10,HUY_MON,250485,PRTE230385
2026-10-02 15:44:10,DANG_KY,250887,LLCT120314
2026-10-02 15:44:10,DANG_KY,250094,MATH132401
2026-10-02 15:44:10,DANG_KY,250143,PHYS111202
2026-10-02 15:44:10,HUY_MON,250094,PHYS130902
2026-10-02 15:44:10,HUY_MON,250378,LLCT130105
2026-10-02 15:44:10,HUY_MON,250988,WIPR230579
2026-10-02 15:44:10,DANG_KY,250272,WEPR330479
2026-10-02 15:44:10,DANG_KY,250267,MATH143001
2026-10-02 15:44:10,HUY_MON,250390,LLCT130105
2026-10-02 15:44:10,DANG_KY,250130,LLCT130105
2026-10-02 15:44:10,DANG_KY,250171,GELA236939
2026-10-02 15:44:10,HUY_MON,250226,ARIN330585
2026-10-02 15:44:10,DANG_KY,250214,INSE330380
2026-10-02 15:44:10,DANG_KY,250545,IQMA220205
2026-10-02 15:44:10,DANG_KY,250694,ESYS431080
2026-10-02 15:44:10,DANG_KY,250377,DBSY240184
2026-10-02 15:44:10,DANG_KY,250350,CAAL230180
2026-10-02 15:44:10,HUY_MON,250615,MATH143001
2026-10-02 15:44:10,DANG_KY,250379,DASA230179
2026-10-02 15:44:10,HUY_MON,250895,IQMA220205
2026-10-02 15:44:10,DANG_KY,250563,PHYS111202
2026-10-02 15:44:10,DANG_KY,250354,ENCS330537
2026-10-02 15:44:10,DANG_KY,250443,OPSY330280
2026-10-02 15:44:10,HUY_MON,250801,MOPR331279
2026-10-02 15:44:10,HUY_MON,250560,WOPS120390
2026-10-02 15:44:10,DANG_KY,250415,MATH132501
2026-10-02 15:44:10,DANG_KY,250206,LLCT120205
2026-10-02 15:44:10,HUY_MON,250638,OOPR230279
2026-10-02 15:44:10,DANG_KY,250474,ARIN330585
2026-10-02 15:44:10,DANG_KY,250093,LLCT120405
2026-10-02 15:44:10,DANG_KY,250220,LLCT220514
2026-10-02 15:44:10,HUY_MON,250069,DBSY240184
2026-10-02 15:44:10,HUY_MON,250488,DIPR430685
2026-10-02 15:44:10,DANG_KY,250164,LLCT220514
2026-10-02 15:44:10,DANG_KY,250383,LLCT120314
2026-10-02 15:44:10,DANG_KY,250994,IVNC320905
2026-10-02 15:44:10,HUY_MON,250208,INIT130185
2026-10-02 15:44:10,DANG_KY,250212,OOPR230279
2026-10-02 15:44:10,DANG_KY,250511,INMA220305
2026-10-02 15:44:10,DANG_KY,250246,INSO321005
2026-10-02 15:44:10,DANG_KY,250111,MATH143001
2026-10-02 15:44:10,DANG_KY,250980,ENCS330537
2026-10-02 15:44:10,HUY_MON,250864,INLO220405
2026-10-02 15:44:10,DANG_KY,250644,ESYS431080
2026-10-02 15:44:10,DANG_KY,250861,INPR140285
2026-10-02 15:44:10,DANG_KY,250452,INSE330380
2026-10-02 15:44:10,DANG_KY,250143,INOT231780
2026-10-02 15:44:10,DANG_KY,250044,ENCS330537
2026-10-02 15:44:10,DANG_KY,250079,PRTE230385
2026-10-02 15:44:10,HUY_MON,250421,INMA220305
2026-10-02 15:44:10,DANG_KY,250049,MATH132501
2026-10-02 15:44:10,HUY_MON,250439,INOT231780
2026-10-02 15:44:10,HUY_MON,250340,IVNC320905
2026-10-02 15:44:10,DANG_KY,250438,ARIN330585
2026-10-02 15:44:10,DANG_KY,250329,PHYS111202
2026-10-02 15:44:10,DANG_KY,250584,INSE330380
2026-10-02 15:44:10,HUY_MON,250999,PRBE214262
2026-10-02 15:44:10,DANG_KY,250835,DASA230179
2026-10-02 15:44:10,DANG_KY,250288,CAAL230180
2026-10-02 15:44:10,HUY_MON,250475,PRBE214262
2026-10-02 15:44:10,DANG_KY,250655,INPR140285
2026-10-02 15:44:10,HUY_MON,250061,INOT231780
2026-10-02 15:44:10,DANG_KY,250753,LLCT120314
2026-10-02 15:44:10,DANG_KY,250974,CAAL230180
2026-10-02 15:44:10,DANG_KY,250311,GEFC220105
2026-10-02 15:44:10,DANG_KY,250334,ARIN330585
2026-10-02 15:44:10,HUY_MON,250830,INLO220405
2026-10-02 15:44:10,DANG_KY,250922,MATH132901
2026-10-02 15:44:10,DANG_KY,250613,INPR140285
2026-10-02 15:44:10,DANG_KY,250036,WEPR330479
2026-10-02 15:44:10,DANG_KY,250223,GEFC220105
2026-10-02 15:44:10,HUY_MON,250694,ESYS431080
2026-10-02 15:44:10,DANG_KY,250394,INSO321005
2026-10-02 15:44:10,HUY_MON,250301,PRTE230385
2026-10-02 15:44:10,DANG_KY,250537,PRBE214262
2026-10-02 15:44:10,DANG_KY,250506,ESYS431080
2026-10-02 15:44:10,DANG_KY,250469,DBSY240184
2026-10-02 15:44:10,HUY_MON,250348,ESYS431080
2026-10-02 15:44:10,HUY_MON,250991,INMA220305
2026-10-02 15:44:10,DANG_KY,250147,ENPS220591
2026-10-02 15:44:10,DANG_KY,250746,MALE431984
2026-10-02 15:44:10,DANG_KY,250229,CLCO332779
2026-10-02 15:44:10,DANG_KY,250250,WOPS120390
2026-10-02 15:44:10,DANG_KY,250293,PRTE230385
2026-10-02 15:44:10,HUY_MON,250478,INSE330380
2026-10-02 15:44:10,HUY_MON,250485,FOIT331380
2026-10-02 15:44:10,DANG_KY,250897,DBMS330284
2026-10-02 15:44:10,DANG_KY,250480,WIPR230579
2026-10-02 15:44:10,DANG_KY,250307,NEES330380
2026-10-02 15:44:10,DANG_KY,250934,IVNC320905
2026-10-02 15:44:10,DANG_KY,250617,INOT231780
2026-10-02 15:44:10,DANG_KY,250544,ARIN330585
2026-10-02 15:44:10,DANG_KY,250475,INPR140285
2026-10-02 15:44:10,DANG_KY,250922,ENCS330537
2026-10-02 15:44:10,DANG_KY,250689,DBMS330284
2026-10-02 15:44:10,HUY_MON,250351,PHYS111202
2026-10-02 15:44:10,DANG_KY,250187,MOPR331279
2026-10-02 15:44:10,DANG_KY,250778,LESK120190
2026-10-02 15:44:10,HUY_MON,250681,NEES330380
2026-10-02 15:44:10,HUY_MON,250864,LLCT130105
2026-10-02 15:44:10,DANG_KY,250020,MATH132401
2026-10-02 15:44:10,DANG_KY,250503,PHYS111202
2026-10-02 15:44:10,HUY_MON,250261,PHYS111202
2026-10-02 15:44:10,DANG_KY,250687,DBSY240184
2026-10-02 15:44:10,DANG_KY,250550,MATH132901
2026-10-02 15:44:10,DANG_KY,250225,OPSY330280
2026-10-02 15:44:10,DANG_KY,250208,LLCT220514
2026-10-02 15:44:10,DANG_KY,250987,ENPS220591
2026-10-02 15:44:10,HUY_MON,250545,LLCT120405
2026-10-02 15:44:10,HUY_MON,250120,DIPR430685
2026-10-02 15:44:10,DANG_KY,250348,INIT130185
2026-10-02 15:44:10,DANG_KY,250471,SOEN330679
2026-10-02 15:44:10,DANG_KY,250246,IPPA233277
2026-10-02 15:44:10,HUY_MON,250060,MALE431984
2026-10-02 15:44:10,HUY_MON,250256,LESK120190
2026-10-02 15:44:10,DANG_KY,250488,OOPR230279
2026-10-02 15:44:10,HUY_MON,250350,CAAL230180
2026-10-02 15:44:10,DANG_KY,250674,DIPR430685
2026-10-02 15:44:10,DANG_KY,250989,DBSY240184
2026-10-02 15:44:10,DANG_KY,250566,DIGR240485
2026-10-02 15:44:10,DANG_KY,250473,MATH143001
2026-10-02 15:44:10,DANG_KY,250992,WEPR330479
2026-10-02 15:44:10,HUY_MON,250454,MATH132401
2026-10-02 15:44:10,DANG_KY,250810,INSE330380
2026-10-02 15:44:10,HUY_MON,250525,IQMA220205
2026-10-02 15:44:10,DANG_KY,250441,ECOM430984
2026-10-02 15:44:10,DANG_KY,250406,LLCT120205
2026-10-02 15:44:10,DANG_KY,250953,OPSY330280
2026-10-02 15:44:10,DANG_KY,250256,LLCT130105
2026-10-02 15:44:10,DANG_KY,250795,MATH132501
2026-10-02 15:44:10,DANG_KY,250906,SPPR330885
2026-10-02 15:44:10,DANG_KY,250453,NEES330380
2026-10-02 15:44:10,HUY_MON,250155,DBMS330284
2026-10-02 15:44:10,DANG_KY,250436,WEPR330479
2026-10-02 15:44:10,DANG_KY,250327,OPSY330280
2026-10-02 15:44:10,DANG_KY,250592,DIGR240485
2026-10-02 15:44:10,DANG_KY,250803,PRBE214262
2026-10-02 15:44:10,DANG_KY,250672,LLCT130105
2026-10-02 15:44:10,HUY_MON,250374,IPPA233277
2026-10-02 15:44:10,DANG_KY,250928,MATH132901
2026-10-02 15:44:10,DANG_KY,250233,MATH143001
2026-10-02 15:44:10,HUY_MON,250875,INOT231780
2026-10-02 15:44:10,HUY_MON,250830,OOPR230279
2026-10-02 15:44:10,HUY_MON,250746,MALE431984
2026-10-02 15:44:10,DANG_KY,250534,ESYS431080
2026-10-02 15:44:10,DANG_KY,250337,DBMS330284
2026-10-02 15:44:10,DANG_KY,250560,INLO220405
2026-10-02 15:44:10,HUY_MON,250324,MALE431984
2026-10-02 15:44:10,DANG_KY,250616,LESK120190
2026-10-02 15:44:10,DANG_KY,250683,FOIT331380
2026-10-02 15:44:10,HUY_MON,250337,DBMS330284
2026-10-02 15:44:10,DANG_KY,250469,DASA230179
2026-10-02 15:44:10,DANG_KY,250212,WIPR230579
2026-10-02 15:44:10,DANG_KY,250303,LLCT120314
2026-10-02 15:44:10,HUY_MON,250161,LLCT120405
2026-10-02 15:44:10,DANG_KY,250377,ECOM430984
2026-10-02 15:44:10,DANG_KY,250774,PHYS130902
2026-10-02 15:44:10,DANG_KY,250469,PRBE214262
2026-10-02 15:44:10,DANG_KY,250650,SPPR330885
2026-10-02 15:44:10,DANG_KY,250381,MATH143001
2026-10-02 15:44:10,DANG_KY,250036,INLO220405
2026-10-02 15:44:10,DANG_KY,250215,GELA236939
2026-10-02 15:44:10,HUY_MON,250165,LLCT120405
2026-10-02 15:44:10,DANG_KY,250961,MATH143001
2026-10-02 15:44:10,DANG_KY,250264,DIPR430685
2026-10-02 15:44:10,HUY_MON,250534,ESYS431080
2026-10-02 15:44:10,HUY_MON,250347,DASA230179
2026-10-02 15:44:10,DANG_KY,250703,SOEN330679
2026-10-02 15:44:10,HUY_MON,250997,EEEN234162
2026-10-02 15:44:10,DANG_KY,250937,INMA220305
2026-10-02 15:44:10,DANG_KY,250320,LESK120190
2026-10-02 15:44:10,HUY_MON,250779,ENPS220591
2026-10-02 15:44:10,DANG_KY,250943,CLCO332779
2026-10-02 15:44:10,DANG_KY,250926,MALE431984
2026-10-02 15:44:10,DANG_KY,250553,ENPS220591
2026-10-02 15:44:10,HUY_MON,250743,PHYS111202
2026-10-02 15:44:10,HUY_MON,250091,GEFC220105
2026-10-02 15:44:10,HUY_MON,250773,DBSY240184
2026-10-02 15:44:10,DANG_KY,250607,ENPS220591
2026-10-02 15:44:10,DANG_KY,250606,PHYS130902
2026-10-02 15:44:10,HUY_MON,250521,IQMA220205
2026-10-02 15:44:10,HUY_MON,250902,MATH132901
2026-10-02 15:44:10,DANG_KY,250842,MATH132901
2026-10-02 15:44:10,HUY_MON,250272,WEPR330479
2026-10-02 15:44:10,DANG_KY,250258,CAAL230180
2026-10-02 15:44:10,DANG_KY,250197,PRTE230385
2026-10-02 15:44:10,HUY_MON,250171,GELA236939
2026-10-02 15:44:10,DANG_KY,250711,PHYS111202
2026-10-02 15:44:10,DANG_KY,250008,DIGR240485
2026-10-02 15:44:10,DANG_KY,250419,ENPS220591
2026-10-02 15:44:10,DANG_KY,250522,MALE431984
2026-10-02 15:44:10,DANG_KY,250453,MATH143001
2026-10-02 15:44:10,DANG_KY,250132,WEPR330479
2026-10-02 15:44:10,DANG_KY,250965,PRBE214262
2026-10-02 15:44:10,DANG_KY,250724,PHYS130902
2026-10-02 15:44:10,DANG_KY,250991,IQMA220205
2026-10-02 15:44:10,HUY_MON,250998,MATH132901
2026-10-02 15:44:10,HUY_MON,250346,CAAL230180
2026-10-02 15:44:10,DANG_KY,250142,ARIN330585
2026-10-02 15:44:10,DANG_KY,250353,PRBE214262
2026-10-02 15:44:10,HUY_MON,250101,PHYS111202
2026-10-02 15:44:10,DANG_KY,250657,PRTE230385
2026-10-02 15:44:10,HUY_MON,250527,FOIT331380
2026-10-02 15:44:10,HUY_MON,250382,OOPR230279
2026-10-02 15:44:10,HUY_MON,250656,INSE330380
2026-10-02 15:44:10,DANG_KY,250548,IPPA233277
2026-10-02 15:44:10,DANG_KY,250127,PRBE214262
2026-10-02 15:44:10,DANG_KY,250870,LESK120190
2026-10-02 15:44:10,DANG_KY,250985,NEES330380
2026-10-02 15:44:10,DANG_KY,250928,INIT130185
2026-10-02 15:44:10,HUY_MON,250814,LESK120190
2026-10-02 15:44:10,DANG_KY,250458,CAAL230180
2026-10-02 15:44:10,DANG_KY,250373,NEES330380
2026-10-02 15:44:10,HUY_MON,250379,DASA230179
2026-10-02 15:44:10,HUY_MON,250053,DBSY240184
2026-10-02 15:44:10,DANG_KY,250641,ECOM430984
2026-10-02 15:44:10,HUY_MON,250166,DIPR430685
2026-10-02 15:44:10,DANG_KY,250818,WIPR230579
2026-10-02 15:44:10,HUY_MON,250710,LLCT130105
2026-10-02 15:44:10,HUY_MON,250680,WIPR230579
2026-10-02 15:44:10,DANG_KY,250074,INIT130185
2026-10-02 15:44:10,DANG_KY,250349,EEEN234162
2026-10-02 15:44:10,DANG_KY,250692,OOPR230279
2026-10-02 15:44:10,DANG_KY,250527,OPSY330280
2026-10-02 15:44:10,DANG_KY,250542,ARIN330585
2026-10-02 15:44:10,DANG_KY,250647,NEES330380
2026-10-02 15:44:10,DANG_KY,250350,IPPA233277
2026-10-02 15:44:10,DANG_KY,250945,SOEN330679
2026-10-02 15:44:10,DANG_KY,250294,WIPR230579
2026-10-02 15:44:10,HUY_MON,250604,DIGR240485
2026-10-02 15:44:10,HUY_MON,250423,INPR140285
2026-10-02 15:44:10,DANG_KY,250963,MATH143001
2026-10-02 15:44:10,DANG_KY,250258,ARIN330585
2026-10-02 15:44:10,DANG_KY,250907,INOT231780
2026-10-02 15:44:10,DANG_KY,250138,DIPR430685
2026-10-02 15:44:10,HUY_MON,250933,DBSY240184
2026-10-02 15:44:10,DANG_KY,250441,ENPS220591
2026-10-02 15:44:10,DANG_KY,250718,INSE330380
2026-10-02 15:44:10,DANG_KY,250929,GEFC220105
2026-10-02 15:44:10,DANG_KY,250280,SPPR330885
2026-10-02 15:44:10,DANG_KY,250723,PHYS111202
2026-10-02 15:44:10,DANG_KY,250992,CAAL230180
2026-10-02 15:44:10,DANG_KY,250275,INOT231780
2026-10-02 15:44:10,DANG_KY,250338,MALE431984
2026-10-02 15:44:10,DANG_KY,250029,DBMS330284
2026-10-02 15:44:10,DANG_KY,250244,OOPR230279
2026-10-02 15:44:10,HUY_MON,250018,CAAL230180
2026-10-02 15:44:10,DANG_KY,250974,WOPS120390
2026-10-02 15:44:10,DANG_KY,250127,MATH143001
2026-10-02 15:44:10,DANG_KY,250854,IVNC320905
2026-10-02 15:44:10,DANG_KY,250161,FOIT331380
2026-10-02 15:44:10,DANG_KY,250176,SPPR330885
2026-10-02 15:44:10,DANG_KY,250201,INPR140285
2026-10-02 15:44:10,DANG_KY,250736,LESK120190
2026-10-02 15:44:10,DANG_KY,250131,DBSY240184
2026-10-02 15:44:10,DANG_KY,250186,INSE330380
2026-10-02 15:44:10,DANG_KY,250021,SOEN330679
2026-10-02 15:44:10,HUY_MON,250595,LLCT120405
2026-10-02 15:44:10,DANG_KY,250047,FOIT331380
2026-10-02 15:44:10,DANG_KY,250814,WIPR230579
2026-10-02 15:44:10,DANG_KY,250185,ECOM430984
2026-10-02 15:44:10,DANG_KY,250448,INSE330380
2026-10-02 15:44:10,DANG_KY,250507,CLCO332779
2026-10-02 15:44:10,HUY_MON,250385,ENPS220591
2026-10-02 15:44:10,DANG_KY,250637,LLCT120314
2026-10-02 15:44:10,DANG_KY,250370,ESYS431080
2026-10-02 15:44:10,HUY_MON,250045,INMA220305
2026-10-02 15:44:10,DANG_KY,250777,MATH132501
2026-10-02 15:44:10,DANG_KY,250870,INLO220405
2026-10-02 15:44:10,DANG_KY,250729,SOEN330679
2026-10-02 15:44:10,DANG_KY,250280,ARIN330585
2026-10-02 15:44:10,DANG_KY,250427,SOEN330679
2026-10-02 15:44:10,DANG_KY,250698,PHYS130902
2026-10-02 15:44:10,DANG_KY,250165,DASA230179
2026-10-02 15:44:10,DANG_KY,250548,ENCS330537
2026-10-02 15:44:10,HUY_MON,250322,INSO321005
2026-10-02 15:44:10,DANG_KY,250998,DIPR430685
2026-10-02 15:44:10,HUY_MON,250294,WIPR230579
2026-10-02 15:44:10,DANG_KY,250754,INLO220405
2026-10-02 15:44:10,DANG_KY,250013,INPR140285
2026-10-02 15:44:10,DANG_KY,250076,MATH132901
2026-10-02 15:44:10,DANG_KY,250031,PRBE214262
2026-10-02 15:44:10,DANG_KY,250262,IPPA233277
2026-10-02 15:44:10,DANG_KY,250953,CLCO332779
2026-10-02 15:44:10,HUY_MON,250607,ENPS220591
2026-10-02 15:44:10,DANG_KY,250691,SOEN330679
2026-10-02 15:44:10,DANG_KY,250978,OOPR230279
2026-10-02 15:44:10,DANG_KY,250397,MATH132501
2026-10-02 15:44:10,DANG_KY,250652,INSO321005
2026-10-02 15:44:10,HUY_MON,250362,IPPA233277
2026-10-02 15:44:10,HUY_MON,250813,PHYS111202
2026-10-02 15:44:10,DANG_KY,250497,OPSY330280
2026-10-02 15:44:10,DANG_KY,250508,SPPR330885
2026-10-02 15:44:10,DANG_KY,250683,MATH132501
2026-10-02 15:44:10,DANG_KY,250898,DIPR430685
2026-10-02 15:44:10,HUY_MON,250664,INSO321005
2026-10-02 15:44:10,HUY_MON,250652,INSO321005
2026-10-02 15:44:10,DANG_KY,250880,WEPR330479
2026-10-02 15:44:10,DANG_KY,250707,LLCT120405
2026-10-02 15:44:10,DANG_KY,250850,ESYS431080
2026-10-02 15:44:10,DANG_KY,250493,MOPR331279
2026-10-02 15:44:10,DANG_KY,250530,MATH132901
2026-10-02 15:44:10,DANG_KY,250901,NEES330380
2026-10-02 15:44:10,HUY_MON,250554,MATH132401
2026-10-02 15:44:10,DANG_KY,250862,ARIN330585
2026-10-02 15:44:10,DANG_KY,250361,MATH132501
2026-10-02 15:44:10,HUY_MON,250279,PRBE214262
2026-10-02 15:44:10,DANG_KY,250443,EEEN234162
2026-10-02 15:44:10,DANG_KY,250466,ENCS330537
2026-10-02 15:44:10,DANG_KY,250949,DBSY240184
2026-10-02 15:44:10,DANG_KY,250956,WIPR230579
2026-10-02 15:44:10,DANG_KY,250271,ENPS220591
2026-10-02 15:44:10,DANG_KY,250732,ESYS431080
2026-10-02 15:44:10,DANG_KY,250567,ECOM430984
2026-10-02 15:44:10,DANG_KY,250957,IQMA220205
2026-10-02 15:44:10,DANG_KY,250644,INSE330380
2026-10-02 15:44:10,DANG_KY,250749,ENPS220591
2026-10-02 15:44:10,DANG_KY,250868,SPPR330885
2026-10-02 15:44:10,DANG_KY,250055,FOIT331380
2026-10-02 15:44:10,DANG_KY,250998,LLCT130105
2026-10-02 15:44:10,DANG_KY,250007,INMA220305
2026-10-02 15:44:10,HUY_MON,250307,INOT231780
2026-10-02 15:44:10,DANG_KY,250119,PRBE214262
2026-10-02 15:44:10,HUY_MON,250701,OPSY330280
2026-10-02 15:44:10,DANG_KY,250673,INMA220305
2026-10-02 15:44:10,DANG_KY,250672,PHYS130902
2026-10-02 15:44:10,DANG_KY,250795,PHYS111202
2026-10-02 15:44:10,DANG_KY,250794,OOPR230279
2026-10-02 15:44:10,DANG_KY,250293,DBMS330284
2026-10-02 15:44:10,DANG_KY,250804,SPPR330885
2026-10-02 15:44:10,HUY_MON,250858,INSE330380
2026-10-02 15:44:10,DANG_KY,250860,ESYS431080
2026-10-02 15:44:10,DANG_KY,250127,GELA236939
2026-10-02 15:44:10,DANG_KY,250988,IVNC320905
2026-10-02 15:44:10,DANG_KY,250927,NEES330380
2026-10-02 15:44:10,DANG_KY,250966,WIPR230579
2026-10-02 15:44:10,DANG_KY,250449,PRTE230385
2026-10-02 15:44:10,HUY_MON,250807,ECOM430984
2026-10-02 15:44:10,HUY_MON,250862,ARIN330585
2026-10-02 15:44:10,DANG_KY,250354,INLO220405
2026-10-02 15:44:10,HUY_MON,250820,LLCT220514
2026-10-02 15:44:10,DANG_KY,250528,DIPR430685
2026-10-02 15:44:10,DANG_KY,250025,DBSY240184
2026-10-02 15:44:10,DANG_KY,250272,DIGR240485
2026-10-02 15:44:10,DANG_KY,250235,DASA230179
2026-10-02 15:44:10,HUY_MON,250464,MATH132401
2026-10-02 15:44:10,DANG_KY,250790,ESYS431080
2026-10-02 15:44:10,DANG_KY,250497,NEES330380
2026-10-02 15:44:10,DANG_KY,250400,LLCT130105
2026-10-02 15:44:10,HUY_MON,250465,MATH132501
2026-10-02 15:44:10,HUY_MON,250229,INMA220305
2026-10-02 15:44:10,HUY_MON,250801,DBSY240184
2026-10-02 15:44:10,DANG_KY,250997,GEFC220105
2026-10-02 15:44:10,DANG_KY,250260,PHYS130902
2026-10-02 15:44:10,DANG_KY,250243,MATH132501
2026-10-02 15:44:10,DANG_KY,250362,MATH132901
2026-10-02 15:44:10,HUY_MON,250720,ENCS330537
2026-10-02 15:44:10,HUY_MON,250729,SOEN330679
2026-10-02 15:44:10,DANG_KY,250845,INOT231780
2026-10-02 15:44:10,DANG_KY,250116,ESYS431080
2026-10-02 15:44:10,DANG_KY,250309,MOPR331279
2026-10-02 15:44:10,DANG_KY,250716,MALE431984
2026-10-02 15:44:10,DANG_KY,250999,INMA220305
2026-10-02 15:44:10,HUY_MON,250230,LLCT120205
2026-10-02 15:44:10,DANG_KY,250674,ARIN330585
2026-10-02 15:44:10,DANG_KY,250949,INPR140285
2026-10-02 15:44:10,DANG_KY,250676,LLCT220514
2026-10-02 15:44:10,DANG_KY,250335,LLCT120314
2026-10-02 15:44:10,DANG_KY,250574,INSO321005
2026-10-02 15:44:10,DANG_KY,250249,DBMS330284
2026-10-02 15:44:10,DANG_KY,250536,WIPR230579
2026-10-02 15:44:10,HUY_MON,250711,PHYS111202
2026-10-02 15:44:10,DANG_KY,250451,MATH143001
2026-10-02 15:44:10,DANG_KY,250778,LLCT130105
2026-10-02 15:44:10,HUY_MON,250887,LLCT120314
2026-10-02 15:44:10,DANG_KY,250899,INPR140285
2026-10-02 15:44:10,HUY_MON,250649,EEEN234162
2026-10-02 15:44:10,DANG_KY,250613,PRTE230385
2026-10-02 15:44:10,DANG_KY,250474,LESK120190
2026-10-02 15:44:10,DANG_KY,250802,LLCT120205
2026-10-02 15:44:10,DANG_KY,250589,LLCT120405
2026-10-02 15:44:10,HUY_MON,250330,WIPR230579
2026-10-02 15:44:10,DANG_KY,250316,MATH132401
2026-10-02 15:44:10,DANG_KY,250959,EEEN234162
2026-10-02 15:44:10,HUY_MON,250274,SPPR330885
2026-10-02 15:44:10,DANG_KY,250028,MALE431984
2026-10-02 15:44:10,DANG_KY,250351,LLCT120314
2026-10-02 15:44:10,HUY_MON,250763,LLCT120314
2026-10-02 15:44:10,DANG_KY,250063,DBSY240184
2026-10-02 15:44:10,DANG_KY,250438,PHYS130902
2026-10-02 15:44:10,DANG_KY,250551,DBMS330284
2026-10-02 15:44:10,HUY_MON,250973,GEFC220105
2026-10-02 15:44:10,DANG_KY,250241,GEFC220105
2026-10-02 15:44:10,HUY_MON,250247,PRBE214262
2026-10-02 15:44:10,DANG_KY,250211,PHYS111202
2026-10-02 15:44:10,DANG_KY,250986,DIGR240485
2026-10-02 15:44:10,DANG_KY,250053,LLCT120314
2026-10-02 15:44:10,HUY_MON,250460,PHYS130902
2026-10-02 15:44:10,DANG_KY,250696,MATH132401
2026-10-02 15:44:10,DANG_KY,250345,PRBE214262
2026-10-02 15:44:10,HUY_MON,250767,CLCO332779
2026-10-02 15:44:10,DANG_KY,250155,INMA220305
2026-10-02 15:44:10,DANG_KY,250194,OOPR230279
2026-10-02 15:44:10,HUY_MON,250411,MATH132501
2026-10-02 15:44:10,DANG_KY,250837,LLCT120405
2026-10-02 15:44:10,DANG_KY,250492,WEPR330479
2026-10-02 15:44:10,DANG_KY,250239,MOPR331279
2026-10-02 15:44:10,HUY_MON,250509,LLCT120314
2026-10-02 15:44:10,DANG_KY,250697,SOEN330679
2026-10-02 15:44:10,HUY_MON,250111,MATH143001
2026-10-02 15:44:10,DANG_KY,250011,LLCT120314
2026-10-02 15:44:10,DANG_KY,250068,SPPR330885
2026-10-02 15:44:10,HUY_MON,250397,MATH143001
2026-10-02 15:44:10,DANG_KY,250153,CLCO332779
2026-10-02 15:44:10,HUY_MON,250280,ARIN330585
2026-10-02 15:44:10,DANG_KY,250100,DIPR430685
2026-10-02 15:44:10,DANG_KY,250447,MATH143001
2026-10-02 15:44:10,DANG_KY,250166,INSO321005
2026-10-02 15:44:10,HUY_MON,250777,MATH132501
2026-10-02 15:44:10,HUY_MON,250272,DIGR240485
2026-10-02 15:44:10,DANG_KY,250244,WOPS120390
2026-10-02 15:44:10,DANG_KY,250067,INMA220305
2026-10-02 15:44:10,DANG_KY,250958,MATH132901
2026-10-02 15:44:10,DANG_KY,250257,FOIT331380
2026-10-02 15:44:10,DANG_KY,250584,LESK120190
2026-10-02 15:44:10,DANG_KY,250969,ENPS220591
2026-10-02 15:44:10,HUY_MON,250703,SOEN330679
2026-10-02 15:44:10,DANG_KY,250481,LLCT120314
2026-10-02 15:44:10,HUY_MON,250211,PHYS111202
2026-10-02 15:44:10,DANG_KY,250351,MOPR331279
2026-10-02 15:44:10,DANG_KY,250742,LESK120190
2026-10-02 15:44:10,DANG_KY,250207,GELA236939
2026-10-02 15:44:10,HUY_MON,250013,CLCO332779
2026-10-02 15:44:10,DANG_KY,250649,LLCT120314
2026-10-02 15:44:10,HUY_MON,250764,INIT130185
2026-10-02 15:44:10,DANG_KY,250478,INSO321005
2026-10-02 15:44:10,HUY_MON,250716,MALE431984
2026-10-02 15:44:10,HUY_MON,250246,IPPA233277
2026-10-02 15:44:10,HUY_MON,250441,ECOM430984
2026-10-02 15:44:10,DANG_KY,250699,DBSY240184
2026-10-02 15:44:10,DANG_KY,250744,LESK120190
2026-10-02 15:44:10,DANG_KY,250155,ECOM430984
2026-10-02 15:44:10,DANG_KY,250912,ARIN330585
2026-10-02 15:44:10,HUY_MON,250998,LLCT130105
2026-10-02 15:44:10,DANG_KY,250594,INLO220405
2026-10-02 15:44:10,DANG_KY,250349,DBSY240184
2026-10-02 15:44:10,HUY_MON,250370,ESYS431080
2026-10-02 15:44:10,DANG_KY,250894,LESK120190
2026-10-02 15:44:10,DANG_KY,250543,INMA220305
2026-10-02 15:44:10,HUY_MON,250291,ENPS220591
2026-10-02 15:44:10,DANG_KY,250461,ECOM430984
2026-10-02 15:44:10,DANG_KY,250108,LLCT120205
2026-10-02 15:44:10,HUY_MON,250650,SPPR330885
2026-10-02 15:44:10,DANG_KY,250670,PHYS130902
2026-10-02 15:44:10,DANG_KY,250049,ENPS220591
2026-10-02 15:44:10,DANG_KY,250344,DIPR430685
2026-10-02 15:44:10,DANG_KY,250915,GELA236939
2026-10-02 15:44:10,DANG_KY,250466,PHYS130902
2026-10-02 15:44:10,DANG_KY,250821,MOPR331279
2026-10-02 15:44:10,DANG_KY,250276,LLCT130105
2026-10-02 15:44:10,DANG_KY,250263,LLCT120405
2026-10-02 15:44:10,HUY_MON,250797,ENPS220591
2026-10-02 15:44:10,DANG_KY,250961,OPSY330280
2026-10-02 15:44:10,HUY_MON,250152,INSE330380
2026-10-02 15:44:10,DANG_KY,250612,IVNC320905
2026-10-02 15:44:10,DANG_KY,250271,OPSY330280
2026-10-02 15:44:10,HUY_MON,250957,IQMA220205
2026-10-02 15:44:10,DANG_KY,250417,OPSY330280
2026-10-02 15:44:10,DANG_KY,250752,DIGR240485
2026-10-02 15:44:10,DANG_KY,250347,CLCO332779
2026-10-02 15:44:10,DANG_KY,250506,LESK120190
2026-10-02 15:44:10,HUY_MON,250451,MATH143001
2026-10-02 15:44:10,HUY_MON,250135,MOPR331279
2026-10-02 15:44:10,DANG_KY,250943,SOEN330679
2026-10-02 15:44:10,HUY_MON,250523,GEFC220105
2026-10-02 15:44:10,DANG_KY,250215,DASA230179
2026-10-02 15:44:10,HUY_MON,250475,INPR140285
2026-10-02 15:44:10,DANG_KY,250911,DBMS330284
2026-10-02 15:44:10,DANG_KY,250174,WOPS120390
2026-10-02 15:44:10,DANG_KY,250561,LLCT120405
2026-10-02 15:44:10,DANG_KY,250504,INSE330380
2026-10-02 15:44:10,HUY_MON,250342,LLCT220514
2026-10-02 15:44:10,DANG_KY,250098,PHYS130902
2026-10-02 15:44:10,DANG_KY,250949,GELA236939
2026-10-02 15:44:10,DANG_KY,250526,SPPR330885
2026-10-02 15:44:10,HUY_MON,250153,ECOM430984
2026-10-02 15:44:10,DANG_KY,250365,LLCT120405
2026-10-02 15:44:10,DANG_KY,250594,DIPR430685
2026-10-02 15:44:10,HUY_MON,250672,LLCT130105
2026-10-02 15:44:10,HUY_MON,250795,MATH132501
2026-10-02 15:44:10,DANG_KY,250895,LLCT120314
2026-10-02 15:44:10,DANG_KY,250278,MATH132901
2026-10-02 15:44:10,HUY_MON,250377,ECOM430984
2026-10-02 15:44:10,HUY_MON,250438,PHYS130902
2026-10-02 15:44:10,HUY_MON,250553,PHYS111202
2026-10-02 15:44:10,HUY_MON,250528,DIPR430685
2026-10-02 15:44:10,DANG_KY,250996,DIGR240485
2026-10-02 15:44:10,DANG_KY,250135,EEEN234162
2026-10-02 15:44:10,DANG_KY,250126,INIT130185
2026-10-02 15:44:10,HUY_MON,250980,ENCS330537
2026-10-02 15:44:10,DANG_KY,250312,MATH132401
2026-10-02 15:44:10,DANG_KY,250711,MATH143001
2026-10-02 15:44:10,DANG_KY,250718,INLO220405
2026-10-02 15:44:10,DANG_KY,250849,INMA220305
2026-10-02 15:44:10,DANG_KY,250480,IVNC320905
2026-10-02 15:44:10,DANG_KY,250235,DBSY240184
2026-10-02 15:44:10,DANG_KY,250064,CAAL230180
2026-10-02 15:44:10,DANG_KY,250551,PRBE214262
2026-10-02 15:44:10,HUY_MON,250761,INOT231780
2026-10-02 15:44:10,DANG_KY,250669,ENPS220591
2026-10-02 15:44:10,DANG_KY,250508,IVNC320905
2026-10-02 15:44:10,HUY_MON,250088,ENCS330537
2026-10-02 15:44:10,DANG_KY,250084,WIPR230579
2026-10-02 15:44:10,DANG_KY,250639,LLCT120405
2026-10-02 15:44:10,DANG_KY,250926,INSE330380
2026-10-02 15:44:10,DANG_KY,250105,INOT231780
2026-10-02 15:44:10,DANG_KY,250952,INSE330380
2026-10-02 15:44:10,DANG_KY,250027,CLCO332779
2026-10-02 15:44:10,HUY_MON,250560,INLO220405
2026-10-02 15:44:10,HUY_MON,250436,WEPR330479
2026-10-02 15:44:10,DANG_KY,250488,ENCS330537
2026-10-02 15:44:10,DANG_KY,250115,DBSY240184
2026-10-02 15:44:10,HUY_MON,250993,NEES330380
2026-10-02 15:44:10,DANG_KY,250469,IQMA220205
2026-10-02 15:44:10,HUY_MON,250987,ENPS220591
2026-10-02 15:44:10,DANG_KY,250047,INMA220305
2026-10-02 15:44:10,HUY_MON,250229,CLCO332779
2026-10-02 15:44:10,DANG_KY,250509,INMA220305
2026-10-02 15:44:10,DANG_KY,250586,INSE330380
2026-10-02 15:44:10,DANG_KY,250493,INOT231780
2026-10-02 15:44:10,HUY_MON,250585,IQMA220205
2026-10-02 15:44:10,DANG_KY,250477,PRTE230385
2026-10-02 15:44:10,HUY_MON,250985,NEES330380
2026-10-02 15:44:10,HUY_MON,250810,SPPR330885
2026-10-02 15:44:10,DANG_KY,250166,IVNC320905
2026-10-02 15:44:10,DANG_KY,250457,EEEN234162
2026-10-02 15:44:10,HUY_MON,250837,GEFC220105
2026-10-02 15:44:10,HUY_MON,250698,PHYS130902
2026-10-02 15:44:10,HUY_MON,250206,LLCT120205
2026-10-02 15:44:10,DANG_KY,250466,LESK120190
2026-10-02 15:44:10,HUY_MON,250669,ENPS220591
2026-10-02 15:44:10,DANG_KY,250057,PHYS111202
2026-10-02 15:44:10,HUY_MON,250112,ESYS431080
2026-10-02 15:44:10,HUY_MON,250922,ENCS330537
2026-10-02 15:44:10,DANG_KY,250254,INSO321005
2026-10-02 15:44:10,DANG_KY,250145,LLCT120405
2026-10-02 15:44:10,HUY_MON,250021,SOEN330679
2026-10-02 15:44:10,DANG_KY,250673,LLCT120405
2026-10-02 15:44:10,HUY_MON,250415,MATH132501
2026-10-02 15:44:10,HUY_MON,250771,GEFC220105
2026-10-02 15:44:10,DANG_KY,250431,FOIT331380
2026-10-02 15:44:10,DANG_KY,250374,DIPR430685
2026-10-02 15:44:10,DANG_KY,250977,MATH143001
2026-10-02 15:44:10,HUY_MON,250627,PRBE214262
2026-10-02 15:44:10,DANG_KY,250295,NEES330380
2026-10-02 15:44:10,HUY_MON,250149,OPSY330280
2026-10-02 15:44:10,DANG_KY,250241,SOEN330679
2026-10-02 15:44:10,DANG_KY,250032,INLO220405
2026-10-02 15:44:10,DANG_KY,250887,LLCT120405
2026-10-02 15:44:10,DANG_KY,250996,INSE330380
2026-10-02 15:44:10,HUY_MON,250754,INLO220405
2026-10-02 15:44:10,DANG_KY,250838,LLCT220514
2026-10-02 15:44:10,HUY_MON,250207,GELA236939
2026-10-02 15:44:10,HUY_MON,250208,LLCT220514
2026-10-02 15:44:10,DANG_KY,250020,PHYS130902
2026-10-02 15:44:10,DANG_KY,250671,LLCT120314
2026-10-02 15:44:10,HUY_MON,250123,INPR140285
2026-10-02 15:44:10,DANG_KY,250545,DASA230179
2026-10-02 15:44:10,HUY_MON,250795,PHYS111202
2026-10-02 15:44:10,DANG_KY,250975,ECOM430984
2026-10-02 15:44:10,DANG_KY,250054,LLCT130105
2026-10-02 15:44:10,DANG_KY,250041,SOEN330679
2026-10-02 15:44:10,DANG_KY,250936,OOPR230279
2026-10-02 15:44:10,DANG_KY,250067,FOIT331380
2026-10-02 15:44:10,DANG_KY,250590,SPPR330885
2026-10-02 15:44:10,DANG_KY,250759,MOPR331279
2026-10-02 15:44:10,DANG_KY,250406,WIPR230579
2026-10-02 15:44:10,DANG_KY,250505,EEEN234162
2026-10-02 15:44:10,HUY_MON,250927,NEES330380
2026-10-02 15:44:10,DANG_KY,250459,DBSY240184
2026-10-02 15:44:10,DANG_KY,250858,CAAL230180
2026-10-02 15:44:10,DANG_KY,250611,EEEN234162
2026-10-02 15:44:10,DANG_KY,250546,IVNC320905
2026-10-02 15:44:10,DANG_KY,250817,PRTE230385
2026-10-02 15:44:10,HUY_MON,250983,DBSY240184
2026-10-02 15:44:10,DANG_KY,250015,CLCO332779
2026-10-02 15:44:10,DANG_KY,250734,DIGR240485
2026-10-02 15:44:10,DANG_KY,250681,PRBE214262
2026-10-02 15:44:10,DANG_KY,250704,DIGR240485
2026-10-02 15:44:10,DANG_KY,250443,ENPS220591
2026-10-02 15:44:10,DANG_KY,250802,MATH132901
2026-10-02 15:44:10,HUY_MON,250544,ARIN330585
2026-10-02 15:44:10,HUY_MON,250404,WOPS120390
2026-10-02 15:44:10,DANG_KY,250072,MALE431984
2026-10-02 15:44:10,DANG_KY,250155,MOPR331279
2026-10-02 15:44:10,DANG_KY,250018,WOPS120390
2026-10-02 15:44:10,HUY_MON,250142,ARIN330585
2026-10-02 15:44:10,DANG_KY,250122,CAAL230180
2026-10-02 15:44:10,DANG_KY,250501,PRBE214262
2026-10-02 15:44:10,DANG_KY,250828,INSE330380
2026-10-02 15:44:10,HUY_MON,250697,SOEN330679
2026-10-02 15:44:10,DANG_KY,250843,ENPS220591
2026-10-02 15:44:10,DANG_KY,250688,WIPR230579
2026-10-02 15:44:10,HUY_MON,250244,WOPS120390
2026-10-02 15:44:10,DANG_KY,250030,IPPA233277
2026-10-02 15:44:10,HUY_MON,250047,FOIT331380
2026-10-02 15:44:10,DANG_KY,250491,ECOM430984
2026-10-02 15:44:10,DANG_KY,250842,LESK120190
2026-10-02 15:44:10,DANG_KY,250021,SOEN330679
2026-10-02 15:44:10,HUY_MON,250219,INPR140285
2026-10-02 15:44:10,DANG_KY,250735,PRTE230385
2026-10-02 15:44:10,DANG_KY,250278,INSE330380
2026-10-02 15:44:10,DANG_KY,250817,GEFC220105
2026-10-02 15:44:10,DANG_KY,250128,LLCT120205
2026-10-02 15:44:10,DANG_KY,250443,INPR140285
2026-10-02 15:44:10,DANG_KY,250138,LLCT130105
2026-10-02 15:44:10,DANG_KY,250333,ENPS220591
2026-10-02 15:44:10,DANG_KY,250324,WIPR230579
2026-10-02 15:44:10,DANG_KY,250437,PRBE214262
2026-10-02 15:44:10,HUY_MON,250504,INSE330380
2026-10-02 15:44:10,DANG_KY,250236,INSE330380
2026-10-02 15:44:10,DANG_KY,250495,SOEN330679
2026-10-02 15:44:10,DANG_KY,250886,DIPR430685
2026-10-02 15:44:10,DANG_KY,250665,INPR140285
2026-10-02 15:44:10,DANG_KY,250432,WEPR330479
2026-10-02 15:44:10,DANG_KY,250561,LLCT120314
2026-10-02 15:44:10,DANG_KY,250147,SOEN330679
2026-10-02 15:44:10,DANG_KY,250226,MALE431984
2026-10-02 15:44:10,HUY_MON,250290,DIPR430685
2026-10-02 15:44:10,DANG_KY,250702,MATH132401
2026-10-02 15:44:10,DANG_KY,250391,NEES330380
2026-10-02 15:44:10,DANG_KY,250910,CAAL230180
2026-10-02 15:44:10,DANG_KY,250577,INPR140285
2026-10-02 15:44:10,DANG_KY,250688,WOPS120390
2026-10-02 15:44:10,DANG_KY,250623,DBMS330284
2026-10-02 15:44:10,DANG_KY,250526,DIGR240485
2026-10-02 15:44:10,HUY_MON,250759,CLCO332779
2026-10-02 15:44:10,DANG_KY,250599,GELA236939
2026-10-02 15:44:10,HUY_MON,250069,GELA236939
2026-10-02 15:44:10,HUY_MON,250146,INIT130185
2026-10-02 15:44:10,DANG_KY,250034,LLCT220514
2026-10-02 15:44:10,DANG_KY,250389,DASA230179
2026-10-02 15:44:10,DANG_KY,250036,MATH132401
2026-10-02 15:44:10,DANG_KY,250071,INOT231780
2026-10-02 15:44:10,HUY_MON,250692,OOPR230279
2026-10-02 15:44:10,DANG_KY,250974,MALE431984
2026-10-02 15:44:10,DANG_KY,250665,ECOM430984
2026-10-02 15:44:10,DANG_KY,250928,WIPR230579
2026-10-02 15:44:10,HUY_MON,250076,MATH132901
2026-10-02 15:44:10,DANG_KY,250152,INSE330380
2026-10-02 15:44:10,DANG_KY,250195,LLCT120405
2026-10-02 15:44:10,DANG_KY,250250,INLO220405
2026-10-02 15:44:10,DANG_KY,250549,INOT231780
2026-10-02 15:44:10,DANG_KY,250164,WIPR230579
2026-10-02 15:44:10,HUY_MON,250930,INIT130185
2026-10-02 15:44:10,DANG_KY,250852,DIGR240485
2026-10-02 15:44:10,DANG_KY,250965,DBMS330284
2026-10-02 15:44:10,DANG_KY,250020,LESK120190
2026-10-02 15:44:10,HUY_MON,250138,LLCT130105
2026-10-02 15:44:10,DANG_KY,250012,LLCT120205
2026-10-02 15:44:10,HUY_MON,250459,DBSY240184
2026-10-02 15:44:10,DANG_KY,250071,PRBE214262
2026-10-02 15:44:10,HUY_MON,250069,INOT231780
2026-10-02 15:44:10,DANG_KY,250833,GEFC220105
2026-10-02 15:44:10,DANG_KY,250664,PHYS130902
2026-10-02 15:44:10,HUY_MON,250150,ESYS431080
2026-10-02 15:44:10,DANG_KY,250802,LLCT130105
2026-10-02 15:44:10,DANG_KY,250885,DBMS330284
2026-10-02 15:44:10,DANG_KY,250412,ESYS431080
2026-10-02 15:44:10,DANG_KY,250293,GEFC220105
2026-10-02 15:44:10,DANG_KY,250380,MALE431984
2026-10-02 15:44:10,DANG_KY,250647,ECOM430984
2026-10-02 15:44:10,DANG_KY,250758,DIGR240485
2026-10-02 15:44:10,HUY_MON,250492,WEPR330479
2026-10-02 15:44:10,HUY_MON,250965,PRBE214262
2026-10-02 15:44:10,HUY_MON,250361,MATH132501
2026-10-02 15:44:10,DANG_KY,250797,GELA236939
2026-10-02 15:44:10,DANG_KY,250772,WIPR230579
2026-10-02 15:44:10,DANG_KY,250783,LLCT120314
2026-10-02 15:44:10,HUY_MON,250212,WIPR230579
2026-10-02 15:44:10,HUY_MON,250383,LLCT120314
2026-10-02 15:44:10,HUY_MON,250537,PRBE214262
2026-10-02 15:44:10,DANG_KY,250387,SOEN330679
2026-10-02 15:44:10,DANG_KY,250021,ENPS220591
2026-10-02 15:44:10,DANG_KY,250124,OOPR230279
2026-10-02 15:44:10,DANG_KY,250013,INOT231780
2026-10-02 15:44:10,DANG_KY,250764,ARIN330585
2026-10-02 15:44:10,HUY_MON,250031,PRBE214262
2026-10-02 15:44:10,HUY_MON,250870,INLO220405
2026-10-02 15:44:10,DANG_KY,250634,ESYS431080
2026-10-02 15:44:10,HUY_MON,250613,INPR140285
2026-10-02 15:44:10,HUY_MON,250385,LLCT120405
2026-10-02 15:44:10,DANG_KY,250765,OPSY330280
2026-10-02 15:44:10,DANG_KY,250797,EEEN234162
2026-10-02 15:44:10,DANG_KY,250876,LLCT130105
2026-10-02 15:44:10,HUY_MON,250658,SPPR330885
2026-10-02 15:44:10,DANG_KY,250126,MALE431984
2026-10-02 15:44:10,DANG_KY,250409,LLCT120314
2026-10-02 15:44:10,HUY_MON,250711,MATH143001
2026-10-02 15:44:10,DANG_KY,250507,INOT231780
2026-10-02 15:44:10,DANG_KY,250954,SPPR330885
2026-10-02 15:44:10,DANG_KY,250093,SOEN330679
2026-10-02 15:44:10,DANG_KY,250692,LESK120190
2026-10-02 15:44:10,DANG_KY,250167,CLCO332779
2026-10-02 15:44:10,HUY_MON,250619,EEEN234162
2026-10-02 15:44:10,DANG_KY,250207,ENPS220591
2026-10-02 15:44:10,DANG_KY,250234,DIPR430685
2026-10-02 15:44:10,DANG_KY,250045,SOEN330679
2026-10-02 15:44:10,DANG_KY,250500,INLO220405
2026-10-02 15:44:10,HUY_MON,250391,PHYS111202
2026-10-02 15:44:10,DANG_KY,250763,MOPR331279
2026-10-02 15:44:10,HUY_MON,250129,LLCT120314
2026-10-02 15:44:10,DANG_KY,250837,DBMS330284
2026-10-02 15:44:10,HUY_MON,250803,PRBE214262
2026-10-02 15:44:10,DANG_KY,250023,DASA230179
2026-10-02 15:44:10,DANG_KY,250430,WIPR230579
2026-10-02 15:44:10,DANG_KY,250905,ENPS220591
2026-10-02 15:44:10,DANG_KY,250520,LLCT120205
2026-10-02 15:44:10,DANG_KY,250383,OPSY330280
2026-10-02 15:44:10,DANG_KY,250030,ARIN330585
2026-10-02 15:44:10,DANG_KY,250573,FOIT331380
2026-10-02 15:44:10,DANG_KY,250514,LESK120190
2026-10-02 15:44:10,HUY_MON,250630,DIGR240485
2026-10-02 15:44:10,HUY_MON,250126,LESK120190
2026-10-02 15:44:10,DANG_KY,250578,MATH132401
2026-10-02 15:44:10,DANG_KY,250597,EEEN234162
2026-10-02 15:44:10,DANG_KY,250778,IVNC320905
2026-10-02 15:44:10,DANG_KY,250533,LLCT120314
2026-10-02 15:44:10,DANG_KY,250812,LLCT120205
2026-10-02 15:44:10,HUY_MON,250362,MATH132901
2026-10-02 15:44:10,DANG_KY,250582,LLCT220514
2026-10-02 15:44:10,DANG_KY,250953,MATH143001
2026-10-02 15:44:10,DANG_KY,250328,ENCS330537
2026-10-02 15:44:10,DANG_KY,250723,LLCT120314
2026-10-02 15:44:10,DANG_KY,250098,INSO321005
2026-10-02 15:44:10,DANG_KY,250149,LLCT120314
2026-10-02 15:44:10,DANG_KY,250372,IPPA233277
2026-10-02 15:44:10,HUY_MON,250570,CAAL230180
2026-10-02 15:44:10,DANG_KY,250118,LLCT130105
2026-10-02 15:44:10,HUY_MON,250764,ARIN330585
2026-10-02 15:44:10,HUY_MON,250943,CLCO332779
2026-10-02 15:44:10,HUY_MON,250086,WOPS120390
2026-10-02 15:44:10,DANG_KY,250066,WEPR330479
2026-10-02 15:44:10,HUY_MON,250944,LESK120190
2026-10-02 15:44:10,DANG_KY,250228,INIT130185
2026-10-02 15:44:10,DANG_KY,250487,SOEN330679
2026-10-02 15:44:10,DANG_KY,250494,IPPA233277
2026-10-02 15:44:10,HUY_MON,250466,LESK120190
2026-10-02 15:44:10,DANG_KY,250878,MALE431984
2026-10-02 15:44:10,DANG_KY,250817,NEES330380
2026-10-02 15:44:10,DANG_KY,250832,MATH132901
2026-10-02 15:44:10,HUY_MON,250719,LLCT120314
2026-10-02 15:44:10,HUY_MON,250044,ENCS330537
2026-10-02 15:44:10,DANG_KY,250560,INLO220405
2026-10-02 15:44:10,HUY_MON,250412,ESYS431080
2026-10-02 15:44:10,HUY_MON,250794,OOPR230279
2026-10-02 15:44:10,DANG_KY,250974,ENCS330537
2026-10-02 15:44:10,DANG_KY,250057,LLCT120314
2026-10-02 15:44:10,DANG_KY,250592,MALE431984
2026-10-02 15:44:10,DANG_KY,250355,INPR140285
2026-10-02 15:44:10,DANG_KY,250802,CAAL230180
2026-10-02 15:44:10,DANG_KY,250933,INMA220305
2026-10-02 15:44:10,HUY_MON,250233,IQMA220205
2026-10-02 15:44:10,DANG_KY,250141,ENPS220591
2026-10-02 15:44:10,DANG_KY,250116,OOPR230279
2026-10-02 15:44:10,HUY_MON,250871,ENPS220591
2026-10-02 15:44:10,HUY_MON,250092,OOPR230279
2026-10-02 15:44:10,DANG_KY,250800,ARIN330585
2026-10-02 15:44:10,DANG_KY,250051,MATH143001
2026-10-02 15:44:10,HUY_MON,250769,DBMS330284
2026-10-02 15:44:10,HUY_MON,250344,DIPR430685
2026-10-02 15:44:10,DANG_KY,250812,ESYS431080
2026-10-02 15:44:10,DANG_KY,250927,PRTE230385
2026-10-02 15:44:10,HUY_MON,250662,CAAL230180
2026-10-02 15:44:10,DANG_KY,250819,INOT231780
2026-10-02 15:44:10,DANG_KY,250872,DIGR240485
2026-10-02 15:44:10,DANG_KY,250121,DBMS330284
2026-10-02 15:44:10,DANG_KY,250040,LLCT220514
2026-10-02 15:44:10,DANG_KY,250075,MATH143001
2026-10-02 15:44:10,DANG_KY,250010,ENCS330537
2026-10-02 15:44:10,HUY_MON,250320,LESK120190
2026-10-02 15:44:10,DANG_KY,250970,WOPS120390
2026-10-02 15:44:10,DANG_KY,250157,OPSY330280
2026-10-02 15:44:10,DANG_KY,250228,SPPR330885
2026-10-02 15:44:10,DANG_KY,250383,INMA220305
2026-10-02 15:44:10,HUY_MON,250334,ARIN330585
2026-10-02 15:44:10,DANG_KY,250330,ARIN330585
2026-10-02 15:44:10,HUY_MON,250744,LESK120190
2026-10-02 15:44:10,HUY_MON,250491,DBMS330284
2026-10-02 15:44:10,DANG_KY,250931,OPSY330280
2026-10-02 15:44:10,HUY_MON,250505,ECOM430984
2026-10-02 15:44:10,DANG_KY,250149,ENPS220591
2026-10-02 15:44:10,DANG_KY,250986,IVNC320905
2026-10-02 15:44:10,DANG_KY,250389,IQMA220205
2026-10-02 15:44:10,HUY_MON,250576,ENCS330537
2026-10-02 15:44:10,DANG_KY,250532,DIPR430685
2026-10-02 15:44:10,DANG_KY,250063,IQMA220205
2026-10-02 15:44:10,DANG_KY,250454,IVNC320905
2026-10-02 15:44:10,DANG_KY,250161,PHYS111202
2026-10-02 15:44:10,DANG_KY,250440,PHYS130902
2026-10-02 15:44:10,DANG_KY,250931,PHYS111202
2026-10-02 15:44:10,DANG_KY,250746,IPPA233277
2026-10-02 15:44:10,DANG_KY,250229,SOEN330679
2026-10-02 15:44:10,DANG_KY,250106,SPPR330885
2026-10-02 15:44:10,HUY_MON,250118,LLCT130105
2026-10-02 15:44:10,DANG_KY,250930,LLCT220514
2026-10-02 15:44:10,HUY_MON,250222,DIGR240485
2026-10-02 15:44:10,DANG_KY,250090,LLCT120205
2026-10-02 15:44:10,DANG_KY,250533,EEEN234162
2026-10-02 15:44:10,DANG_KY,250404,MATH132401
2026-10-02 15:44:10,DANG_KY,250511,PRBE214262
2026-10-02 15:44:10,HUY_MON,250822,DIPR430685
2026-10-02 15:44:10,DANG_KY,250746,INLO220405
2026-10-02 15:44:10,DANG_KY,250893,MATH143001
2026-10-02 15:44:10,DANG_KY,250284,DIGR240485
2026-10-02 15:44:10,DANG_KY,250407,GELA236939
2026-10-02 15:44:10,DANG_KY,250790,IVNC320905
2026-10-02 15:44:10,HUY_MON,250684,CAAL230180
2026-10-02 15:44:10,DANG_KY,250544,MALE431984
2026-10-02 15:44:10,HUY_MON,250702,MATH132401
2026-10-02 15:44:10,DANG_KY,250314,WOPS120390
2026-10-02 15:44:10,HUY_MON,250036,WEPR330479
2026-10-02 15:44:10,HUY_MON,250735,PRTE230385
2026-10-02 15:44:10,DANG_KY,250043,INPR140285
2026-10-02 15:44:10,DANG_KY,250392,LLCT220514
2026-10-02 15:44:10,DANG_KY,250291,INMA220305
2026-10-02 15:44:10,HUY_MON,250393,DBMS330284
2026-10-02 15:44:10,DANG_KY,250013,MATH132501
2026-10-02 15:44:10,HUY_MON,250009,DASA230179
2026-10-02 15:44:10,DANG_KY,250659,LLCT120405
2026-10-02 15:44:10,DANG_KY,250906,IPPA233277
2026-10-02 15:44:10,HUY_MON,250440,PHYS130902
2026-10-02 15:44:10,DANG_KY,250412,MATH132901
2026-10-02 15:44:10,DANG_KY,250967,PRBE214262
2026-10-02 15:44:10,DANG_KY,250018,ESYS431080
2026-10-02 15:44:10,DANG_KY,250811,PRBE214262
2026-10-02 15:44:10,HUY_MON,250649,INOT231780
2026-10-02 15:44:10,HUY_MON,250744,ARIN330585
2026-10-02 15:44:10,HUY_MON,250108,LLCT120205
2026-10-02 15:44:10,HUY_MON,250351,LLCT120314
2026-10-02 15:44:10,DANG_KY,250563,MOPR331279
2026-10-02 15:44:10,DANG_KY,250810,LESK120190
2026-10-02 15:44:10,DANG_KY,250301,OPSY330280
2026-10-02 15:44:10,DANG_KY,250828,LLCT120205
2026-10-02 15:44:10,DANG_KY,250013,CLCO332779
2026-10-02 15:44:10,HUY_MON,250849,INMA220305
2026-10-02 15:44:10,DANG_KY,250093,MATH143001
2026-10-02 15:44:10,DANG_KY,250836,WEPR330479
2026-10-02 15:44:10,HUY_MON,250674,ARIN330585
2026-10-02 15:44:10,DANG_KY,250742,CAAL230180
2026-10-02 15:44:10,HUY_MON,250732,ARIN330585
2026-10-02 15:44:10,HUY_MON,250262,IPPA233277
2026-10-02 15:44:10,DANG_KY,250858,MATH132901
2026-10-02 15:44:10,DANG_KY,250165,INPR140285
2026-10-02 15:44:10,DANG_KY,250124,ENCS330537
2026-10-02 15:44:10,DANG_KY,250117,DBMS330284
2026-10-02 15:44:10,DANG_KY,250876,MALE431984
2026-10-02 15:44:10,DANG_KY,250367,PRBE214262
2026-10-02 15:44:10,DANG_KY,250444,OOPR230279
2026-10-02 15:44:10,HUY_MON,250784,DIPR430685
2026-10-02 15:44:10,DANG_KY,250226,MATH132901
2026-10-02 15:44:10,DANG_KY,250065,ECOM430984
2026-10-02 15:44:10,DANG_KY,250448,ENCS330537
2026-10-02 15:44:10,HUY_MON,250186,INSE330380
2026-10-02 15:44:10,DANG_KY,250006,INIT130185
2026-10-02 15:44:10,DANG_KY,250105,PRBE214262
2026-10-02 15:44:10,DANG_KY,250371,DBMS330284
2026-10-02 15:44:10,DANG_KY,250066,LLCT120205
2026-10-02 15:44:10,DANG_KY,250653,MOPR331279
2026-10-02 15:44:10,DANG_KY,250684,INLO220405
2026-10-02 15:44:10,DANG_KY,250231,SOEN330679
2026-10-02 15:44:10,DANG_KY,250916,MATH132401
2026-10-02 15:44:10,DANG_KY,250799,MATH132501
2026-10-02 15:44:10,DANG_KY,250510,WOPS120390
2026-10-02 15:44:10,HUY_MON,250090,LLCT120205
2026-10-02 15:44:10,DANG_KY,250002,LLCT120205
2026-10-02 15:44:10,DANG_KY,250853,DASA230179
2026-10-02 15:44:10,DANG_KY,250740,ENCS330537
2026-10-02 15:44:10,HUY_MON,250770,WEPR330479
2026-10-02 15:44:10,DANG_KY,250918,IVNC320905
2026-10-02 15:44:10,HUY_MON,250132,WEPR330479
2026-10-02 15:44:10,DANG_KY,250200,ARIN330585
2026-10-02 15:44:10,DANG_KY,250131,PHYS111202
2026-10-02 15:44:10,HUY_MON,250161,FOIT331380
2026-10-02 15:44:10,DANG_KY,250091,PRBE214262
2026-10-02 15:44:10,DANG_KY,250498,INSE330380
2026-10-02 15:44:10,DANG_KY,250829,MATH132501
2026-10-02 15:44:10,HUY_MON,250295,PRTE230385
2026-10-02 15:44:10,DANG_KY,250875,OPSY330280
2026-10-02 15:44:10,DANG_KY,250138,INLO220405
2026-10-02 15:44:10,DANG_KY,250755,INMA220305
2026-10-02 15:44:10,DANG_KY,250730,IPPA233277
2026-10-02 15:44:10,HUY_MON,250656,PHYS130902
2026-10-02 15:44:10,DANG_KY,250726,PHYS130902
2026-10-02 15:44:10,HUY_MON,250586,INSE330380
2026-10-02 15:44:10,DANG_KY,250846,MALE431984
2026-10-02 15:44:10,DANG_KY,250409,LLCT120405
2026-10-02 15:44:10,DANG_KY,250176,DIPR430685
2026-10-02 15:44:10,DANG_KY,250787,MOPR331279
2026-10-02 15:44:10,DANG_KY,250968,IPPA233277
2026-10-02 15:44:10,DANG_KY,250049,DBMS330284
2026-10-02 15:44:10,DANG_KY,250648,WEPR330479
2026-10-02 15:44:10,DANG_KY,250619,GEFC220105
2026-10-02 15:44:10,DANG_KY,250906,WEPR330479
2026-10-02 15:44:10,HUY_MON,250752,DIGR240485
2026-10-02 15:44:10,DANG_KY,250460,INLO220405
2026-10-02 15:44:10,DANG_KY,250335,INMA220305
2026-10-02 15:44:10,DANG_KY,250438,INSO321005
2026-10-02 15:44:10,DANG_KY,250737,MATH143001
2026-10-02 15:44:10,DANG_KY,250878,CAAL230180
2026-10-02 15:44:10,DANG_KY,250009,INOT231780
2026-10-02 15:44:10,HUY_MON,250846,MALE431984
2026-10-02 15:44:10,HUY_MON,250121,DBMS330284
2026-10-02 15:44:10,HUY_MON,250368,INSE330380
2026-10-02 15:44:10,HUY_MON,250419,ENPS220591
2026-10-02 15:44:10,DANG_KY,250735,ENPS220591
2026-10-02 15:44:10,DANG_KY,250700,INSO321005
2026-10-02 15:44:10,DANG_KY,250541,SOEN330679
2026-10-02 15:44:10,DANG_KY,250620,MATH132901
2026-10-02 15:44:10,DANG_KY,250229,PRBE214262
2026-10-02 15:44:10,DANG_KY,250716,ENCS330537
2026-10-02 15:44:10,HUY_MON,250082,ARIN330585
2026-10-02 15:44:10,DANG_KY,250334,SPPR330885
2026-10-02 15:44:10,HUY_MON,250996,INSE330380
2026-10-02 15:44:10,DANG_KY,250228,MATH132901
2026-10-02 15:44:10,DANG_KY,250831,MOPR331279
2026-10-02 15:44:10,DANG_KY,250118,ARIN330585
2026-10-02 15:44:10,DANG_KY,250881,CLCO332779
2026-10-02 15:44:10,DANG_KY,250142,ENCS330537
2026-10-02 15:44:10,DANG_KY,250169,OPSY330280
2026-10-02 15:44:10,DANG_KY,250584,ENCS330537
2026-10-02 15:44:10,DANG_KY,250723,ENPS220591
2026-10-02 15:44:10,HUY_MON,250945,SOEN330679
2026-10-02 15:44:10,HUY_MON,250536,WIPR230579
2026-10-02 15:44:10,HUY_MON,250131,DBSY240184
2026-10-02 15:44:10,DANG_KY,250911,FOIT331380
2026-10-02 15:44:10,DANG_KY,250574,LESK120190
2026-10-02 15:44:10,DANG_KY,250457,FOIT331380
2026-10-02 15:44:10,DANG_KY,250784,LLCT220514
2026-10-02 15:44:10,DANG_KY,250699,FOIT331380
2026-10-02 15:44:10,DANG_KY,250082,INSO321005
2026-10-02 15:44:10,DANG_KY,250549,CLCO332779
2026-10-02 15:44:10,DANG_KY,250220,DIPR430685
2026-10-02 15:44:10,DANG_KY,250975,ENPS220591
2026-10-02 15:44:10,HUY_MON,250389,DASA230179
2026-10-02 15:44:10,DANG_KY,250176,LESK120190
2026-10-02 15:44:10,DANG_KY,250585,PRBE214262
2026-10-02 15:44:10,DANG_KY,250576,IVNC320905
2026-10-02 15:44:10,DANG_KY,250875,INMA220305
2026-10-02 15:44:10,DANG_KY,250882,ENCS330537
2026-10-02 15:44:10,DANG_KY,250117,GEFC220105
2026-10-02 15:44:10,DANG_KY,250772,INSE330380
2026-10-02 15:44:10,DANG_KY,250583,INMA220305
2026-10-02 15:44:10,DANG_KY,250993,PRBE214262
2026-10-02 15:44:10,HUY_MON,250303,LLCT120314
2026-10-02 15:44:10,DANG_KY,250547,SOEN330679
2026-10-02 15:44:10,DANG_KY,250466,MATH132901
2026-10-02 15:44:10,HUY_MON,250190,CAAL230180
2026-10-02 15:44:10,DANG_KY,250232,DIGR240485
2026-10-02 15:44:10,HUY_MON,250876,MALE431984
2026-10-02 15:44:10,DANG_KY,250352,WOPS120390
2026-10-02 15:44:10,DANG_KY,250259,ECOM430984
2026-10-02 15:44:10,DANG_KY,250456,WIPR230579
2026-10-02 15:44:10,DANG_KY,250459,GELA236939
2026-10-02 15:44:10,HUY_MON,250549,CLCO332779
2026-10-02 15:44:10,DANG_KY,250441,INOT231780
2026-10-02 15:44:10,DANG_KY,250512,LLCT130105
2026-10-02 15:44:10,HUY_MON,250500,INLO220405
2026-10-02 15:44:10,DANG_KY,250728,LLCT220514
2026-10-02 15:44:10,HUY_MON,250723,PHYS111202
2026-10-02 15:44:10,HUY_MON,250190,INIT130185
2026-10-02 15:44:10,DANG_KY,250594,INIT130185
2026-10-02 15:44:10,HUY_MON,250742,CAAL230180
2026-10-02 15:44:10,DANG_KY,250725,MOPR331279
2026-10-02 15:44:10,HUY_MON,250943,SOEN330679
2026-10-02 15:44:10,DANG_KY,250618,SPPR330885
2026-10-02 15:44:10,DANG_KY,250837,PRBE214262
2026-10-02 15:44:10,HUY_MON,250313,INPR140285
2026-10-02 15:44:10,DANG_KY,250533,PRTE230385
2026-10-02 15:44:10,DANG_KY,250076,LESK120190
2026-10-02 15:44:10,HUY_MON,250682,OOPR230279
2026-10-02 15:44:10,DANG_KY,250510,WIPR230579
2026-10-02 15:44:10,HUY_MON,250316,INIT130185
2026-10-02 15:44:10,HUY_MON,250543,IQMA220205
2026-10-02 15:44:10,DANG_KY,250115,CLCO332779
2026-10-02 15:44:10,DANG_KY,250834,LESK120190
2026-10-02 15:44:10,DANG_KY,250269,EEEN234162
2026-10-02 15:44:10,DANG_KY,250292,ENCS330537
2026-10-02 15:44:10,DANG_KY,250319,DASA230179
2026-10-02 15:44:10,DANG_KY,250390,INLO220405
2026-10-02 15:44:10,DANG_KY,250153,MATH143001
2026-10-02 15:44:10,HUY_MON,250167,CLCO332779
2026-10-02 15:44:10,HUY_MON,250643,DBMS330284
2026-10-02 15:44:10,DANG_KY,250679,INOT231780
2026-10-02 15:44:10,DANG_KY,250622,PHYS130902
2026-10-02 15:44:10,DANG_KY,250137,PRTE230385
2026-10-02 15:44:10,DANG_KY,250790,IPPA233277
2026-10-02 15:44:10,DANG_KY,250665,DBSY240184
2026-10-02 15:44:10,DANG_KY,250024,CAAL230180
2026-10-02 15:44:10,DANG_KY,250699,SOEN330679
2026-10-02 15:44:10,DANG_KY,250042,IPPA233277
2026-10-02 15:44:10,DANG_KY,250829,MOPR331279
2026-10-02 15:44:10,DANG_KY,250652,ESYS431080
2026-10-02 15:44:10,HUY_MON,250901,CLCO332779
2026-10-02 15:44:10,HUY_MON,250380,MALE431984
2026-10-02 15:44:10,HUY_MON,250357,NEES330380
2026-10-02 15:44:10,DANG_KY,250849,GELA236939
2026-10-02 15:44:10,HUY_MON,250981,NEES330380
2026-10-02 15:44:10,HUY_MON,250337,MATH132501
2026-10-02 15:44:10,DANG_KY,250541,MOPR331279
2026-10-02 15:44:10,HUY_MON,250555,PRBE214262
2026-10-02 15:44:10,DANG_KY,250079,NEES330380
2026-10-02 15:44:10,DANG_KY,250790,INIT130185
2026-10-02 15:44:10,DANG_KY,250001,CLCO332779
2026-10-02 15:44:10,DANG_KY,250968,MALE431984
2026-10-02 15:44:10,DANG_KY,250667,DBMS330284
2026-10-02 15:44:10,DANG_KY,250554,INSE330380
2026-10-02 15:44:10,DANG_KY,250757,LLCT120314
2026-10-02 15:44:10,DANG_KY,250375,NEES330380
2026-10-02 15:44:10,DANG_KY,250318,LLCT220514
2026-10-02 15:44:10,DANG_KY,250681,INPR140285
2026-10-02 15:44:10,HUY_MON,250175,DBMS330284
2026-10-02 15:44:10,DANG_KY,250667,ECOM430984
2026-10-02 15:44:10,DANG_KY,250506,SPPR330885
2026-10-02 15:44:10,DANG_KY,250213,PHYS111202
2026-10-02 15:44:10,HUY_MON,250667,DBMS330284
2026-10-02 15:44:10,DANG_KY,250511,PRTE230385
2026-10-02 15:44:10,DANG_KY,250910,OOPR230279
2026-10-02 15:44:10,DANG_KY,250273,INMA220305
2026-10-02 15:44:10,HUY_MON,250376,ESYS431080
2026-10-02 15:44:10,DANG_KY,250138,WEPR330479
2026-10-02 15:44:10,DANG_KY,250290,ESYS431080
2026-10-02 15:44:10,DANG_KY,250813,OPSY330280
2026-10-02 15:44:10,DANG_KY,250596,WEPR330479
2026-10-02 15:44:10,DANG_KY,250615,GELA236939
2026-10-02 15:44:10,DANG_KY,250796,OOPR230279
2026-10-02 15:44:10,DANG_KY,250463,OPSY330280
2026-10-02 15:44:10,DANG_KY,250513,INMA220305
2026-10-02 15:44:10,DANG_KY,250936,INLO220405
2026-10-02 15:44:10,HUY_MON,250871,GELA236939
2026-10-02 15:44:10,DANG_KY,250865,LLCT120405
2026-10-02 15:44:10,HUY_MON,250623,ECOM430984
2026-10-02 15:44:10,HUY_MON,250550,MATH132901
2026-10-02 15:44:10,DANG_KY,250574,WEPR330479
2026-10-02 15:44:10,DANG_KY,250825,ECOM430984
2026-10-02 15:44:10,DANG_KY,250482,DIPR430685
2026-10-02 15:44:10,DANG_KY,250253,DASA230179
2026-10-02 15:44:10,DANG_KY,250756,ENCS330537
2026-10-02 15:44:10,DANG_KY,250647,PRTE230385
2026-10-02 15:44:10,DANG_KY,250638,IPPA233277
2026-10-02 15:44:10,DANG_KY,250937,DASA230179
2026-10-02 15:44:10,DANG_KY,250312,WIPR230579
2026-10-02 15:44:10,DANG_KY,250041,CLCO332779
2026-10-02 15:44:10,DANG_KY,250496,WIPR230579
2026-10-02 15:44:10,DANG_KY,250747,OPSY330280
2026-10-02 15:44:10,DANG_KY,250722,WEPR330479
2026-10-02 15:44:10,DANG_KY,250245,EEEN234162
2026-10-02 15:44:10,DANG_KY,250308,MATH132401
2026-10-02 15:44:10,HUY_MON,250458,CAAL230180
2026-10-02 15:44:10,HUY_MON,250686,LLCT120205
2026-10-02 15:44:10,DANG_KY,250818,IPPA233277
2026-10-02 15:44:10,DANG_KY,250677,PRBE214262
2026-10-02 15:44:10,HUY_MON,250258,ARIN330585
2026-10-02 15:44:10,HUY_MON,250013,INOT231780
2026-10-02 15:44:10,DANG_KY,250160,LESK120190
2026-10-02 15:44:10,DANG_KY,250195,DBMS330284
2026-10-02 15:44:10,HUY_MON,250280,SPPR330885
2026-10-02 15:44:10,DANG_KY,250546,DIGR240485
2026-10-02 15:44:10,HUY_MON,250992,WEPR330479
2026-10-02 15:44:10,DANG_KY,250308,PHYS130902
2026-10-02 15:44:10,DANG_KY,250709,FOIT331380
2026-10-02 15:44:10,HUY_MON,250543,INMA220305
2026-10-02 15:44:10,DANG_KY,250273,ENPS220591
2026-10-02 15:44:10,HUY_MON,250431,DASA230179
2026-10-02 15:44:10,HUY_MON,250417,OPSY330280
2026-10-02 15:44:10,DANG_KY,250147,ECOM430984
2026-10-02 15:44:10,HUY_MON,250730,IPPA233277
2026-10-02 15:44:10,HUY_MON,250006,INIT130185
2026-10-02 15:44:10,DANG_KY,250586,MALE431984
2026-10-02 15:44:10,HUY_MON,250691,DASA230179
2026-10-02 15:44:10,DANG_KY,250327,INOT231780
2026-10-02 15:44:10,DANG_KY,250425,IQMA220205
2026-10-02 15:44:10,DANG_KY,250496,MATH132901
2026-10-02 15:44:10,DANG_KY,250931,LLCT120314
2026-10-02 15:44:10,DANG_KY,250882,ARIN330585
2026-10-02 15:44:10,DANG_KY,250013,INOT231780
2026-10-02 15:44:10,HUY_MON,250732,ESYS431080
2026-10-02 15:44:10,DANG_KY,250848,CAAL230180
2026-10-02 15:44:10,HUY_MON,250501,PRBE214262
2026-10-02 15:44:10,DANG_KY,250009,IQMA220205
2026-10-02 15:44:10,DANG_KY,250920,MALE431984
2026-10-02 15:44:10,DANG_KY,250787,ECOM430984
2026-10-02 15:44:10,DANG_KY,250794,ESYS431080
2026-10-02 15:44:10,DANG_KY,250381,PRBE214262
2026-10-02 15:44:10,HUY_MON,250907,INOT231780
2026-10-02 15:44:10,DANG_KY,250359,LLCT120405
2026-10-02 15:44:10,HUY_MON,250053,LLCT120314
2026-10-02 15:44:10,DANG_KY,250129,NEES330380
2026-10-02 15:44:10,DANG_KY,250808,LLCT120205
2026-10-02 15:44:10,DANG_KY,250291,MOPR331279
2026-10-02 15:44:10,DANG_KY,250194,PHYS130902
2026-10-02 15:44:10,DANG_KY,250762,MATH132401
2026-10-02 15:44:10,DANG_KY,250357,DBSY240184
2026-10-02 15:44:10,DANG_KY,250124,IPPA233277
2026-10-02 15:44:10,DANG_KY,250087,EEEN234162
2026-10-02 15:44:10,DANG_KY,250590,IVNC320905
2026-10-02 15:44:10,DANG_KY,250489,PRBE214262
2026-10-02 15:44:10,DANG_KY,250368,DIGR240485
2026-10-02 15:44:10,DANG_KY,250479,PHYS111202
2026-10-02 15:44:10,DANG_KY,250218,INSO321005
2026-10-02 15:44:10,DANG_KY,250109,ECOM430984
2026-10-02 15:44:10,DANG_KY,250244,LLCT120205
2026-10-02 15:44:10,HUY_MON,250365,LLCT120405
2026-10-02 15:44:10,HUY_MON,250220,DIPR430685
2026-10-02 15:44:10,DANG_KY,250976,CAAL230180
2026-10-02 15:44:10,HUY_MON,250372,IPPA233277
2026-10-02 15:44:10,DANG_KY,250206,ESYS431080
2026-10-02 15:44:10,DANG_KY,250577,INOT231780
2026-10-02 15:44:10,HUY_MON,250736,LESK120190
2026-10-02 15:44:10,DANG_KY,250404,SPPR330885
2026-10-02 15:44:10,DANG_KY,250135,OPSY330280
2026-10-02 15:44:10,DANG_KY,250622,DIPR430685
2026-10-02 15:44:10,DANG_KY,250161,DBSY240184
2026-10-02 15:44:10,DANG_KY,250616,ENCS330537
2026-10-02 15:44:10,HUY_MON,250454,IVNC320905
2026-10-02 15:44:10,HUY_MON,250888,IVNC320905
2026-10-02 15:44:10,DANG_KY,250092,PHYS130902
2026-10-02 15:44:10,DANG_KY,250271,ECOM430984
2026-10-02 15:44:10,DANG_KY,250662,CAAL230180
2026-10-02 15:44:10,DANG_KY,250223,MATH143001
2026-10-02 15:44:10,DANG_KY,250789,SOEN330679
2026-10-02 15:44:10,HUY_MON,250617,INOT231780
2026-10-02 15:44:10,DANG_KY,250931,INMA220305
2026-10-02 15:44:10,DANG_KY,250762,WIPR230579
2026-10-02 15:44:10,DANG_KY,250797,INPR140285
2026-10-02 15:44:10,DANG_KY,250052,PHYS130902
2026-10-02 15:44:10,HUY_MON,250318,LLCT220514
2026-10-02 15:44:10,HUY_MON,250689,DBMS330284
2026-10-02 15:44:10,DANG_KY,250845,DBMS330284
2026-10-02 15:44:10,DANG_KY,250780,MATH132401
2026-10-02 15:44:10,DANG_KY,250215,PHYS111202
2026-10-02 15:44:10,DANG_KY,250270,LLCT130105
2026-10-02 15:44:10,DANG_KY,250281,FOIT331380
2026-10-02 15:44:10,HUY_MON,250357,MATH143001
2026-10-02 15:44:10,DANG_KY,250625,CLCO332779
2026-10-02 15:44:10,HUY_MON,250383,OPSY330280
2026-10-02 15:44:10,DANG_KY,250227,DASA230179
2026-10-02 15:44:10,HUY_MON,250201,INPR140285
2026-10-02 15:44:10,DANG_KY,250397,IQMA220205
2026-10-02 15:44:10,DANG_KY,250516,LLCT130105
2026-10-02 15:44:10,HUY_MON,250050,IVNC320905
2026-10-02 15:44:10,DANG_KY,250094,IVNC320905
2026-10-02 15:44:10,DANG_KY,250863,MATH143001
2026-10-02 15:44:10,DANG_KY,250142,DIPR430685
2026-10-02 15:44:10,HUY_MON,250780,MATH132401
2026-10-02 15:44:10,HUY_MON,250133,CLCO332779
2026-10-02 15:44:10,DANG_KY,250185,LLCT120314
2026-10-02 15:44:10,DANG_KY,250680,WEPR330479
2026-10-02 15:44:10,HUY_MON,250670,PHYS130902
2026-10-02 15:44:10,HUY_MON,250145,LLCT120405
2026-10-02 15:44:10,DANG_KY,250433,MOPR331279
2026-10-02 15:44:10,HUY_MON,250605,NEES330380
2026-10-02 15:44:10,HUY_MON,250641,PHYS111202
2026-10-02 15:44:10,DANG_KY,250933,INOT231780
2026-10-02 15:44:10,DANG_KY,250994,CAAL230180
2026-10-02 15:44:10,DANG_KY,250309,LLCT120314
2026-10-02 15:44:10,HUY_MON,250675,GELA236939
2026-10-02 15:44:10,DANG_KY,250357,FOIT331380
2026-10-02 15:44:10,DANG_KY,250172,LESK120190
2026-10-02 15:44:10,DANG_KY,250015,DASA230179
2026-10-02 15:44:10,DANG_KY,250974,INSE330380
2026-10-02 15:44:10,DANG_KY,250809,INPR140285
2026-10-02 15:44:10,DANG_KY,250768,INLO220405
2026-10-02 15:44:10,DANG_KY,250467,DBSY240184
2026-10-02 15:44:10,DANG_KY,250154,WIPR230579
2026-10-02 15:44:10,DANG_KY,250117,LLCT120314
2026-10-02 15:44:10,HUY_MON,250427,GELA236939
2026-10-02 15:44:10,HUY_MON,250876,LLCT130105
2026-10-02 15:44:10,DANG_KY,250848,LLCT220514
2026-10-02 15:44:10,DANG_KY,250659,CLCO332779
2026-10-02 15:44:10,DANG_KY,250946,IVNC320905
2026-10-02 15:44:10,HUY_MON,250237,DASA230179
2026-10-02 15:44:10,DANG_KY,250729,INMA220305
2026-10-02 15:44:10,DANG_KY,250750,DIGR240485
2026-10-02 15:44:10,DANG_KY,250553,FOIT331380
2026-10-02 15:44:10,DANG_KY,250328,DIPR430685
2026-10-02 15:44:10,DANG_KY,250971,ENPS220591
2026-10-02 15:44:10,DANG_KY,250146,LESK120190
2026-10-02 15:44:10,DANG_KY,250389,DBMS330284
2026-10-02 15:44:10,HUY_MON,250516,LLCT130105
2026-10-02 15:44:10,DANG_KY,250712,WEPR330479
2026-10-02 15:44:10,DANG_KY,250331,PRBE214262
2026-10-02 15:44:10,HUY_MON,250010,ENCS330537
2026-10-02 15:44:10,DANG_KY,250942,ESYS431080
2026-10-02 15:44:10,DANG_KY,250089,FOIT331380
2026-10-02 15:44:10,HUY_MON,250389,IQMA220205
2026-10-02 15:44:10,DANG_KY,250383,FOIT331380
2026-10-02 15:44:10,DANG_KY,250958,OOPR230279
2026-10-02 15:44:10,DANG_KY,250257,DBMS330284
2026-10-02 15:44:10,DANG_KY,250392,INSO321005
2026-10-02 15:44:10,DANG_KY,250643,SOEN330679
2026-10-02 15:44:10,DANG_KY,250586,LLCT130105
2026-10-02 15:44:10,DANG_KY,250093,INMA220305
2026-10-02 15:44:10,HUY_MON,250484,LLCT220514
2026-10-02 15:44:10,DANG_KY,250176,DIGR240485
2026-10-02 15:44:10,DANG_KY,250091,PRTE230385
2026-10-02 15:44:10,DANG_KY,250232,INLO220405
2026-10-02 15:44:10,DANG_KY,250633,INPR140285
2026-10-02 15:44:10,HUY_MON,250463,SOEN330679
2026-10-02 15:44:10,DANG_KY,250563,ECOM430984
2026-10-02 15:44:10,DANG_KY,250642,MATH132401
2026-10-02 15:44:10,DANG_KY,250348,PHYS130902
2026-10-02 15:44:10,DANG_KY,250319,ECOM430984
2026-10-02 15:44:10,DANG_KY,250100,ARIN330585
2026-10-02 15:44:10,DANG_KY,250423,NEES330380
2026-10-02 15:44:10,HUY_MON,250118,ARIN330585
2026-10-02 15:44:10,DANG_KY,250946,MATH132901
2026-10-02 15:44:10,HUY_MON,250643,SOEN330679
2026-10-02 15:44:10,HUY_MON,250848,CAAL230180
2026-10-02 15:44:10,DANG_KY,250906,MATH132901
2026-10-02 15:44:10,DANG_KY,250381,SOEN330679
2026-10-02 15:44:10,DANG_KY,250762,MALE431984
2026-10-02 15:44:10,HUY_MON,250328,DIPR430685
2026-10-02 15:44:10,DANG_KY,250268,MALE431984
2026-10-02 15:44:10,DANG_KY,250423,ENPS220591
2026-10-02 15:44:10,DANG_KY,250382,LLCT220514
2026-10-02 15:44:10,DANG_KY,250641,INMA220305
2026-10-02 15:44:10,DANG_KY,250384,LLCT130105
2026-10-02 15:44:10,DANG_KY,250411,LLCT120405
2026-10-02 15:44:10,DANG_KY,250392,ARIN330585
2026-10-02 15:44:10,DANG_KY,250227,LLCT120314
2026-10-02 15:44:10,HUY_MON,250321,GEFC220105
2026-10-02 15:44:10,DANG_KY,250805,DBMS330284
2026-10-02 15:44:10,DANG_KY,250922,ENCS330537
2026-10-02 15:44:10,DANG_KY,250877,MOPR331279
2026-10-02 15:44:10,DANG_KY,250180,LLCT220514
2026-10-02 15:44:10,HUY_MON,250624,INSE330380
2026-10-02 15:44:10,DANG_KY,250146,OOPR230279
2026-10-02 15:44:10,DANG_KY,250693,FOIT331380
2026-10-02 15:44:10,DANG_KY,250324,LLCT220514
2026-10-02 15:44:10,DANG_KY,250695,FOIT331380
2026-10-02 15:44:10,DANG_KY,250774,LLCT120205
2026-10-02 15:44:10,DANG_KY,250303,DBMS330284
2026-10-02 15:44:10,DANG_KY,250166,DIPR430685
2026-10-02 15:44:10,DANG_KY,250337,GELA236939
2026-10-02 15:44:10,DANG_KY,250280,ESYS431080
2026-10-02 15:44:10,HUY_MON,250307,NEES330380
2026-10-02 15:44:10,DANG_KY,250367,MATH132501
2026-10-02 15:44:10,DANG_KY,250734,PHYS130902
2026-10-02 15:44:10,DANG_KY,250769,GEFC220105
2026-10-02 15:44:10,HUY_MON,250191,PRBE214262
2026-10-02 15:44:10,DANG_KY,250723,INMA220305
2026-10-02 15:44:10,DANG_KY,250994,LLCT130105
2026-10-02 15:44:10,DANG_KY,250237,FOIT331380
2026-10-02 15:44:10,HUY_MON,250899,FOIT331380
2026-10-02 15:44:10,DANG_KY,250567,GELA236939
2026-10-02 15:44:10,DANG_KY,250900,PHYS130902
2026-10-02 15:44:10,HUY_MON,250906,WEPR330479
2026-10-02 15:44:10,DANG_KY,250102,LLCT130105
2026-10-02 15:44:10,DANG_KY,250609,MOPR331279
2026-10-02 15:44:10,DANG_KY,250600,PHYS130902
2026-10-02 15:44:10,DANG_KY,250187,LLCT120314
2026-10-02 15:44:10,DANG_KY,250544,INLO220405
2026-10-02 15:44:10,DANG_KY,250003,MOPR331279
2026-10-02 15:44:10,DANG_KY,250018,DIGR240485
2026-10-02 15:44:10,DANG_KY,250221,INMA220305
2026-10-02 15:44:10,DANG_KY,250104,WEPR330479
2026-10-02 15:44:10,DANG_KY,250251,MATH143001
2026-10-02 15:44:10,DANG_KY,250952,LESK120190
2026-10-02 15:44:10,DANG_KY,250417,SOEN330679
2026-10-02 15:44:10,HUY_MON,250639,DASA230179
2026-10-02 15:44:10,DANG_KY,250475,ENPS220591
2026-10-02 15:44:10,DANG_KY,250946,MATH132401
2026-10-02 15:44:10,DANG_KY,250101,MATH132501
2026-10-02 15:44:10,DANG_KY,250084,IPPA233277
2026-10-02 15:44:10,DANG_KY,250135,ECOM430984
2026-10-02 15:44:10,DANG_KY,250606,INSE330380
2026-10-02 15:44:10,DANG_KY,250337,DASA230179
2026-10-02 15:44:10,DANG_KY,250640,WEPR330479
2026-10-02 15:44:10,DANG_KY,250215,LLCT120314
2026-10-02 15:44:10,DANG_KY,250358,DIGR240485
2026-10-02 15:44:10,HUY_MON,250308,PHYS130902
2026-10-02 15:44:10,DANG_KY,250680,SPPR330885
2026-10-02 15:44:10,HUY_MON,250694,ENCS330537
2026-10-02 15:44:10,DANG_KY,250834,OOPR230279
2026-10-02 15:44:10,HUY_MON,250861,INPR140285
2026-10-02 15:44:10,HUY_MON,250668,WEPR330479
2026-10-02 15:44:10,DANG_KY,250384,PHYS130902
2026-10-02 15:44:10,DANG_KY,250739,MOPR331279
2026-10-02 15:44:10,DANG_KY,250114,DIPR430685
2026-10-02 15:44:10,DANG_KY,250877,PRBE214262
2026-10-02 15:44:10,HUY_MON,250092,PHYS130902
2026-10-02 15:44:10,DANG_KY,250768,WIPR230579
2026-10-02 15:44:10,DANG_KY,250921,NEES330380
2026-10-02 15:44:10,DANG_KY,250480,WEPR330479
2026-10-02 15:44:10,DANG_KY,250059,INMA220305
2026-10-02 15:44:10,DANG_KY,250162,ENCS330537
2026-10-02 15:44:10,HUY_MON,250075,MATH143001
2026-10-02 15:44:10,HUY_MON,250042,IPPA233277
2026-10-02 15:44:10,DANG_KY,250294,DIGR240485
2026-10-02 15:44:10,DANG_KY,250079,INPR140285
2026-10-02 15:44:10,DANG_KY,250676,PHYS130902
2026-10-02 15:44:10,DANG_KY,250199,LLCT120405
2026-10-02 15:44:10,DANG_KY,250590,PHYS130902
2026-10-02 15:44:10,DANG_KY,250507,ENPS220591
2026-10-02 15:44:10,DANG_KY,250253,MOPR331279
2026-10-02 15:44:10,DANG_KY,250388,WIPR230579
2026-10-02 15:44:10,DANG_KY,250143,GELA236939
2026-10-02 15:44:10,DANG_KY,250670,WIPR230579
2026-10-02 15:44:10,HUY_MON,250068,SPPR330885
2026-10-02 15:44:10,DANG_KY,250392,WOPS120390
2026-10-02 15:44:10,DANG_KY,250427,DBMS330284
2026-10-02 15:44:10,DANG_KY,250722,LLCT130105
2026-10-02 15:44:10,DANG_KY,250269,GELA236939
2026-10-02 15:44:10,DANG_KY,250348,WIPR230579
2026-10-02 15:44:10,DANG_KY,250571,ENPS220591
2026-10-02 15:44:10,DANG_KY,250426,ESYS431080
2026-10-02 15:44:10,HUY_MON,250725,MOPR331279
2026-10-02 15:44:10,DANG_KY,250951,INPR140285
2026-10-02 15:44:10,DANG_KY,250998,OOPR230279
2026-10-02 15:44:10,DANG_KY,250117,INPR140285
2026-10-02 15:44:10,DANG_KY,250644,LESK120190
2026-10-02 15:44:10,DANG_KY,250437,PHYS111202
2026-10-02 15:44:10,HUY_MON,250588,DIGR240485
2026-10-02 15:44:10,DANG_KY,250414,DIPR430685
2026-10-02 15:44:10,DANG_KY,250145,EEEN234162
2026-10-02 15:44:10,DANG_KY,250240,INSE330380
2026-10-02 15:44:10,HUY_MON,250267,MATH143001
2026-10-02 15:44:10,DANG_KY,250335,SOEN330679
2026-10-02 15:44:10,DANG_KY,250534,CAAL230180
2026-10-02 15:44:10,DANG_KY,250305,DASA230179
2026-10-02 15:44:10,DANG_KY,250580,INIT130185
2026-10-02 15:44:10,DANG_KY,250263,OPSY330280
2026-10-02 15:44:10,DANG_KY,250494,INLO220405
2026-10-02 15:44:10,DANG_KY,250113,INMA220305
2026-10-02 15:44:10,DANG_KY,250400,MALE431984
2026-10-02 15:44:10,DANG_KY,250323,OPSY330280
2026-10-02 15:44:10,HUY_MON,250977,MATH143001
2026-10-02 15:44:10,HUY_MON,250456,WIPR230579
2026-10-02 15:44:10,HUY_MON,250411,LLCT120405
2026-10-02 15:44:10,DANG_KY,250079,GELA236939
2026-10-02 15:44:10,DANG_KY,250590,MALE431984
2026-10-02 15:44:10,HUY_MON,250532,DIPR430685
2026-10-02 15:44:10,DANG_KY,250120,DIPR430685
2026-10-02 15:44:10,HUY_MON,250126,MALE431984
2026-10-02 15:44:10,HUY_MON,250522,MALE431984
2026-10-02 15:44:10,DANG_KY,250276,WEPR330479
2026-10-02 15:44:10,DANG_KY,250279,LLCT120405
2026-10-02 15:44:10,DANG_KY,250230,INSE330380
2026-10-02 15:44:10,DANG_KY,250729,GEFC220105
2026-10-02 15:44:10,DANG_KY,250656,LLCT130105
2026-10-02 15:44:10,DANG_KY,250681,INOT231780
2026-10-02 15:44:10,DANG_KY,250640,PHYS130902
2026-10-02 15:44:10,HUY_MON,250659,LLCT120405
2026-10-02 15:44:10,DANG_KY,250167,ENPS220591
2026-10-02 15:44:10,DANG_KY,250244,LESK120190
2026-10-02 15:44:10,DANG_KY,250791,SOEN330679
2026-10-02 15:44:10,DANG_KY,250294,WOPS120390
2026-10-02 15:44:10,DANG_KY,250247,GELA236939
2026-10-02 15:44:10,DANG_KY,250790,LLCT120205
2026-10-02 15:44:10,DANG_KY,250641,INOT231780
2026-10-02 15:44:10,HUY_MON,250891,MOPR331279
2026-10-02 15:44:10,DANG_KY,250533,MATH132501
2026-10-02 15:44:10,HUY_MON,250297,INPR140285
2026-10-02 15:44:10,HUY_MON,250469,PRBE214262
2026-10-02 15:44:10,DANG_KY,250169,FOIT331380
2026-10-02 15:44:10,DANG_KY,250480,PHYS130902
2026-10-02 15:44:10,DANG_KY,250651,GEFC220105
2026-10-02 15:44:10,DANG_KY,250138,MALE431984
2026-10-02 15:44:10,DANG_KY,250269,DBSY240184
2026-10-02 15:44:10,DANG_KY,250396,INSO321005
2026-10-02 15:44:10,DANG_KY,250901,MATH132501
2026-10-02 15:44:10,DANG_KY,250084,CAAL230180
2026-10-02 15:44:10,DANG_KY,250639,IQMA220205
2026-10-02 15:44:10,DANG_KY,250910,INLO220405
2026-10-02 15:44:10,HUY_MON,250860,ESYS431080
2026-10-02 15:44:10,HUY_MON,250462,LLCT130105
2026-10-02 15:44:10,HUY_MON,250279,LLCT120405
2026-10-02 15:44:10,HUY_MON,250817,PRTE230385
2026-10-02 15:44:10,HUY_MON,250899,INPR140285
2026-10-02 15:44:10,DANG_KY,250247,SOEN330679
2026-10-02 15:44:10,HUY_MON,250157,OPSY330280
2026-10-02 15:44:10,DANG_KY,250257,PRBE214262
2026-10-02 15:44:10,DANG_KY,250539,PRTE230385
2026-10-02 15:44:10,DANG_KY,250002,WEPR330479
2026-10-02 15:44:10,HUY_MON,250541,SOEN330679
2026-10-02 15:44:10,DANG_KY,250409,NEES330380
2026-10-02 15:44:10,HUY_MON,250680,SPPR330885
2026-10-02 15:44:10,DANG_KY,250316,MATH132901
2026-10-02 15:44:10,HUY_MON,250237,CLCO332779
2026-10-02 15:44:10,HUY_MON,250090,DIPR430685
2026-10-02 15:44:10,DANG_KY,250222,LLCT220514
2026-10-02 15:44:10,DANG_KY,250985,MATH143001
2026-10-02 15:44:10,DANG_KY,250171,EEEN234162
2026-10-02 15:44:10,DANG_KY,250458,PHYS130902
2026-10-02 15:44:10,DANG_KY,250435,FOIT331380
2026-10-02 15:44:10,HUY_MON,250825,ECOM430984
2026-10-02 15:44:10,DANG_KY,250517,INPR140285
2026-10-02 15:44:10,DANG_KY,250412,IPPA233277
2026-10-02 15:44:10,DANG_KY,250829,SOEN330679
2026-10-02 15:44:10,DANG_KY,250596,IPPA233277
2026-10-02 15:44:10,DANG_KY,250519,MATH143001
2026-10-02 15:44:10,DANG_KY,250970,SPPR330885
2026-10-02 15:44:10,DANG_KY,250197,GELA236939
2026-10-02 15:44:10,DANG_KY,250588,CAAL230180
2026-10-02 15:44:10,DANG_KY,250695,MATH143001
2026-10-02 15:44:10,DANG_KY,250200,LLCT220514
2026-10-02 15:44:10,DANG_KY,250899,IQMA220205
2026-10-02 15:44:10,DANG_KY,250718,WEPR330479
2026-10-02 15:44:10,DANG_KY,250561,EEEN234162
2026-10-02 15:44:10,HUY_MON,250704,DIGR240485
2026-10-02 15:44:10,DANG_KY,250148,MATH132901
2026-10-02 15:44:10,DANG_KY,250335,CLCO332779
2026-10-02 15:44:10,HUY_MON,250676,PHYS130902
2026-10-02 15:44:10,HUY_MON,250791,SOEN330679
2026-10-02 15:44:10,DANG_KY,250803,INPR140285
2026-10-02 15:44:10,DANG_KY,250954,IVNC320905
2026-10-02 15:44:10,DANG_KY,250275,MATH132501
2026-10-02 15:44:10,DANG_KY,250730,INLO220405
2026-10-02 15:44:10,DANG_KY,250443,INMA220305
2026-10-02 15:44:10,DANG_KY,250666,INIT130185
2026-10-02 15:44:10,DANG_KY,250893,MATH132501
2026-10-02 15:44:10,DANG_KY,250386,INIT130185
2026-10-02 15:44:10,DANG_KY,250477,ECOM430984
2026-10-02 15:44:10,DANG_KY,250260,INSO321005
2026-10-02 15:44:10,HUY_MON,250463,MOPR331279
2026-10-02 15:44:10,DANG_KY,250603,MATH143001
2026-10-02 15:44:10,DANG_KY,250656,MATH132901
2026-10-02 15:44:10,DANG_KY,250251,INMA220305
2026-10-02 15:44:10,DANG_KY,250546,DIPR430685
2026-10-02 15:44:10,DANG_KY,250181,MATH143001
2026-10-02 15:44:10,DANG_KY,250276,MATH132401
2026-10-02 15:44:10,DANG_KY,250965,MATH143001
2026-10-02 15:44:10,HUY_MON,250323,DBSY240184
2026-10-02 15:44:10,DANG_KY,250919,MATH143001
2026-10-02 15:44:10,HUY_MON,250877,MOPR331279
2026-10-02 15:44:10,DANG_KY,250919,IQMA220205
2026-10-02 15:44:10,DANG_KY,250542,MALE431984
2026-10-02 15:44:10,DANG_KY,250785,GELA236939
2026-10-02 15:44:10,HUY_MON,250425,IQMA220205
2026-10-02 15:44:10,DANG_KY,250069,PRBE214262
2026-10-02 15:44:10,DANG_KY,250236,SPPR330885
2026-10-02 15:44:10,HUY_MON,250437,PRBE214262
2026-10-02 15:44:10,DANG_KY,250657,DBSY240184
2026-10-02 15:44:10,DANG_KY,250336,MATH132401
2026-10-02 15:44:10,DANG_KY,250209,OPSY330280
2026-10-02 15:44:10,DANG_KY,250848,INSO321005
2026-10-02 15:44:10,DANG_KY,250931,IQMA220205
2026-10-02 15:44:10,HUY_MON,250367,DASA230179
2026-10-02 15:44:10,DANG_KY,250275,DBSY240184
2026-10-02 15:44:10,HUY_MON,250930,LLCT220514
2026-10-02 15:44:10,DANG_KY,250158,INSE330380
2026-10-02 15:44:10,DANG_KY,250793,PRBE214262
2026-10-02 15:44:10,DANG_KY,250992,WEPR330479
2026-10-02 15:44:10,DANG_KY,250329,INOT231780
2026-10-02 15:44:10,DANG_KY,250136,LLCT130105
2026-10-02 15:44:10,DANG_KY,250331,MOPR331279
2026-10-02 15:44:10,DANG_KY,250226,IPPA233277
2026-10-02 15:44:10,DANG_KY,250939,FOIT331380
2026-10-02 15:44:10,HUY_MON,250327,OPSY330280
2026-10-02 15:44:10,DANG_KY,250587,NEES330380
2026-10-02 15:44:10,HUY_MON,250215,GELA236939
2026-10-02 15:44:10,DANG_KY,250675,GELA236939
2026-10-02 15:44:10,DANG_KY,250866,WOPS120390
2026-10-02 15:44:10,DANG_KY,250317,GEFC220105
2026-10-02 15:44:10,HUY_MON,250089,FOIT331380
2026-10-02 15:44:10,DANG_KY,250389,FOIT331380
2026-10-02 15:44:10,DANG_KY,250892,MATH132401
2026-10-02 15:44:10,HUY_MON,250442,WEPR330479
2026-10-02 15:44:10,DANG_KY,250046,WIPR230579
2026-10-02 15:44:10,DANG_KY,250297,DBMS330284
2026-10-02 15:44:10,DANG_KY,250254,MATH132901
2026-10-02 15:44:10,HUY_MON,250988,LLCT130105
2026-10-02 15:44:10,DANG_KY,250096,WIPR230579
2026-10-02 15:44:10,HUY_MON,250409,LLCT120314
2026-10-02 15:44:10,HUY_MON,250416,DIGR240485
2026-10-02 15:44:10,DANG_KY,250180,CAAL230180
2026-10-02 15:44:10,DANG_KY,250919,PHYS111202
2026-10-02 15:44:10,HUY_MON,250917,PRBE214262
2026-10-02 15:44:10,DANG_KY,250583,FOIT331380
2026-10-02 15:44:10,HUY_MON,250427,SOEN330679
2026-10-02 15:44:10,DANG_KY,250231,MATH132501
2026-10-02 15:44:10,DANG_KY,250726,INIT130185
2026-10-02 15:44:10,DANG_KY,250055,GEFC220105
2026-10-02 15:44:10,DANG_KY,250646,WOPS120390
2026-10-02 15:44:10,DANG_KY,250865,NEES330380
2026-10-02 15:44:10,DANG_KY,250808,INSO321005
2026-10-02 15:44:10,DANG_KY,250927,PHYS111202
2026-10-02 15:44:10,DANG_KY,250846,OOPR230279
2026-10-02 15:44:10,HUY_MON,250892,MATH132401
2026-10-02 15:44:10,DANG_KY,250328,SPPR330885
2026-10-02 15:44:10,DANG_KY,250993,IQMA220205
2026-10-02 15:44:10,DANG_KY,250766,MATH132901
2026-10-02 15:44:10,DANG_KY,250975,PHYS111202
2026-10-02 15:44:10,DANG_KY,250390,LLCT220514
2026-10-02 15:44:10,HUY_MON,250105,INOT231780
2026-10-02 15:44:10,DANG_KY,250757,ENPS220591
2026-10-02 15:44:10,HUY_MON,250148,MATH132901
2026-10-02 15:44:10,HUY_MON,250423,NEES330380
2026-10-02 15:44:10,DANG_KY,250393,PHYS111202
2026-10-02 15:44:10,HUY_MON,250681,PRBE214262
2026-10-02 15:44:10,HUY_MON,250275,MATH132501
2026-10-02 15:44:10,HUY_MON,250759,MOPR331279
2026-10-02 15:44:10,HUY_MON,250398,IPPA233277
2026-10-02 15:44:10,HUY_MON,250294,WOPS120390
2026-10-02 15:44:10,HUY_MON,250858,DIGR240485
2026-10-02 15:44:10,DANG_KY,250964,INSO321005
2026-10-02 15:44:10,DANG_KY,250941,PRTE230385
2026-10-02 15:44:10,DANG_KY,250442,INSE330380
2026-10-02 15:44:10,DANG_KY,250915,EEEN234162
2026-10-02 15:44:10,DANG_KY,250346,DIGR240485
2026-10-02 15:44:10,DANG_KY,250925,INPR140285
2026-10-02 15:44:10,DANG_KY,250892,LESK120190
2026-10-02 15:44:10,DANG_KY,250695,EEEN234162
2026-10-02 15:44:10,DANG_KY,250910,DIPR430685
2026-10-02 15:44:10,DANG_KY,250399,LLCT120314
2026-10-02 15:44:10,DANG_KY,250542,ENCS330537
2026-10-02 15:44:10,HUY_MON,250724,PHYS130902
2026-10-02 15:44:10,HUY_MON,250245,EEEN234162
2026-10-02 15:44:10,DANG_KY,250695,LLCT120314
2026-10-02 15:44:10,DANG_KY,250478,DIPR430685
2026-10-02 15:44:10,DANG_KY,250713,GELA236939
2026-10-02 15:44:10,HUY_MON,250551,PRBE214262
2026-10-02 15:44:10,HUY_MON,250020,MATH132401
2026-10-02 15:44:10,DANG_KY,250512,PHYS130902
2026-10-02 15:44:10,DANG_KY,250219,OPSY330280
2026-10-02 15:44:10,HUY_MON,250737,MATH143001
2026-10-02 15:44:10,DANG_KY,250707,CLCO332779
2026-10-02 15:44:10,HUY_MON,250577,INPR140285
2026-10-02 15:44:10,HUY_MON,250916,MATH132401
2026-10-02 15:44:10,DANG_KY,250574,ENCS330537
2026-10-02 15:44:10,HUY_MON,250314,WOPS120390
2026-10-02 15:44:10,DANG_KY,250830,PHYS130902
2026-10-02 15:44:10,DANG_KY,250721,DBMS330284
2026-10-02 15:44:10,DANG_KY,250864,DIPR430685
2026-10-02 15:44:10,HUY_MON,250716,ENCS330537
2026-10-02 15:44:10,HUY_MON,250968,MALE431984
2026-10-02 15:44:10,DANG_KY,250428,IVNC320905
2026-10-02 15:44:10,DANG_KY,250615,IQMA220205
2026-10-02 15:44:10,HUY_MON,250117,INPR140285
2026-10-02 15:44:10,DANG_KY,250761,MATH143001
2026-10-02 15:44:10,DANG_KY,250152,WIPR230579
2026-10-02 15:44:10,DANG_KY,250227,PRBE214262
2026-10-02 15:44:10,HUY_MON,250138,INLO220405
2026-10-02 15:44:10,HUY_MON,250757,ENPS220591
2026-10-02 15:44:10,HUY_MON,250580,INIT130185
2026-10-02 15:44:10,HUY_MON,250335,LLCT120314
2026-10-02 15:44:10,DANG_KY,250127,NEES330380
2026-10-02 15:44:10,DANG_KY,250238,IVNC320905
2026-10-02 15:44:10,DANG_KY,250833,ENPS220591
2026-10-02 15:44:10,DANG_KY,250662,INSE330380
2026-10-02 15:44:10,DANG_KY,250841,MATH132501
2026-10-02 15:44:10,DANG_KY,250480,MATH132901
2026-10-02 15:44:10,DANG_KY,250339,OPSY330280
2026-10-02 15:44:10,DANG_KY,250266,INSE330380
2026-10-02 15:44:10,DANG_KY,250437,PRTE230385
2026-10-02 15:44:10,HUY_MON,250747,OPSY330280
2026-10-02 15:44:10,DANG_KY,250855,DBMS330284
2026-10-02 15:44:10,HUY_MON,250729,INMA220305
2026-10-02 15:44:10,DANG_KY,250621,ECOM430984
2026-10-02 15:44:10,DANG_KY,250780,PHYS130902
2026-10-02 15:44:10,DANG_KY,250047,OPSY330280
2026-10-02 15:44:10,DANG_KY,250998,INSE330380
2026-10-02 15:44:10,DANG_KY,250729,INMA220305
2026-10-02 15:44:10,DANG_KY,250800,MATH132901
2026-10-02 15:44:10,DANG_KY,250995,LLCT120314
2026-10-02 15:44:10,HUY_MON,250449,PRTE230385
2026-10-02 15:44:10,DANG_KY,250877,LLCT120314
2026-10-02 15:44:10,DANG_KY,250380,INSE330380
2026-10-02 15:44:10,DANG_KY,250111,INMA220305
2026-10-02 15:44:10,HUY_MON,250813,INOT231780
2026-10-02 15:44:10,DANG_KY,250947,PRBE214262
2026-10-02 15:44:10,DANG_KY,250770,ESYS431080
2026-10-02 15:44:10,DANG_KY,250845,EEEN234162
2026-10-02 15:44:10,HUY_MON,250367,PRBE214262
2026-10-02 15:44:10,DANG_KY,250347,MATH143001
2026-10-02 15:44:10,HUY_MON,250217,PRTE230385
2026-10-02 15:44:10,DANG_KY,250805,MATH132501
2026-10-02 15:44:10,DANG_KY,250052,WEPR330479
2026-10-02 15:44:10,DANG_KY,250863,IQMA220205
2026-10-02 15:44:10,HUY_MON,250195,ENPS220591
2026-10-02 15:44:10,DANG_KY,250095,MATH143001
2026-10-02 15:44:10,HUY_MON,250541,MOPR331279
2026-10-02 15:44:10,DANG_KY,250009,INMA220305
2026-10-02 15:44:10,DANG_KY,250713,INOT231780
2026-10-02 15:44:10,HUY_MON,250432,WEPR330479
2026-10-02 15:44:10,DANG_KY,250356,ENCS330537
2026-10-02 15:44:10,HUY_MON,250920,MALE431984
2026-10-02 15:44:10,DANG_KY,250306,SPPR330885
2026-10-02 15:44:10,DANG_KY,250621,IQMA220205
2026-10-02 15:44:10,DANG_KY,250042,WIPR230579
2026-10-02 15:44:10,DANG_KY,250189,IQMA220205
2026-10-02 15:44:10,DANG_KY,250332,MALE431984
2026-10-02 15:44:10,DANG_KY,250319,ENPS220591
2026-10-02 15:44:10,HUY_MON,250596,IPPA233277
2026-10-02 15:44:10,DANG_KY,250790,OOPR230279
2026-10-02 15:44:10,DANG_KY,250965,PRBE214262
2026-10-02 15:44:10,HUY_MON,250835,GELA236939
2026-10-02 15:44:10,DANG_KY,250589,OPSY330280
2026-10-02 15:44:10,DANG_KY,250556,ENCS330537
2026-10-02 15:44:10,DANG_KY,250183,PHYS111202
2026-10-02 15:44:10,DANG_KY,250894,WEPR330479
2026-10-02 15:44:10,DANG_KY,250641,OPSY330280
2026-10-02 15:44:10,HUY_MON,250447,MATH143001
2026-10-02 15:44:10,HUY_MON,250423,ENPS220591
2026-10-02 15:44:10,HUY_MON,250166,INSO321005
2026-10-02 15:44:10,DANG_KY,250018,MALE431984
2026-10-02 15:44:10,DANG_KY,250181,IQMA220205
2026-10-02 15:44:10,DANG_KY,250452,INSO321005
2026-10-02 15:44:10,DANG_KY,250143,FOIT331380
2026-10-02 15:44:10,DANG_KY,250348,ESYS431080
2026-10-02 15:44:10,HUY_MON,250895,LLCT120314
2026-10-02 15:44:10,DANG_KY,250843,IQMA220205
2026-10-02 15:44:10,DANG_KY,250410,LLCT130105
2026-10-02 15:44:10,DANG_KY,250413,GEFC220105
2026-10-02 15:44:10,DANG_KY,250534,LLCT220514
2026-10-02 15:44:10,HUY_MON,250354,ESYS431080
2026-10-02 15:44:10,DANG_KY,250936,LLCT120205
2026-10-02 15:44:10,DANG_KY,250491,DASA230179
2026-10-02 15:44:10,DANG_KY,250778,SPPR330885
2026-10-02 15:44:10,DANG_KY,250923,DBMS330284
2026-10-02 15:44:10,DANG_KY,250906,WIPR230579
2026-10-02 15:44:10,HUY_MON,250384,PHYS130902
2026-10-02 15:44:10,DANG_KY,250447,EEEN234162
2026-10-02 15:44:10,DANG_KY,250670,LLCT220514
2026-10-02 15:44:10,DANG_KY,250793,MATH132501
2026-10-02 15:44:10,DANG_KY,250376,LESK120190
2026-10-02 15:44:10,DANG_KY,250171,DBSY240184
2026-10-02 15:44:10,DANG_KY,250946,LLCT120205
2026-10-02 15:44:10,HUY_MON,250640,LESK120190
2026-10-02 15:44:10,DANG_KY,250292,MALE431984
2026-10-02 15:44:10,DANG_KY,250079,MATH143001
2026-10-02 15:44:10,HUY_MON,250715,DBSY240184
2026-10-02 15:44:10,DANG_KY,250463,INMA220305
2026-10-02 15:44:10,DANG_KY,250356,MATH132401
2026-10-02 15:44:10,DANG_KY,250295,INMA220305
2026-10-02 15:44:10,DANG_KY,250004,IVNC320905
2026-10-02 15:44:10,DANG_KY,250741,DBSY240184
2026-10-02 15:44:10,HUY_MON,250983,PRTE230385
2026-10-02 15:44:10,DANG_KY,250511,DASA230179
2026-10-02 15:44:10,DANG_KY,250990,SPPR330885
2026-10-02 15:44:10,DANG_KY,250383,INOT231780
2026-10-02 15:44:10,DANG_KY,250990,WIPR230579
2026-10-02 15:44:10,DANG_KY,250407,INMA220305
2026-10-02 15:44:10,DANG_KY,250366,LLCT220514
2026-10-02 15:44:10,DANG_KY,250761,SOEN330679
2026-10-02 15:44:10,DANG_KY,250883,PRTE230385
2026-10-02 15:44:10,DANG_KY,250562,OOPR230279
2026-10-02 15:44:10,HUY_MON,250880,WEPR330479
2026-10-02 15:44:10,DANG_KY,250420,INLO220405
2026-10-02 15:44:10,DANG_KY,250327,DASA230179
2026-10-02 15:44:10,DANG_KY,250182,LLCT130105
2026-10-02 15:44:10,DANG_KY,250609,MATH143001
2026-10-02 15:44:10,HUY_MON,250015,CLCO332779
2026-10-02 15:44:10,DANG_KY,250107,SOEN330679
2026-10-02 15:44:10,DANG_KY,250810,PHYS130902
2026-10-02 15:44:10,DANG_KY,250909,FOIT331380
2026-10-02 15:44:10,DANG_KY,250428,INSO321005
2026-10-02 15:44:10,HUY_MON,250338,MALE431984
2026-10-02 15:44:10,DANG_KY,250934,LLCT120205
2026-10-02 15:44:10,DANG_KY,250401,IQMA220205
2026-10-02 15:44:10,DANG_KY,250256,DIPR430685
2026-10-02 15:44:10,HUY_MON,250780,PHYS130902
2026-10-02 15:44:10,DANG_KY,250448,WOPS120390
2026-10-02 15:44:10,DANG_KY,250667,GELA236939
2026-10-02 15:44:10,HUY_MON,250670,LLCT220514
2026-10-02 15:44:10,DANG_KY,250714,SPPR330885
2026-10-02 15:44:10,HUY_MON,250160,LESK120190
2026-10-02 15:44:10,DANG_KY,250428,LESK120190
2026-10-02 15:44:10,HUY_MON,250946,MATH132901
2026-10-02 15:44:10,DANG_KY,250166,MATH132901
2026-10-02 15:44:10,HUY_MON,250793,PRBE214262
2026-10-02 15:44:10,DANG_KY,250181,OPSY330280
2026-10-02 15:44:10,DANG_KY,250676,MATH132901
2026-10-02 15:44:10,HUY_MON,250730,INLO220405
2026-10-02 15:44:10,DANG_KY,250374,IVNC320905
2026-10-02 15:44:10,DANG_KY,250977,PRBE214262
2026-10-02 15:44:10,DANG_KY,250214,PHYS130902
2026-10-02 15:44:10,DANG_KY,250937,NEES330380
2026-10-02 15:44:10,DANG_KY,250166,ARIN330585
2026-10-02 15:44:10,DANG_KY,250852,PHYS130902
2026-10-02 15:44:10,DANG_KY,250519,INPR140285
2026-10-02 15:44:10,HUY_MON,250219,OPSY330280
2026-10-02 15:44:10,DANG_KY,250367,OPSY330280
2026-10-02 15:44:10,DANG_KY,250022,DIGR240485
2026-10-02 15:44:10,DANG_KY,250977,INMA220305
2026-10-02 15:44:10,DANG_KY,250968,ARIN330585
2026-10-02 15:44:10,HUY_MON,250201,SOEN330679
2026-10-02 15:44:10,HUY_MON,250144,INSO321005
2026-10-02 15:44:10,DANG_KY,250074,MALE431984
2026-10-02 15:44:10,DANG_KY,250413,CLCO332779
2026-10-02 15:44:10,DANG_KY,250220,IPPA233277
2026-10-02 15:44:10,DANG_KY,250495,OPSY330280
2026-10-02 15:44:10,HUY_MON,250366,LLCT220514
2026-10-02 15:44:10,DANG_KY,250125,DBSY240184
2026-10-02 15:44:10,DANG_KY,250612,INIT130185
2026-10-02 15:44:10,DANG_KY,250389,PHYS111202
2026-10-02 15:44:10,DANG_KY,250722,MALE431984
2026-10-02 15:44:10,DANG_KY,250101,INOT231780
2026-10-02 15:44:10,DANG_KY,250548,ARIN330585
2026-10-02 15:44:10,DANG_KY,250359,OPSY330280
2026-10-02 15:44:10,DANG_KY,250366,ARIN330585
2026-10-02 15:44:10,DANG_KY,250761,IQMA220205
2026-10-02 15:44:10,DANG_KY,250584,IPPA233277
2026-10-02 15:44:10,DANG_KY,250979,LLCT120405
2026-10-02 15:44:10,HUY_MON,250665,DBSY240184
2026-10-02 15:44:10,DANG_KY,250331,OPSY330280
2026-10-02 15:44:10,HUY_MON,250273,INMA220305
2026-10-02 15:44:10,HUY_MON,250840,WEPR330479
2026-10-02 15:44:10,DANG_KY,250836,INSE330380
2026-10-02 15:44:10,DANG_KY,250493,MATH132501
2026-10-02 15:44:10,DANG_KY,250524,INSO321005
2026-10-02 15:44:10,DANG_KY,250975,IQMA220205
2026-10-02 15:44:10,DANG_KY,250036,ESYS431080
2026-10-02 15:44:10,HUY_MON,250914,WIPR230579
2026-10-02 15:44:10,DANG_KY,250470,WOPS120390
2026-10-02 15:44:10,DANG_KY,250593,DBSY240184
2026-10-02 15:44:10,HUY_MON,250693,MOPR331279
2026-10-02 15:44:10,DANG_KY,250473,GELA236939
2026-10-02 15:44:10,DANG_KY,250128,INSO321005
2026-10-02 15:44:10,HUY_MON,250614,WIPR230579
2026-10-02 15:44:10,DANG_KY,250754,CAAL230180
2026-10-02 15:44:10,DANG_KY,250981,MATH132501
2026-10-02 15:44:10,DANG_KY,250516,IVNC320905
2026-10-02 15:44:10,DANG_KY,250943,INPR140285
2026-10-02 15:44:10,DANG_KY,250166,LLCT220514
2026-10-02 15:44:10,HUY_MON,250785,GELA236939
2026-10-02 15:44:10,DANG_KY,250741,EEEN234162
2026-10-02 15:44:10,DANG_KY,250148,LLCT120205
2026-10-02 15:44:10,DANG_KY,250667,GEFC220105
2026-10-02 15:44:10,DANG_KY,250026,WOPS120390
2026-10-02 15:44:10,DANG_KY,250789,LLCT120405
2026-10-02 15:44:10,DANG_KY,250604,ENCS330537
2026-10-02 15:44:10,HUY_MON,250510,WIPR230579
2026-10-02 15:44:10,DANG_KY,250882,MATH132401
2026-10-02 15:44:10,HUY_MON,250868,SPPR330885
2026-10-02 15:44:10,DANG_KY,250392,IVNC320905
2026-10-02 15:44:10,DANG_KY,250187,DBMS330284
2026-10-02 15:44:10,DANG_KY,250098,SPPR330885
2026-10-02 15:44:10,DANG_KY,250259,LLCT120405
2026-10-02 15:44:10,HUY_MON,250789,LLCT120405
2026-10-02 15:44:10,HUY_MON,250644,ESYS431080
2026-10-02 15:44:10,DANG_KY,250656,ARIN330585
2026-10-02 15:44:10,DANG_KY,250419,GEFC220105
2026-10-02 15:44:10,DANG_KY,250590,DIGR240485
2026-10-02 15:44:10,DANG_KY,250111,ENPS220591
2026-10-02 15:44:10,DANG_KY,250294,ESYS431080
2026-10-02 15:44:10,DANG_KY,250885,MATH132501
2026-10-02 15:44:10,DANG_KY,250292,DIPR430685
2026-10-02 15:44:10,DANG_KY,250927,MATH143001
2026-10-02 15:44:10,DANG_KY,250414,WEPR330479
2026-10-02 15:44:10,DANG_KY,250111,FOIT331380
2026-10-02 15:44:10,DANG_KY,250977,DASA230179
2026-10-02 15:44:10,DANG_KY,250472,ENCS330537
2026-10-02 15:44:10,HUY_MON,250374,IVNC320905
2026-10-02 15:44:10,DANG_KY,250298,LESK120190
2026-10-02 15:44:10,DANG_KY,250123,IQMA220205
2026-10-02 15:44:10,DANG_KY,250686,CAAL230180
2026-10-02 15:44:10,DANG_KY,250384,WIPR230579
2026-10-02 15:44:10,HUY_MON,250590,SPPR330885
2026-10-02 15:44:10,DANG_KY,250562,DIPR430685
2026-10-02 15:44:10,DANG_KY,250069,LLCT120314
2026-10-02 15:44:10,DANG_KY,250292,INSO321005
2026-10-02 15:44:10,DANG_KY,250079,OPSY330280
2026-10-02 15:44:10,DANG_KY,250498,INIT130185
2026-10-02 15:44:10,DANG_KY,250738,OOPR230279
2026-10-02 15:44:10,DANG_KY,250797,INOT231780
2026-10-02 15:44:10,DANG_KY,250820,PHYS130902
2026-10-02 15:44:10,DANG_KY,250111,IQMA220205
2026-10-02 15:44:10,DANG_KY,250078,INIT130185
2026-10-02 15:44:10,HUY_MON,250288,MALE431984
2026-10-02 15:44:10,DANG_KY,250538,PHYS130902
2026-10-02 15:44:10,DANG_KY,250061,INPR140285
2026-10-02 15:44:10,HUY_MON,250923,DBMS330284
2026-10-02 15:44:10,DANG_KY,250053,IQMA220205
2026-10-02 15:44:10,HUY_MON,250577,INOT231780
2026-10-02 15:44:10,DANG_KY,250685,INPR140285
2026-10-02 15:44:10,HUY_MON,250355,PRTE230385
2026-10-02 15:44:10,DANG_KY,250015,NEES330380
2026-10-02 15:44:10,DANG_KY,250206,WEPR330479
2026-10-02 15:44:10,HUY_MON,250980,DIPR430685
2026-10-02 15:44:10,DANG_KY,250056,DIGR240485
2026-10-02 15:44:10,DANG_KY,250691,MATH132501
2026-10-02 15:44:10,DANG_KY,250835,DBMS330284
2026-10-02 15:44:10,HUY_MON,250863,MATH143001
2026-10-02 15:44:10,DANG_KY,250243,INOT231780
2026-10-02 15:44:10,DANG_KY,250058,PHYS130902
2026-10-02 15:44:10,DANG_KY,250149,MATH143001
2026-10-02 15:44:10,DANG_KY,250244,IVNC320905
2026-10-02 15:44:10,DANG_KY,250487,ENPS220591
2026-10-02 15:44:10,DANG_KY,250886,LLCT120205
2026-10-02 15:44:10,DANG_KY,250681,OPSY330280
2026-10-02 15:44:10,HUY_MON,250655,INPR140285
2026-10-02 15:44:10,HUY_MON,250569,LLCT120405
2026-10-02 15:44:10,DANG_KY,250997,DBSY240184
2026-10-02 15:44:10,DANG_KY,250802,ENCS330537
2026-10-02 15:44:10,DANG_KY,250837,EEEN234162
2026-10-02 15:44:10,HUY_MON,250868,INSE330380
2026-10-02 15:44:10,HUY_MON,250390,LLCT220514
2026-10-02 15:44:10,DANG_KY,250714,INIT130185
2026-10-02 15:44:10,DANG_KY,250765,LLCT120405
2026-10-02 15:44:10,DANG_KY,250060,LESK120190
2026-10-02 15:44:10,DANG_KY,250871,INPR140285
2026-10-02 15:44:10,DANG_KY,250028,WIPR230579
2026-10-02 15:44:10,DANG_KY,250023,DBMS330284
2026-10-02 15:44:10,DANG_KY,250950,INLO220405
2026-10-02 15:44:10,DANG_KY,250135,INOT231780
2026-10-02 15:44:10,DANG_KY,250710,LLCT120205
2026-10-02 15:44:10,DANG_KY,250153,DBMS330284
2026-10-02 15:44:10,DANG_KY,250920,IPPA233277
2026-10-02 15:44:10,HUY_MON,250166,DIPR430685
2026-10-02 15:44:10,DANG_KY,250618,OOPR230279
2026-10-02 15:44:10,DANG_KY,250037,SOEN330679
2026-10-02 15:44:10,DANG_KY,250020,INIT130185
2026-10-02 15:44:10,DANG_KY,250599,OPSY330280
2026-10-02 15:44:10,DANG_KY,250510,MATH132401
2026-10-02 15:44:10,HUY_MON,250756,ENCS330537
2026-10-02 15:44:10,DANG_KY,250368,LLCT130105
2026-10-02 15:44:10,DANG_KY,250195,DBSY240184
2026-10-02 15:44:10,DANG_KY,250474,CAAL230180
2026-10-02 15:44:10,DANG_KY,250813,LLCT120314
2026-10-02 15:44:10,DANG_KY,250132,DIGR240485
2026-10-02 15:44:10,DANG_KY,250279,LLCT120405
2026-10-02 15:44:10,DANG_KY,250156,WOPS120390
2026-10-02 15:44:10,DANG_KY,250239,SOEN330679
2026-10-02 15:44:10,DANG_KY,250198,PHYS130902
2026-10-02 15:44:10,DANG_KY,250991,OPSY330280
2026-10-02 15:44:10,DANG_KY,250662,LLCT120205
2026-10-02 15:44:10,DANG_KY,250185,IQMA220205
2026-10-02 15:44:10,DANG_KY,250784,LLCT120205
2026-10-02 15:44:10,DANG_KY,250923,INOT231780
2026-10-02 15:44:10,HUY_MON,250849,GELA236939
2026-10-02 15:44:10,DANG_KY,250083,INOT231780
2026-10-02 15:44:10,HUY_MON,250384,WIPR230579
2026-10-02 15:44:10,HUY_MON,250596,WEPR330479
2026-10-02 15:44:10,DANG_KY,250302,WIPR230579
2026-10-02 15:44:10,DANG_KY,250913,NEES330380
2026-10-02 15:44:10,DANG_KY,250664,LESK120190
2026-10-02 15:44:10,DANG_KY,250851,NEES330380
2026-10-02 15:44:10,DANG_KY,250034,SPPR330885
2026-10-02 15:44:10,DANG_KY,250133,OPSY330280
2026-10-02 15:44:10,DANG_KY,250532,DIPR430685
2026-10-02 15:44:10,DANG_KY,250415,GEFC220105
2026-10-02 15:44:10,DANG_KY,250422,ESYS431080
2026-10-02 15:44:10,DANG_KY,250545,GEFC220105
2026-10-02 15:44:10,DANG_KY,250520,DIPR430685
2026-10-02 15:44:10,DANG_KY,250715,DASA230179
2026-10-02 15:44:10,DANG_KY,250126,SPPR330885
2026-10-02 15:44:10,HUY_MON,250748,ENCS330537
2026-10-02 15:44:10,DANG_KY,250688,IVNC320905
2026-10-02 15:44:10,DANG_KY,250219,MATH132501
2026-10-02 15:44:10,HUY_MON,250377,GEFC220105
2026-10-02 15:44:10,HUY_MON,250918,IVNC320905
2026-10-02 15:44:10,DANG_KY,250834,MATH132401
2026-10-02 15:44:10,DANG_KY,250779,FOIT331380
2026-10-02 15:44:10,DANG_KY,250296,PHYS130902
2026-10-02 15:44:10,HUY_MON,250802,CAAL230180
2026-10-02 15:44:10,HUY_MON,250507,ENPS220591
2026-10-02 15:44:10,DANG_KY,250367,DASA230179
2026-10-02 15:44:10,DANG_KY,250422,INSO321005
2026-10-02 15:44:10,HUY_MON,250692,LESK120190
2026-10-02 15:44:10,HUY_MON,250133,INMA220305
2026-10-02 15:44:10,HUY_MON,250460,INLO220405
2026-10-02 15:44:10,DANG_KY,250848,SPPR330885
2026-10-02 15:44:10,DANG_KY,250035,EEEN234162
2026-10-02 15:44:10,DANG_KY,250906,INIT130185
2026-10-02 15:44:10,HUY_MON,250925,INPR140285
2026-10-02 15:44:10,DANG_KY,250905,CLCO332779
2026-10-02 15:44:10,DANG_KY,250264,CAAL230180
2026-10-02 15:44:10,DANG_KY,250762,ESYS431080
2026-10-02 15:44:10,HUY_MON,250136,LLCT130105
2026-10-02 15:44:10,DANG_KY,250140,ESYS431080
2026-10-02 15:44:10,HUY_MON,250642,MATH132401
2026-10-02 15:44:10,DANG_KY,250782,OOPR230279
2026-10-02 15:44:10,DANG_KY,250942,LLCT220514
2026-10-02 15:44:10,HUY_MON,250418,IVNC320905
2026-10-02 15:44:10,DANG_KY,250934,INIT130185
2026-10-02 15:44:10,DANG_KY,250225,IQMA220205
2026-10-02 15:44:10,DANG_KY,250616,WEPR330479
2026-10-02 15:44:10,HUY_MON,250219,MATH132501
2026-10-02 15:44:10,DANG_KY,250621,SOEN330679
2026-10-02 15:44:10,DANG_KY,250602,INSE330380
2026-10-02 15:44:10,HUY_MON,250656,LLCT130105
2026-10-02 15:44:10,DANG_KY,250788,WEPR330479
2026-10-02 15:44:10,HUY_MON,250584,IPPA233277
2026-10-02 15:44:10,DANG_KY,250972,ARIN330585
2026-10-02 15:44:10,DANG_KY,250527,IQMA220205
2026-10-02 15:44:10,DANG_KY,250982,LLCT130105
2026-10-02 15:44:10,DANG_KY,250977,PRTE230385
2026-10-02 15:44:10,DANG_KY,250934,SPPR330885
2026-10-02 15:44:10,DANG_KY,250061,GELA236939
2026-10-02 15:44:10,DANG_KY,250980,IPPA233277
2026-10-02 15:44:10,DANG_KY,250309,OPSY330280
2026-10-02 15:44:10,HUY_MON,250843,GEFC220105
2026-10-02 15:44:10,DANG_KY,250951,INMA220305
2026-10-02 15:44:10,DANG_KY,250798,CAAL230180
2026-10-02 15:44:10,DANG_KY,250361,LLCT120314
2026-10-02 15:44:10,DANG_KY,250368,INSE330380
2026-10-02 15:44:10,DANG_KY,250899,ECOM430984
2026-10-02 15:44:10,HUY_MON,250297,DBMS330284
2026-10-02 15:44:10,HUY_MON,250603,MATH143001
2026-10-02 15:44:10,DANG_KY,250239,PRBE214262
2026-10-02 15:44:10,DANG_KY,250862,PHYS130902
2026-10-02 15:44:10,DANG_KY,250689,MATH132501
2026-10-02 15:44:10,DANG_KY,250614,CAAL230180
2026-10-02 15:44:10,DANG_KY,250617,DBMS330284
2026-10-02 15:44:10,HUY_MON,250207,ENPS220591
2026-10-02 15:44:10,DANG_KY,250977,MATH132501
2026-10-02 15:44:10,HUY_MON,250094,LLCT130105
2026-10-02 15:44:10,DANG_KY,250650,INSO321005
2026-10-02 15:44:10,DANG_KY,250979,CLCO332779
2026-10-02 15:44:10,DANG_KY,250048,OOPR230279
2026-10-02 15:44:10,DANG_KY,250779,GEFC220105
2026-10-02 15:44:10,DANG_KY,250058,DIGR240485
2026-10-02 15:44:10,DANG_KY,250645,INPR140285
2026-10-02 15:44:10,DANG_KY,250356,IVNC320905
2026-10-02 15:44:10,HUY_MON,250778,MATH132401
2026-10-02 15:44:10,HUY_MON,250853,DASA230179
2026-10-02 15:44:10,HUY_MON,250052,WEPR330479
2026-10-02 15:44:10,DANG_KY,251000,INLO220405
2026-10-02 15:44:10,DANG_KY,250433,IQMA220205
2026-10-02 15:44:10,DANG_KY,250008,LLCT120205
2026-10-02 15:44:10,DANG_KY,250089,INOT231780
2026-10-02 15:44:10,DANG_KY,250360,ARIN330585
2026-10-02 15:44:10,DANG_KY,250299,NEES330380
2026-10-02 15:44:10,HUY_MON,250098,PHYS130902
2026-10-02 15:44:10,HUY_MON,250533,PRTE230385
2026-10-02 15:44:10,DANG_KY,250831,INMA220305
2026-10-02 15:44:10,DANG_KY,250391,PRTE230385
2026-10-02 15:44:10,DANG_KY,250582,MATH132401
2026-10-02 15:44:10,DANG_KY,250993,OPSY330280
2026-10-02 15:44:10,DANG_KY,250088,LLCT130105
2026-10-02 15:44:10,DANG_KY,250723,GELA236939
2026-10-02 15:44:10,DANG_KY,250978,LESK120190
2026-10-02 15:44:10,DANG_KY,250461,GEFC220105
2026-10-02 15:44:10,DANG_KY,250724,IVNC320905
2026-10-02 15:44:10,DANG_KY,250231,MATH143001
2026-10-02 15:44:10,DANG_KY,250158,INLO220405
2026-10-02 15:44:10,DANG_KY,250601,INOT231780
2026-10-02 15:44:10,DANG_KY,250176,INSE330380
2026-10-02 15:44:10,DANG_KY,250907,MATH143001
2026-10-02 15:44:10,DANG_KY,250698,INLO220405
2026-10-02 15:44:10,DANG_KY,250033,OPSY330280
2026-10-02 15:44:10,HUY_MON,250143,GELA236939
2026-10-02 15:44:10,DANG_KY,250763,EEEN234162
2026-10-02 15:44:10,DANG_KY,250370,WEPR330479
2026-10-02 15:44:10,DANG_KY,250393,FOIT331380
2026-10-02 15:44:10,HUY_MON,250691,SOEN330679
2026-10-02 15:44:10,DANG_KY,250005,ECOM430984
2026-10-02 15:44:10,DANG_KY,250284,INLO220405
2026-10-02 15:44:10,HUY_MON,250386,INIT130185
2026-10-02 15:44:10,DANG_KY,250558,LLCT120205
2026-10-02 15:44:10,DANG_KY,250287,LLCT120405
2026-10-02 15:44:10,DANG_KY,250438,CAAL230180
2026-10-02 15:44:10,DANG_KY,250417,CLCO332779
2026-10-02 15:44:10,DANG_KY,250552,MATH132401
2026-10-02 15:44:10,HUY_MON,250041,SOEN330679
2026-10-02 15:44:10,HUY_MON,250688,WIPR230579
2026-10-02 15:44:10,DANG_KY,250308,PHYS130902
2026-10-02 15:44:10,DANG_KY,250183,PRBE214262
2026-10-02 15:44:10,DANG_KY,250092,OOPR230279
2026-10-02 15:44:10,DANG_KY,250903,ENPS220591
2026-10-02 15:44:10,DANG_KY,250518,LLCT120205
2026-10-02 15:44:10,DANG_KY,250153,PRTE230385
2026-10-02 15:44:10,DANG_KY,250496,LLCT220514
2026-10-02 15:44:10,HUY_MON,250524,INSO321005
2026-10-02 15:44:10,DANG_KY,250893,ENPS220591
2026-10-02 15:44:10,DANG_KY,250972,INIT130185
2026-10-02 15:44:10,HUY_MON,250962,WEPR330479
2026-10-02 15:44:10,DANG_KY,250042,LESK120190
2026-10-02 15:44:10,DANG_KY,250725,PHYS111202
2026-10-02 15:44:10,DANG_KY,250620,SPPR330885
2026-10-02 15:44:10,HUY_MON,250306,SPPR330885
2026-10-02 15:44:10,HUY_MON,250742,LESK120190
2026-10-02 15:44:10,DANG_KY,250722,ARIN330585
2026-10-02 15:44:10,HUY_MON,250517,INPR140285
2026-10-02 15:44:10,DANG_KY,250753,DASA230179
2026-10-02 15:44:10,DANG_KY,250806,CAAL230180
2026-10-02 15:44:10,DANG_KY,250729,PRTE230385
2026-10-02 15:44:10,DANG_KY,250392,SPPR330885
2026-10-02 15:44:10,DANG_KY,250483,LLCT120314
2026-10-02 15:44:10,DANG_KY,250610,ENCS330537
2026-10-02 15:44:10,DANG_KY,250173,PRTE230385
2026-10-02 15:44:10,DANG_KY,250876,SPPR330885
2026-10-02 15:44:10,HUY_MON,250754,CAAL230180
2026-10-02 15:44:10,DANG_KY,250390,ARIN330585
2026-10-02 15:44:10,DANG_KY,250041,ENPS220591
2026-10-02 15:44:10,DANG_KY,250128,WOPS120390
2026-10-02 15:44:10,HUY_MON,250486,WIPR230579
2026-10-02 15:44:10,DANG_KY,250826,IPPA233277
2026-10-02 15:44:10,DANG_KY,250813,ECOM430984
2026-10-02 15:44:10,HUY_MON,250123,IQMA220205
2026-10-02 15:44:10,DANG_KY,250327,MATH132501
2026-10-02 15:44:10,HUY_MON,250981,MATH132501
2026-10-02 15:44:10,DANG_KY,250233,PRBE214262
2026-10-02 15:44:10,DANG_KY,250598,WEPR330479
2026-10-02 15:44:10,VAO_HANG_CHO,250831,PRBE214262
2026-10-02 15:44:10,DANG_KY,250438,SPPR330885
2026-10-02 15:44:10,DANG_KY,250911,CLCO332779
2026-10-02 15:44:10,DANG_KY,250070,LESK120190
2026-10-02 15:44:10,DANG_KY,250993,MATH143001
2026-10-02 15:44:10,DANG_KY,250665,DBMS330284
2026-10-02 15:44:10,DANG_KY,250200,WEPR330479
2026-10-02 15:44:10,DANG_KY,250355,PRTE230385
2026-10-02 15:44:10,HUY_MON,250271,OPSY330280
2026-10-02 15:44:10,DANG_KY,250653,GELA236939
2026-10-02 15:44:10,DANG_KY,250210,DIPR430685
2026-10-02 15:44:10,DANG_KY,250557,OPSY330280
2026-10-02 15:44:10,DANG_KY,250396,SPPR330885
2026-10-02 15:44:10,DANG_KY,250687,INMA220305
2026-10-02 15:44:10,DANG_KY,250158,INSO321005
2026-10-02 15:44:10,HUY_MON,250548,ENCS330537
2026-10-02 15:44:10,DANG_KY,250200,LLCT130105
2026-10-02 15:44:10,DANG_KY,250903,LLCT120405
2026-10-02 15:44:10,HUY_MON,250949,DBSY240184
2026-10-02 15:44:10,DANG_KY,250665,LLCT120314
2026-10-02 15:44:10,DANG_KY,250712,DIPR430685
2026-10-02 15:44:10,DANG_KY,250387,OPSY330280
2026-10-02 15:44:10,DANG_KY,250258,INIT130185
2026-10-02 15:44:10,HUY_MON,250798,INSE330380
2026-10-02 15:44:10,HUY_MON,250619,GEFC220105
2026-10-02 15:44:10,DANG_KY,250143,LLCT120314
2026-10-02 15:44:10,HUY_MON,250013,INOT231780
2026-10-02 15:44:10,DANG_KY,250777,DBSY240184
2026-10-02 15:44:10,DANG_KY,250856,IPPA233277
2026-10-02 15:44:10,DANG_KY,250739,CLCO332779
2026-10-02 15:44:10,DANG_KY,250160,WIPR230579
2026-10-02 15:44:10,DANG_KY,250323,IQMA220205
2026-10-02 15:44:10,DANG_KY,250120,WOPS120390
2026-10-02 15:44:10,DANG_KY,250171,CLCO332779
2026-10-02 15:44:10,HUY_MON,250593,DBSY240184
2026-10-02 15:44:10,DANG_KY,250317,INPR140285
2026-10-02 15:44:10,DANG_KY,250244,WIPR230579
2026-10-02 15:44:10,DANG_KY,250581,NEES330380
2026-10-02 15:44:10,DANG_KY,250820,ARIN330585
2026-10-02 15:44:10,DANG_KY,250247,MATH143001
2026-10-02 15:44:10,DANG_KY,250414,MATH132401
2026-10-02 15:44:10,DANG_KY,250537,DASA230179
2026-10-02 15:44:10,DANG_KY,250536,MATH132401
2026-10-02 15:44:10,DANG_KY,250403,PHYS111202
2026-10-02 15:44:10,HUY_MON,250497,OPSY330280
2026-10-02 15:44:10,DANG_KY,250485,DBMS330284
2026-10-02 15:44:10,HUY_MON,250945,LLCT120405
2026-10-02 15:44:10,DANG_KY,250821,LLCT120405
2026-10-02 15:44:10,DANG_KY,250284,WIPR230579
2026-10-02 15:44:10,DANG_KY,250917,SOEN330679
2026-10-02 15:44:10,DANG_KY,250148,SPPR330885
2026-10-02 15:44:10,DANG_KY,250695,DASA230179
2026-10-02 15:44:10,HUY_MON,250803,INPR140285
2026-10-02 15:44:10,DANG_KY,250287,FOIT331380
2026-10-02 15:44:10,DANG_KY,250998,ESYS431080
2026-10-02 15:44:10,DANG_KY,250401,EEEN234162
2026-10-02 15:44:10,DANG_KY,250080,WOPS120390
2026-10-02 15:44:10,HUY_MON,250281,PRTE230385
2026-10-02 15:44:10,HUY_MON,250637,LLCT120314
2026-10-02 15:44:10,VAO_HANG_CHO,250271,PRBE214262
2026-10-02 15:44:10,DANG_KY,250902,LLCT220514
2026-10-02 15:44:10,DANG_KY,250257,LLCT120314
2026-10-02 15:44:10,HUY_MON,250287,LLCT120405
2026-10-02 15:44:10,DANG_KY,250851,LLCT120314
2026-10-02 15:44:10,DANG_KY,250482,IVNC320905
2026-10-02 15:44:10,DANG_KY,250987,FOIT331380
2026-10-02 15:44:10,HUY_MON,250506,SPPR330885
2026-10-02 15:44:10,DANG_KY,250678,INLO220405
2026-10-02 15:44:10,DANG_KY,250377,MATH132501
2026-10-02 15:44:10,DANG_KY,250374,INIT130185
2026-10-02 15:44:10,DANG_KY,250657,INPR140285
2026-10-02 15:44:10,DANG_KY,250456,OOPR230279
2026-10-02 15:44:10,DANG_KY,250731,DASA230179
2026-10-02 15:44:10,DANG_KY,250458,ENCS330537
2026-10-02 15:44:10,HUY_MON,250560,INLO220405
2026-10-02 15:44:10,DANG_KY,250252,OOPR230279
2026-10-02 15:44:10,DANG_KY,250359,GEFC220105
2026-10-02 15:44:10,DANG_KY,250350,PHYS130902
2026-10-02 15:44:10,HUY_MON,250218,INSO321005
2026-10-02 15:44:10,HUY_MON,250035,PRTE230385
2026-10-02 15:44:10,HUY_MON,250866,WOPS120390
2026-10-02 15:44:10,DANG_KY,250184,IVNC320905
2026-10-02 15:44:10,DANG_KY,250443,PRTE230385
2026-10-02 15:44:10,DANG_KY,250600,SPPR330885
2026-10-02 15:44:10,DANG_KY,250299,ECOM430984
2026-10-02 15:44:10,DANG_KY,250058,WEPR330479
2026-10-02 15:44:10,DANG_KY,250733,NEES330380
2026-10-02 15:44:10,HUY_MON,250683,FOIT331380
2026-10-02 15:44:10,HUY_MON,250343,PRTE230385
2026-10-02 15:44:10,DANG_KY,250827,MATH143001
2026-10-02 15:44:10,DANG_KY,250482,DIGR240485
2026-10-02 15:44:10,DANG_KY,250845,CLCO332779
2026-10-02 15:44:10,DANG_KY,250770,INSO321005
2026-10-02 15:44:10,HUY_MON,250683,MATH132501
2026-10-02 15:44:10,DANG_KY,250399,DASA230179
2026-10-02 15:44:10,HUY_MON,250653,OPSY330280
2026-10-02 15:44:10,DANG_KY,250369,CLCO332779
2026-10-02 15:44:10,HUY_MON,250887,LLCT120405
2026-10-02 15:44:10,DANG_KY,250139,IQMA220205
2026-10-02 15:44:10,DANG_KY,250642,LLCT130105
2026-10-02 15:44:10,DANG_KY,250341,IQMA220205
2026-10-02 15:44:10,DANG_KY,250796,DIPR430685
2026-10-02 15:44:10,DANG_KY,250462,INIT130185
2026-10-02 15:44:10,DANG_KY,250361,MATH143001
2026-10-02 15:44:10,HUY_MON,250799,MATH132501
2026-10-02 15:44:10,DANG_KY,250619,INPR140285
2026-10-02 15:44:10,DANG_KY,250202,ESYS431080
2026-10-02 15:44:10,DANG_KY,250365,INPR140285
2026-10-02 15:44:10,DANG_KY,250732,LLCT120205
2026-10-02 15:44:10,DANG_KY,250757,PRTE230385
2026-10-02 15:44:10,DANG_KY,250292,IPPA233277
2026-10-02 15:44:10,DANG_KY,250623,CLCO332779
2026-10-02 15:44:10,DANG_KY,250494,INSO321005
2026-10-02 15:44:10,DANG_KY,250049,NEES330380
2026-10-02 15:44:10,DANG_KY,250352,PHYS130902
2026-10-02 15:44:10,VAO_HANG_CHO,250339,PRBE214262
2026-10-02 15:44:10,DANG_KY,250026,DIPR430685
2026-10-02 15:44:10,DANG_KY,250749,DBSY240184
2026-10-02 15:44:10,HUY_MON,250787,ECOM430984
2026-10-02 15:44:10,DANG_KY,250103,SOEN330679
2026-10-02 15:44:10,DANG_KY,250528,DIGR240485
2026-10-02 15:44:10,HUY_MON,250043,INPR140285
2026-10-02 15:44:10,DANG_KY,250421,MOPR331279
2026-10-02 15:44:10,DANG_KY,250138,OOPR230279
2026-10-02 15:44:10,DANG_KY,250629,MOPR331279
2026-10-02 15:44:10,DANG_KY,250100,LLCT130105
2026-10-02 15:44:10,DANG_KY,250110,PHYS130902
2026-10-02 15:44:10,DANG_KY,250631,NEES330380
2026-10-02 15:44:10,DANG_KY,250414,OOPR230279
2026-10-02 15:44:10,DANG_KY,250201,DASA230179
2026-10-02 15:44:10,DANG_KY,250726,LLCT220514
2026-10-02 15:44:10,DANG_KY,250841,IQMA220205
2026-10-02 15:44:10,HUY_MON,250783,MATH132501
2026-10-02 15:44:10,DANG_KY,250163,OPSY330280
2026-10-02 15:44:10,HUY_MON,250337,GELA236939
2026-10-02 15:44:10,HUY_MON,250142,DIPR430685
2026-10-02 15:44:10,HUY_MON,250087,EEEN234162
2026-10-02 15:44:10,DANG_KY,250187,DASA230179
2026-10-02 15:44:10,HUY_MON,250281,FOIT331380
2026-10-02 15:44:10,DANG_KY,250939,LLCT120314
2026-10-02 15:44:10,DANG_KY,250426,INSO321005
2026-10-02 15:44:10,DANG_KY,250404,CAAL230180
2026-10-02 15:44:10,DANG_KY,250357,OPSY330280
2026-10-02 15:44:10,DANG_KY,250596,CAAL230180
2026-10-02 15:44:10,DANG_KY,250175,MOPR331279
2026-10-02 15:44:10,DANG_KY,250958,IVNC320905
2026-10-02 15:44:10,DANG_KY,250025,IQMA220205
2026-10-02 15:44:10,DANG_KY,250808,DIGR240485
2026-10-02 15:44:10,DANG_KY,250067,GELA236939
2026-10-02 15:44:10,DANG_KY,250218,ARIN330585
2026-10-02 15:44:10,DANG_KY,250245,OPSY330280
2026-10-02 15:44:10,DANG_KY,250284,SPPR330885
2026-10-02 15:44:10,HUY_MON,250071,INOT231780
2026-10-02 15:44:10,DANG_KY,250339,MOPR331279
2026-10-02 15:44:10,HUY_MON,250047,INMA220305
2026-10-02 15:44:10,HUY_MON,250986,DIGR240485
2026-10-02 15:44:10,DANG_KY,250102,DIGR240485
2026-10-02 15:44:10,HUY_MON,250127,PRBE214262
2026-10-02 15:44:10,DON_LEN_CHINH_THUC,250831,PRBE214262
2026-10-02 15:44:10,DANG_KY,250531,LLCT120405
2026-10-02 15:44:10,DANG_KY,250379,PRTE230385
2026-10-02 15:44:10,DANG_KY,250466,ARIN330585
2026-10-02 15:44:10,DANG_KY,250885,NEES330380
2026-10-02 15:44:10,DANG_KY,250956,MATH132901
2026-10-02 15:44:10,HUY_MON,250746,MATH132401
2026-10-02 15:44:10,DANG_KY,250460,DIGR240485
2026-10-02 15:44:10,HUY_MON,250778,SPPR330885
2026-10-02 15:44:10,DANG_KY,250054,MATH132401
2026-10-02 15:44:10,DANG_KY,250859,IQMA220205
2026-10-02 15:44:10,DANG_KY,250232,INIT130185
2026-10-02 15:44:10,VAO_HANG_CHO,250147,PRBE214262
2026-10-02 15:44:10,DANG_KY,250656,WOPS120390
2026-10-02 15:44:10,DANG_KY,250011,DASA230179
2026-10-02 15:44:10,DANG_KY,250626,INSE330380
2026-10-02 15:44:10,DANG_KY,250131,INMA220305
2026-10-02 15:44:10,DANG_KY,250768,WOPS120390
2026-10-02 15:44:10,HUY_MON,250758,DIGR240485
2026-10-02 15:44:10,HUY_MON,250002,WEPR330479
2026-10-02 15:44:10,DANG_KY,250220,MATH132401
2026-10-02 15:44:10,HUY_MON,250058,PHYS130902
2026-10-02 15:44:10,DANG_KY,250414,LESK120190
2026-10-02 15:44:10,DANG_KY,250625,ECOM430984
2026-10-02 15:44:10,DANG_KY,250400,DIPR430685
2026-10-02 15:44:10,DANG_KY,250919,CLCO332779
2026-10-02 15:44:10,HUY_MON,250334,SPPR330885
2026-10-02 15:44:10,DANG_KY,250122,LLCT220514
2026-10-02 15:44:10,HUY_MON,250120,WOPS120390
2026-10-02 15:44:10,DANG_KY,250668,ENCS330537
2026-10-02 15:44:10,VAO_HANG_CHO,250983,PRBE214262
2026-10-02 15:44:10,DANG_KY,250238,OOPR230279
2026-10-02 15:44:10,DANG_KY,250985,INOT231780
2026-10-02 15:44:10,DANG_KY,250600,ENCS330537
2026-10-02 15:44:10,DANG_KY,250739,ECOM430984
2026-10-02 15:44:10,DANG_KY,250394,LLCT120205
2026-10-02 15:44:10,DANG_KY,250475,IQMA220205
2026-10-02 15:44:10,HUY_MON,250479,PHYS111202
2026-10-02 15:44:10,HUY_MON,250382,LLCT220514
2026-10-02 15:44:10,HUY_MON,250809,INPR140285
2026-10-02 15:44:10,DANG_KY,250355,LLCT120405
2026-10-02 15:44:10,DANG_KY,250834,SPPR330885
2026-10-02 15:44:10,DANG_KY,250957,SOEN330679
2026-10-02 15:44:10,DANG_KY,250828,CAAL230180
2026-10-02 15:44:10,HUY_MON,250378,INLO220405
2026-10-02 15:44:10,DANG_KY,250670,PHYS130902
2026-10-02 15:44:10,HUY_MON,250113,INMA220305
2026-10-02 15:44:10,DANG_KY,250725,OPSY330280
2026-10-02 15:44:10,DANG_KY,250692,SPPR330885
2026-10-02 15:44:10,HUY_MON,250194,PHYS130902
2026-10-02 15:44:10,DANG_KY,250822,WEPR330479
2026-10-02 15:44:10,DANG_KY,250929,SOEN330679
2026-10-02 15:44:10,DANG_KY,251000,CAAL230180
2026-10-02 15:44:10,HUY_MON,250222,LLCT220514
2026-10-02 15:44:10,DANG_KY,250466,INIT130185
2026-10-02 15:44:10,DANG_KY,250677,DBSY240184
2026-10-02 15:44:10,DANG_KY,250916,MALE431984
2026-10-02 15:44:10,DANG_KY,250855,PHYS111202
2026-10-02 15:44:10,DANG_KY,250590,LESK120190
2026-10-02 15:44:10,HUY_MON,250788,WEPR330479
2026-10-02 15:44:10,HUY_MON,250959,LLCT120405
2026-10-02 15:44:10,DANG_KY,250859,PHYS111202
2026-10-02 15:44:10,HUY_MON,250417,SOEN330679
2026-10-02 15:44:10,HUY_MON,250616,LESK120190
2026-10-02 15:44:10,DANG_KY,250396,ENCS330537
2026-10-02 15:44:10,DANG_KY,250015,INMA220305
2026-10-02 15:44:10,DANG_KY,250970,INSO321005
2026-10-02 15:44:10,DANG_KY,250157,MATH143001
2026-10-02 15:44:10,DANG_KY,250756,INSE330380
2026-10-02 15:44:10,DANG_KY,250423,CLCO332779
2026-10-02 15:44:10,DANG_KY,250838,MATH132401
2026-10-02 15:44:10,VAO_HANG_CHO,250281,PRBE214262
2026-10-02 15:44:10,DANG_KY,250864,CAAL230180
2026-10-02 15:44:10,DANG_KY,250619,MATH132501
2026-10-02 15:44:10,HUY_MON,250793,MATH132501
2026-10-02 15:44:10,DANG_KY,250333,INOT231780
2026-10-02 15:44:10,DANG_KY,250620,IPPA233277
2026-10-02 15:44:10,DANG_KY,250815,OPSY330280
2026-10-02 15:44:10,DANG_KY,250358,WIPR230579
2026-10-02 15:44:10,DANG_KY,250913,DASA230179
2026-10-02 15:44:10,HUY_MON,250651,GEFC220105
2026-10-02 15:44:10,HUY_MON,250647,NEES330380
2026-10-02 15:44:10,DANG_KY,250585,IQMA220205
2026-10-02 15:44:10,DANG_KY,251000,DIGR240485
2026-10-02 15:44:10,DANG_KY,250299,GELA236939
2026-10-02 15:44:10,HUY_MON,250257,FOIT331380
2026-10-02 15:44:10,DANG_KY,250989,INPR140285
2026-10-02 15:44:10,DANG_KY,250580,LLCT130105
2026-10-02 15:44:10,DANG_KY,250391,SOEN330679
2026-10-02 15:44:10,HUY_MON,250989,NEES330380
2026-10-02 15:44:10,HUY_MON,250116,ARIN330585
2026-10-02 15:44:10,DANG_KY,250792,CAAL230180
2026-10-02 15:44:10,HUY_MON,250811,PRBE214262
2026-10-02 15:44:10,DON_LEN_CHINH_THUC,250271,PRBE214262
2026-10-02 15:44:10,DANG_KY,250663,INOT231780
2026-10-02 15:44:10,DANG_KY,250982,WIPR230579
2026-10-02 15:44:10,DANG_KY,250089,ECOM430984
2026-10-02 15:44:10,HUY_MON,250236,SPPR330885
2026-10-02 15:44:10,DANG_KY,250680,MATH132401
2026-10-02 15:44:10,DANG_KY,250059,NEES330380
2026-10-02 15:44:10,DANG_KY,250714,INSO321005
2026-10-02 15:44:10,HUY_MON,250336,MATH132401
2026-10-02 15:44:10,HUY_MON,250851,NEES330380
2026-10-02 15:44:10,VAO_HANG_CHO,250207,PRBE214262
2026-10-02 15:44:10,DANG_KY,250326,OOPR230279
2026-10-02 15:44:10,DANG_KY,250857,LLCT120314
2026-10-02 15:44:10,DANG_KY,250936,WOPS120390
2026-10-02 15:44:10,HUY_MON,250674,DIPR430685
2026-10-02 15:44:10,DANG_KY,250686,MATH132901
2026-10-02 15:44:10,DANG_KY,250119,SOEN330679
2026-10-02 15:44:10,DANG_KY,250750,INSO321005
2026-10-02 15:44:10,HUY_MON,250370,WEPR330479
2026-10-02 15:44:10,DANG_KY,250694,IVNC320905
2026-10-02 15:44:10,DANG_KY,250037,LLCT120405
2026-10-02 15:44:10,DANG_KY,250060,LLCT220514
2026-10-02 15:44:10,HUY_MON,250216,MATH132401
2026-10-02 15:44:10,DANG_KY,250850,ENCS330537
2026-10-02 15:44:10,DANG_KY,250124,LLCT220514
2026-10-02 15:44:10,HUY_MON,250530,MATH132901
2026-10-02 15:44:10,DANG_KY,250006,MATH132401
2026-10-02 15:44:10,DANG_KY,250137,LLCT120314
2026-10-02 15:44:10,HUY_MON,250391,PRTE230385
2026-10-02 15:44:10,HUY_MON,250846,OOPR230279
2026-10-02 15:44:10,DANG_KY,250241,INMA220305
2026-10-02 15:44:10,DANG_KY,250520,LLCT130105
2026-10-02 15:44:10,HUY_MON,250790,OOPR230279
2026-10-02 15:44:10,DANG_KY,250714,WEPR330479
2026-10-02 15:44:10,DANG_KY,250853,OPSY330280
2026-10-02 15:44:10,DANG_KY,250250,ARIN330585
2026-10-02 15:44:10,DANG_KY,250005,ENPS220591
2026-10-02 15:44:10,DANG_KY,250468,WEPR330479
2026-10-02 15:44:10,DANG_KY,250959,INMA220305
2026-10-02 15:44:10,HUY_MON,250467,PHYS111202
2026-10-02 15:44:10,DANG_KY,250631,DASA230179
2026-10-02 15:44:10,DANG_KY,250026,WIPR230579
2026-10-02 15:44:10,HUY_MON,250072,MALE431984
2026-10-02 15:44:10,HUY_MON,250923,INOT231780
2026-10-02 15:44:10,DANG_KY,250255,GELA236939
2026-10-02 15:44:10,DANG_KY,250110,LESK120190
2026-10-02 15:44:10,DANG_KY,250905,OPSY330280
2026-10-02 15:44:10,DANG_KY,250219,DASA230179
2026-10-02 15:44:10,DANG_KY,250882,WIPR230579
2026-10-02 15:44:10,HUY_MON,250502,MALE431984
2026-10-02 15:44:10,HUY_MON,250025,MATH143001
2026-10-02 15:44:10,DANG_KY,250867,ECOM430984
2026-10-02 15:44:10,DANG_KY,250736,SPPR330885
2026-10-02 15:44:10,DANG_KY,250819,GELA236939
2026-10-02 15:44:10,DANG_KY,250624,OOPR230279
2026-10-02 15:44:10,DANG_KY,250483,OPSY330280
2026-10-02 15:44:10,DANG_KY,250754,MALE431984
2026-10-02 15:44:10,DANG_KY,250285,MOPR331279
2026-10-02 15:44:10,DANG_KY,250042,MATH132401
2026-10-02 15:44:10,HUY_MON,250798,CAAL230180
2026-10-02 15:44:10,DANG_KY,250370,DIPR430685
2026-10-02 15:44:10,HUY_MON,250856,IPPA233277
2026-10-02 15:44:10,DANG_KY,250602,CAAL230180
2026-10-02 15:44:10,DANG_KY,250485,PRTE230385
2026-10-02 15:44:10,DANG_KY,250164,MALE431984
2026-10-02 15:44:10,HUY_MON,250415,GEFC220105
2026-10-02 15:44:10,HUY_MON,250478,DIPR430685
2026-10-02 15:44:10,DANG_KY,250442,IVNC320905
2026-10-02 15:44:10,HUY_MON,250936,WOPS120390
2026-10-02 15:44:10,DANG_KY,250884,MATH132401
2026-10-02 15:44:10,DANG_KY,250935,MATH132501
2026-10-02 15:44:10,DANG_KY,250798,WOPS120390
2026-10-02 15:44:10,HUY_MON,250284,SPPR330885
2026-10-02 15:44:10,DANG_KY,250760,INSE330380
2026-10-02 15:44:10,DANG_KY,250130,LESK120190
2026-10-02 15:44:10,HUY_MON,250688,IVNC320905
2026-10-02 15:44:10,DANG_KY,250794,PHYS130902
2026-10-02 15:44:10,DANG_KY,250709,CLCO332779
2026-10-02 15:44:10,DANG_KY,250900,INIT130185
2026-10-02 15:44:10,DANG_KY,250775,IQMA220205
2026-10-02 15:44:10,HUY_MON,250421,MOPR331279
2026-10-02 15:44:10,DANG_KY,250217,MATH143001
2026-10-02 15:44:10,DANG_KY,250184,MATH132901
2026-10-02 15:44:10,HUY_MON,250422,INSO321005
2026-10-02 15:44:10,DANG_KY,250746,ENCS330537
2026-10-02 15:44:10,DANG_KY,250477,GELA236939
2026-10-02 15:44:10,DANG_KY,250962,CAAL230180
2026-10-02 15:44:10,DANG_KY,250957,GEFC220105
2026-10-02 15:44:10,DANG_KY,250492,MALE431984
2026-10-02 15:44:10,DANG_KY,250359,ENPS220591
2026-10-02 15:44:10,DANG_KY,250436,OOPR230279
2026-10-02 15:44:10,VAO_HANG_CHO,250015,PRBE214262
2026-10-02 15:44:10,HUY_MON,250357,DBSY240184
2026-10-02 15:44:10,DANG_KY,250121,DBSY240184
2026-10-02 15:44:10,DANG_KY,250174,ARIN330585
2026-10-02 15:44:10,DANG_KY,250145,MATH143001
2026-10-02 15:44:10,DANG_KY,250294,INSE330380
2026-10-02 15:44:10,HUY_MON,250540,MALE431984
2026-10-02 15:44:10,DANG_KY,250264,OOPR230279
2026-10-02 15:44:10,DANG_KY,250499,MATH143001
2026-10-02 15:44:10,DANG_KY,250160,CAAL230180
2026-10-02 15:44:10,HUY_MON,250128,LLCT120205
2026-10-02 15:44:10,DANG_KY,250260,IVNC320905
2026-10-02 15:44:10,DANG_KY,250423,DASA230179
2026-10-02 15:44:10,DANG_KY,250086,DIGR240485
2026-10-02 15:44:10,HUY_MON,250766,MATH132901
2026-10-02 15:44:10,DANG_KY,250680,MATH132901
2026-10-02 15:44:10,DANG_KY,250787,DBSY240184
2026-10-02 15:44:10,DANG_KY,250370,INIT130185
2026-10-02 15:44:10,DANG_KY,250597,GELA236939
2026-10-02 15:44:10,DANG_KY,250156,IPPA233277
2026-10-02 15:44:10,DANG_KY,250429,PHYS111202
2026-10-02 15:44:10,DANG_KY,250820,MALE431984
2026-10-02 15:44:10,DANG_KY,250966,ARIN330585
2026-10-02 15:44:10,DANG_KY,250024,MALE431984
2026-10-02 15:44:10,DANG_KY,250171,PRTE230385
2026-10-02 15:44:10,DANG_KY,250690,LESK120190
2026-10-02 15:44:10,DANG_KY,250867,ENPS220591
2026-10-02 15:44:10,DANG_KY,250258,DIGR240485
2026-10-02 15:44:10,HUY_MON,250480,WEPR330479
2026-10-02 15:44:10,DANG_KY,250404,WOPS120390
2026-10-02 15:44:10,DANG_KY,250462,OOPR230279
2026-10-02 15:44:10,DANG_KY,250489,PHYS111202
2026-10-02 15:44:10,DANG_KY,250208,WIPR230579
2026-10-02 15:44:10,DANG_KY,250636,LLCT130105
2026-10-02 15:44:10,DANG_KY,250846,ARIN330585
2026-10-02 15:44:10,DANG_KY,250153,MOPR331279
2026-10-02 15:44:10,HUY_MON,250631,NEES330380
2026-10-02 15:44:10,DANG_KY,250123,INMA220305
2026-10-02 15:44:10,DANG_KY,250562,LESK120190
2026-10-02 15:44:10,DANG_KY,250589,PHYS111202
2026-10-02 15:44:10,HUY_MON,250587,NEES330380
2026-10-02 15:44:10,HUY_MON,250858,CAAL230180
2026-10-02 15:44:10,DANG_KY,250182,ARIN330585
2026-10-02 15:44:10,HUY_MON,250828,LLCT120205
2026-10-02 15:44:10,DANG_KY,250440,LLCT220514
2026-10-02 15:44:10,VAO_HANG_CHO,250059,PHYS111202
2026-10-02 15:44:10,DANG_KY,250218,ENCS330537
2026-10-02 15:44:10,DANG_KY,250037,LLCT120314
2026-10-02 15:44:10,HUY_MON,250419,GEFC220105
2026-10-02 15:44:10,DANG_KY,250327,PRTE230385
2026-10-02 15:44:10,DANG_KY,250998,IPPA233277
2026-10-02 15:44:10,DANG_KY,250441,GELA236939
2026-10-02 15:44:10,DANG_KY,250752,WOPS120390
2026-10-02 15:44:10,DANG_KY,250683,DBMS330284
2026-10-02 15:44:10,DANG_KY,250226,ARIN330585
2026-10-02 15:44:10,HUY_MON,250220,MATH132401
2026-10-02 15:44:10,HUY_MON,250956,MATH132901
2026-10-02 15:44:10,DANG_KY,250024,INIT130185
2026-10-02 15:44:10,DANG_KY,250161,MATH143001
2026-10-02 15:44:10,DANG_KY,250136,PHYS130902
2026-10-02 15:44:10,DANG_KY,250187,NEES330380
2026-10-02 15:44:10,DANG_KY,250658,MATH132901
2026-10-02 15:44:10,DANG_KY,250973,CLCO332779
2026-10-02 15:44:10,HUY_MON,250939,LLCT120314
2026-10-02 15:44:10,DANG_KY,250709,OPSY330280
2026-10-02 15:44:10,DANG_KY,250572,INLO220405
2026-10-02 15:44:10,DANG_KY,250719,IQMA220205
2026-10-02 15:44:10,DANG_KY,250630,WOPS120390
2026-10-02 15:44:10,DANG_KY,250489,FOIT331380
2026-10-02 15:44:10,DANG_KY,250912,IPPA233277
2026-10-02 15:44:10,DANG_KY,250787,INOT231780
2026-10-02 15:44:10,DANG_KY,250042,OOPR230279
2026-10-02 15:44:10,VAO_HANG_CHO,250829,PRBE214262
2026-10-02 15:44:10,DANG_KY,250444,INLO220405
2026-10-02 15:44:10,DANG_KY,250349,CLCO332779
2026-10-02 15:44:10,DANG_KY,250452,LLCT130105
2026-10-02 15:44:10,DANG_KY,250735,INMA220305
2026-10-02 15:44:10,HUY_MON,250909,FOIT331380
2026-10-02 15:44:10,DANG_KY,250279,MOPR331279
2026-10-02 15:44:10,DANG_KY,250422,LLCT130105
2026-10-02 15:44:10,DANG_KY,250113,OPSY330280
2026-10-02 15:44:10,DANG_KY,250880,ARIN330585
2026-10-02 15:44:10,DANG_KY,250345,INPR140285
2026-10-02 15:44:10,DANG_KY,250961,GELA236939
2026-10-02 15:44:10,HUY_MON,250319,LLCT120314
2026-10-02 15:44:10,DANG_KY,250435,CLCO332779
2026-10-02 15:44:10,DANG_KY,250450,MALE431984
2026-10-02 15:44:10,DANG_KY,250205,MOPR331279
2026-10-02 15:44:10,DANG_KY,250398,ARIN330585
2026-10-02 15:44:10,DANG_KY,250385,IQMA220205
2026-10-02 15:44:10,DANG_KY,250872,ENCS330537
2026-10-02 15:44:10,DANG_KY,250321,NEES330380
2026-10-02 15:44:10,DANG_KY,250588,IVNC320905
2026-10-02 15:44:10,HUY_MON,250024,MALE431984
2026-10-02 15:44:10,DANG_KY,250116,IVNC320905
2026-10-02 15:44:10,DANG_KY,250143,IQMA220205
2026-10-02 15:44:10,HUY_MON,250021,SOEN330679
2026-10-02 15:44:10,HUY_MON,250129,NEES330380
2026-10-02 15:44:10,VAO_HANG_CHO,250181,PRBE214262
2026-10-02 15:44:10,HUY_MON,250418,ENCS330537
2026-10-02 15:44:10,DANG_KY,250568,WIPR230579
2026-10-02 15:44:10,DANG_KY,250087,OPSY330280
2026-10-02 15:44:10,DANG_KY,250158,OOPR230279
2026-10-02 15:44:10,HUY_MON,250380,INSE330380
2026-10-02 15:44:10,DANG_KY,250752,SPPR330885
2026-10-02 15:44:10,HUY_MON,250070,LESK120190
2026-10-02 15:44:10,DANG_KY,250418,INIT130185
2026-10-02 15:44:10,HUY_MON,250792,CAAL230180
2026-10-02 15:44:10,DANG_KY,250530,ESYS431080
2026-10-02 15:44:10,DANG_KY,250069,ECOM430984
2026-10-02 15:44:10,DANG_KY,250172,SPPR330885
2026-10-02 15:44:10,DANG_KY,250127,DBMS330284
2026-10-02 15:44:10,DANG_KY,250454,INSE330380
2026-10-02 15:44:10,DANG_KY,250288,INLO220405
2026-10-02 15:44:10,DANG_KY,250068,LESK120190
2026-10-02 15:44:10,HUY_MON,250338,INSE330380
2026-10-02 15:44:10,DANG_KY,250788,LLCT220514
2026-10-02 15:44:10,DANG_KY,250223,EEEN234162
2026-10-02 15:44:10,DANG_KY,250678,ARIN330585
2026-10-02 15:44:10,DANG_KY,250358,LLCT130105
2026-10-02 15:44:10,DANG_KY,250849,CLCO332779
2026-10-02 15:44:10,DANG_KY,250072,DIGR240485
2026-10-02 15:44:10,HUY_MON,250083,INOT231780
2026-10-02 15:44:10,DANG_KY,250703,NEES330380
2026-10-02 15:44:10,HUY_MON,250912,IPPA233277
2026-10-02 15:44:10,DANG_KY,250874,ARIN330585
2026-10-02 15:44:10,HUY_MON,250885,NEES330380
2026-10-02 15:44:10,DANG_KY,250689,INMA220305
2026-10-02 15:44:10,DANG_KY,250686,ARIN330585
2026-10-02 15:44:10,DANG_KY,250769,CLCO332779
2026-10-02 15:44:10,DANG_KY,250056,INLO220405
2026-10-02 15:44:10,HUY_MON,250260,INSO321005
2026-10-02 15:44:10,DANG_KY,250248,WEPR330479
2026-10-02 15:44:10,DANG_KY,250491,IQMA220205
2026-10-02 15:44:10,DANG_KY,250138,CAAL230180
2026-10-02 15:44:10,DANG_KY,250421,INOT231780
2026-10-02 15:44:10,DANG_KY,250244,PHYS130902
2026-10-02 15:44:10,HUY_MON,250911,CLCO332779
2026-10-02 15:44:10,HUY_MON,250590,LESK120190
2026-10-02 15:44:10,DANG_KY,250530,LLCT120205
2026-10-02 15:44:10,DANG_KY,250149,NEES330380
2026-10-02 15:44:10,HUY_MON,250931,INMA220305
2026-10-02 15:44:10,HUY_MON,250074,MALE431984
2026-10-02 15:44:10,DANG_KY,250526,ARIN330585
2026-10-02 15:44:10,DANG_KY,250321,PRTE230385
2026-10-02 15:44:10,DANG_KY,250840,PHYS130902
2026-10-02 15:44:10,DANG_KY,250779,ENPS220591
2026-10-02 15:44:10,DANG_KY,250058,DIPR430685
2026-10-02 15:44:10,DANG_KY,250797,OPSY330280
2026-10-02 15:44:10,DANG_KY,250410,DIGR240485
2026-10-02 15:44:10,HUY_MON,250232,DIGR240485
2026-10-02 15:44:10,HUY_MON,250324,LLCT220514
2026-10-02 15:44:10,DANG_KY,250536,CAAL230180
2026-10-02 15:44:10,DANG_KY,250227,INMA220305
2026-10-02 15:44:10,HUY_MON,250127,DBMS330284
2026-10-02 15:44:10,DANG_KY,250387,INOT231780
2026-10-02 15:44:10,DANG_KY,250874,WOPS120390
2026-10-02 15:44:10,DANG_KY,250403,PRTE230385
2026-10-02 15:44:10,HUY_MON,250666,INIT130185
2026-10-02 15:44:10,DANG_KY,250079,EEEN234162
2026-10-02 15:44:10,DANG_KY,250774,OOPR230279
2026-10-02 15:44:10,HUY_MON,250964,INSO321005
2026-10-02 15:44:10,DANG_KY,250432,IPPA233277
2026-10-02 15:44:10,HUY_MON,250699,MATH143001
2026-10-02 15:44:10,DANG_KY,250575,LLCT120405
2026-10-02 15:44:10,DANG_KY,250332,WEPR330479
2026-10-02 15:44:10,DANG_KY,250429,OPSY330280
2026-10-02 15:44:10,DANG_KY,250092,ARIN330585
2026-10-02 15:44:10,DANG_KY,250583,DBSY240184
2026-10-02 15:44:10,HUY_MON,250725,PHYS111202
2026-10-02 15:44:10,DON_LEN_CHINH_THUC,250059,PHYS111202
2026-10-02 15:44:10,VAO_HANG_CHO,250153,PHYS111202
2026-10-02 15:44:10,HUY_MON,250728,LLCT220514
2026-10-02 15:44:10,HUY_MON,250755,INMA220305
2026-10-02 15:44:10,DANG_KY,250389,IQMA220205
2026-10-02 15:44:10,DANG_KY,250322,MATH132401
2026-10-02 15:44:10,VAO_HANG_CHO,250485,PHYS111202
2026-10-02 15:44:10,DANG_KY,250426,MALE431984
2026-10-02 15:44:10,DANG_KY,250163,ECOM430984
2026-10-02 15:44:10,DANG_KY,250770,CAAL230180
2026-10-02 15:44:10,DANG_KY,250404,INSE330380
2026-10-02 15:44:10,DANG_KY,250943,ENPS220591
2026-10-02 15:44:10,HUY_MON,250885,MATH132501
2026-10-02 15:44:10,HUY_MON,250220,IPPA233277
2026-10-02 15:44:10,HUY_MON,250647,ECOM430984
2026-10-02 15:44:10,DANG_KY,250507,FOIT331380
2026-10-02 15:44:10,DANG_KY,250314,CAAL230180
2026-10-02 15:44:10,DANG_KY,250395,CLCO332779
2026-10-02 15:44:10,HUY_MON,250625,CLCO332779
2026-10-02 15:44:10,VAO_HANG_CHO,250571,PHYS111202
2026-10-02 15:44:10,HUY_MON,250945,ENPS220591
2026-10-02 15:44:10,HUY_MON,250648,WEPR330479
2026-10-02 15:44:10,HUY_MON,250987,FOIT331380
2026-10-02 15:44:10,HUY_MON,250422,LLCT130105
2026-10-02 15:44:10,HUY_MON,250259,ECOM430984
2026-10-02 15:44:10,HUY_MON,250202,ESYS431080
2026-10-02 15:44:10,HUY_MON,250589,PHYS111202
2026-10-02 15:44:10,DON_LEN_CHINH_THUC,250153,PHYS111202
2026-10-02 15:44:10,HUY_MON,250441,GELA236939
2026-10-02 15:44:10,DANG_KY,250053,ENPS220591
2026-10-02 15:44:10,DANG_KY,250388,LLCT120205
2026-10-02 15:44:10,DANG_KY,250025,ENPS220591
2026-10-02 15:44:10,DANG_KY,250120,INLO220405
2026-10-02 15:44:10,HUY_MON,250574,LESK120190
2026-10-02 15:44:10,DANG_KY,250754,MATH132901
2026-10-02 15:44:10,DANG_KY,250693,INOT231780
2026-10-02 15:44:10,DANG_KY,250956,DIGR240485
2026-10-02 15:44:10,DANG_KY,250229,MATH143001
2026-10-02 15:44:10,DANG_KY,250204,ENCS330537
2026-10-02 15:44:10,DANG_KY,250605,DBSY240184
2026-10-02 15:44:10,HUY_MON,250395,CLCO332779
2026-10-02 15:44:10,DANG_KY,250623,LLCT120405
2026-10-02 15:44:10,DANG_KY,250614,WOPS120390
2026-10-02 15:44:10,DANG_KY,250273,EEEN234162
2026-10-02 15:44:10,DANG_KY,250656,LLCT120205
2026-10-02 15:44:10,HUY_MON,250539,ENPS220591
2026-10-02 15:44:10,HUY_MON,250093,DASA230179
2026-10-02 15:44:10,VAO_HANG_CHO,250049,PHYS111202
2026-10-02 15:44:10,HUY_MON,250279,LLCT120405
2026-10-02 15:44:10,HUY_MON,250371,MOPR331279
2026-10-02 15:44:10,HUY_MON,250610,ENCS330537
2026-10-02 15:44:10,DANG_KY,250478,ENCS330537
2026-10-02 15:44:10,DANG_KY,250113,LLCT120314
2026-10-02 15:44:10,DANG_KY,250492,WIPR230579
2026-10-02 15:44:10,DANG_KY,250927,OPSY330280
2026-10-02 15:44:10,DANG_KY,250822,INLO220405
2026-10-02 15:44:10,HUY_MON,250012,LLCT120205
2026-10-02 15:44:10,DANG_KY,250984,INSO321005
2026-10-02 15:44:10,HUY_MON,250246,INSO321005
2026-10-02 15:44:10,DANG_KY,250093,OPSY330280
2026-10-02 15:44:10,HUY_MON,250331,MOPR331279
2026-10-02 15:44:10,HUY_MON,250498,INIT130185
2026-10-02 15:44:10,DANG_KY,250390,SPPR330885
2026-10-02 15:44:10,DANG_KY,250065,GEFC220105
2026-10-02 15:44:10,HUY_MON,250239,SOEN330679
2026-10-02 15:44:10,DANG_KY,250203,DASA230179
2026-10-02 15:44:10,HUY_MON,250605,CLCO332779
2026-10-02 15:44:10,DANG_KY,250455,MATH132501
2026-10-02 15:44:10,DANG_KY,250518,PHYS130902
2026-10-02 15:44:10,DANG_KY,250849,MATH132501
2026-10-02 15:44:10,DANG_KY,250824,CAAL230180
2026-10-02 15:44:10,DANG_KY,250163,DBSY240184
2026-10-02 15:44:10,DANG_KY,250922,PHYS130902
2026-10-02 15:44:10,DANG_KY,250565,FOIT331380
2026-10-02 15:44:10,DANG_KY,250428,CAAL230180
2026-10-02 15:44:10,DANG_KY,250055,MOPR331279
2026-10-02 15:44:10,DANG_KY,250550,MATH132401
2026-10-02 15:44:10,DANG_KY,250849,PRTE230385
2026-10-02 15:44:10,HUY_MON,250759,ENPS220591
2026-10-02 15:44:10,DANG_KY,250539,OPSY330280
2026-10-02 15:44:10,DANG_KY,250722,INSE330380
2026-10-02 15:44:10,VAO_HANG_CHO,250587,IQMA220205
2026-10-02 15:44:10,HUY_MON,250601,INOT231780
2026-10-02 15:44:10,DANG_KY,250157,FOIT331380
2026-10-02 15:44:10,DANG_KY,250388,ARIN330585
2026-10-02 15:44:10,HUY_MON,250754,PHYS130902
2026-10-02 15:44:10,DANG_KY,250646,LLCT120205
2026-10-02 15:44:10,DANG_KY,250527,INMA220305
2026-10-02 15:44:10,HUY_MON,250051,MATH143001
2026-10-02 15:44:10,DANG_KY,250325,EEEN234162
2026-10-02 15:44:10,HUY_MON,250939,FOIT331380
2026-10-02 15:44:10,DANG_KY,250471,LLCT120314
2026-10-02 15:44:10,DANG_KY,250158,ESYS431080
2026-10-02 15:44:10,DANG_KY,250560,IVNC320905
2026-10-02 15:44:10,HUY_MON,250131,PHYS111202
2026-10-02 15:44:10,DON_LEN_CHINH_THUC,250485,PHYS111202
2026-10-02 15:44:10,HUY_MON,250762,WIPR230579
2026-10-02 15:44:10,HUY_MON,250821,LLCT120405
2026-10-02 15:44:10,HUY_MON,250132,DIGR240485
2026-10-02 15:44:10,DANG_KY,250872,IVNC320905
2026-10-02 15:44:10,DANG_KY,250475,MOPR331279
2026-10-02 15:44:10,DANG_KY,250925,PRTE230385
2026-10-02 15:44:10,DANG_KY,250076,MATH132901
2026-10-02 15:44:10,HUY_MON,250176,INSE330380
2026-10-02 15:44:10,VAO_HANG_CHO,250452,IVNC320905
2026-10-02 15:44:10,DANG_KY,250967,GELA236939
2026-10-02 15:44:10,DANG_KY,250654,INSE330380
2026-10-02 15:44:10,HUY_MON,250036,ESYS431080
2026-10-02 15:44:10,DANG_KY,250616,OOPR230279
2026-10-02 15:44:10,DANG_KY,250977,GEFC220105
2026-10-02 15:44:10,DANG_KY,250696,PHYS130902
2026-10-02 15:44:10,DANG_KY,250281,NEES330380
2026-10-02 15:44:10,HUY_MON,250985,MATH143001
2026-10-02 15:44:10,DANG_KY,250185,SOEN330679
2026-10-02 15:44:10,DANG_KY,250472,MATH132901
2026-10-02 15:44:10,HUY_MON,250278,INSE330380
2026-10-02 15:44:10,DANG_KY,250330,INLO220405
2026-10-02 15:44:10,DANG_KY,250109,DBMS330284
2026-10-02 15:44:10,DANG_KY,250948,MATH132401
2026-10-02 15:44:10,HUY_MON,250351,MOPR331279
2026-10-02 15:44:10,DANG_KY,250419,DBSY240184
2026-10-02 15:44:10,HUY_MON,250197,PRTE230385
2026-10-02 15:44:10,DANG_KY,250319,PRTE230385
2026-10-02 15:44:10,DANG_KY,250838,MALE431984
2026-10-02 15:44:10,HUY_MON,250620,MATH132901
2026-10-02 15:44:10,HUY_MON,250504,WOPS120390
2026-10-02 15:44:10,DANG_KY,250860,CAAL230180
2026-10-02 15:44:10,DANG_KY,250399,ECOM430984
2026-10-02 15:44:10,DANG_KY,250478,MALE431984
2026-10-02 15:44:10,DANG_KY,250913,INOT231780
2026-10-02 15:44:10,DANG_KY,250672,OOPR230279
2026-10-02 15:44:10,DANG_KY,250947,ENPS220591
2026-10-02 15:44:10,DANG_KY,250194,WIPR230579
2026-10-02 15:44:10,DANG_KY,250141,LLCT120314
2026-10-02 15:44:10,DANG_KY,250668,INSE330380
2026-10-02 15:44:10,HUY_MON,250528,DIGR240485
2026-10-02 15:44:10,HUY_MON,250443,INMA220305
2026-10-02 15:44:10,HUY_MON,250818,IPPA233277
2026-10-02 15:44:10,HUY_MON,250989,DBSY240184
2026-10-02 15:44:10,HUY_MON,250562,DIPR430685
2026-10-02 15:44:10,VAO_HANG_CHO,250353,PHYS111202
2026-10-02 15:44:10,HUY_MON,250143,FOIT331380
2026-10-02 15:44:10,HUY_MON,250970,SPPR330885
2026-10-02 15:44:10,DANG_KY,250102,SPPR330885
2026-10-02 15:44:10,DANG_KY,250921,MATH143001
2026-10-02 15:44:10,DANG_KY,250296,LLCT130105
2026-10-02 15:44:10,HUY_MON,250754,MALE431984
2026-10-02 15:44:10,HUY_MON,250140,ESYS431080
2026-10-02 15:44:10,DANG_KY,250192,MALE431984
2026-10-02 15:44:10,DANG_KY,250283,SOEN330679
2026-10-02 15:44:10,DANG_KY,250234,ARIN330585
2026-10-02 15:44:10,HUY_MON,250928,INIT130185
2026-10-02 15:44:10,DANG_KY,250348,INLO220405
2026-10-02 15:44:10,DANG_KY,250255,MATH143001
2026-10-02 15:44:10,DANG_KY,250904,OOPR230279
2026-10-02 15:44:10,DANG_KY,250929,CLCO332779
2026-10-02 15:44:10,HUY_MON,250247,GELA236939
2026-10-02 15:44:10,DANG_KY,250035,INMA220305
2026-10-02 15:44:10,HUY_MON,250625,ECOM430984
2026-10-02 15:44:10,VAO_HANG_CHO,250709,PRBE214262
2026-10-02 15:44:10,HUY_MON,250508,IVNC320905
2026-10-02 15:44:10,DON_LEN_CHINH_THUC,250452,IVNC320905
2026-10-02 15:44:10,HUY_MON,250103,SOEN330679
2026-10-02 15:44:10,DANG_KY,250067,SOEN330679
2026-10-02 15:44:10,DANG_KY,250717,ENPS220591
2026-10-02 15:44:10,HUY_MON,250171,EEEN234162
2026-10-02 15:44:10,DANG_KY,250875,LLCT120405
2026-10-02 15:44:10,DANG_KY,250594,LLCT120205
2026-10-02 15:44:10,DANG_KY,250019,PRTE230385
2026-10-02 15:44:10,DANG_KY,250114,ARIN330585
2026-10-02 15:44:10,DANG_KY,250613,SOEN330679
2026-10-02 15:44:10,DANG_KY,250826,LLCT220514
2026-10-02 15:44:10,HUY_MON,250120,INLO220405
2026-10-02 15:44:10,DANG_KY,250940,MATH132901
2026-10-02 15:44:10,DANG_KY,250009,MATH132501
2026-10-02 15:44:10,DANG_KY,250352,INIT130185
2026-10-02 15:44:10,DANG_KY,250601,INOT231780
2026-10-02 15:44:10,DANG_KY,250129,INOT231780
2026-10-02 15:44:10,DANG_KY,250832,LLCT220514
2026-10-02 15:44:10,DANG_KY,250131,MATH132501
2026-10-02 15:44:10,DANG_KY,250082,LLCT120205
2026-10-02 15:44:10,HUY_MON,250544,DIGR240485
2026-10-02 15:44:10,DANG_KY,250772,LESK120190
2026-10-02 15:44:10,DANG_KY,250677,OPSY330280
2026-10-02 15:44:10,DANG_KY,250236,INSO321005
2026-10-02 15:44:10,VAO_HANG_CHO,250007,PHYS111202
2026-10-02 15:44:10,DANG_KY,250342,IPPA233277
2026-10-02 15:44:10,VAO_HANG_CHO,250985,IQMA220205
2026-10-02 15:44:10,DANG_KY,250144,MATH132901
2026-10-02 15:44:10,DANG_KY,250419,DBMS330284
2026-10-02 15:44:10,HUY_MON,250159,ENPS220591
2026-10-02 15:44:10,DANG_KY,250939,ECOM430984
2026-10-02 15:44:10,DANG_KY,250202,WIPR230579
2026-10-02 15:44:10,VAO_HANG_CHO,250341,INMA220305
2026-10-02 15:44:10,HUY_MON,250327,INOT231780
2026-10-02 15:44:10,HUY_MON,250594,DIPR430685
2026-10-02 15:44:10,DANG_KY,250262,WOPS120390
2026-10-02 15:44:10,DANG_KY,250337,DBMS330284
2026-10-02 15:44:10,DANG_KY,250592,ARIN330585
2026-10-02 15:44:10,DANG_KY,250163,LLCT120405
2026-10-02 15:44:10,DANG_KY,250826,MATH132401
2026-10-02 15:44:10,DANG_KY,250157,NEES330380
2026-10-02 15:44:10,DANG_KY,250420,ARIN330585
2026-10-02 15:44:10,DANG_KY,250535,PRTE230385
2026-10-02 15:44:10,VAO_HANG_CHO,250020,IVNC320905
2026-10-02 15:44:10,HUY_MON,250672,OOPR230279
2026-10-02 15:44:10,DANG_KY,250964,MATH132901
2026-10-02 15:44:10,DANG_KY,250455,MATH143001
2026-10-02 15:44:10,HUY_MON,250549,GEFC220105
2026-10-02 15:44:10,DANG_KY,250081,PRTE230385
2026-10-02 15:44:10,HUY_MON,250863,INMA220305
2026-10-02 15:44:10,DON_LEN_CHINH_THUC,250341,INMA220305
2026-10-02 15:44:10,DANG_KY,250611,ENPS220591
2026-10-02 15:44:10,HUY_MON,250321,NEES330380
2026-10-02 15:44:10,DANG_KY,250469,ECOM430984
2026-10-02 15:44:10,DANG_KY,250309,MATH143001
2026-10-02 15:44:10,DANG_KY,250276,ENCS330537
2026-10-02 15:44:10,DANG_KY,250179,CLCO332779
2026-10-02 15:44:10,DANG_KY,250687,NEES330380
2026-10-02 15:44:10,DANG_KY,250446,ARIN330585
2026-10-02 15:44:10,DANG_KY,250913,MATH143001
2026-10-02 15:44:10,HUY_MON,250245,OPSY330280
2026-10-02 15:44:10,HUY_MON,250481,LLCT120314
2026-10-02 15:44:10,HUY_MON,250138,OOPR230279
2026-10-02 15:44:10,DANG_KY,250886,WOPS120390
2026-10-02 15:44:10,DANG_KY,250137,MATH132501
2026-10-02 15:44:10,DANG_KY,250952,DIGR240485
2026-10-02 15:44:10,DANG_KY,250363,MOPR331279
2026-10-02 15:44:10,DANG_KY,250818,LLCT120205
2026-10-02 15:44:10,DANG_KY,250240,MALE431984
2026-10-02 15:44:10,DANG_KY,250931,SOEN330679
2026-10-02 15:44:10,DANG_KY,250466,DIPR430685
2026-10-02 15:44:10,VAO_HANG_CHO,250751,PHYS111202
2026-10-02 15:44:10,HUY_MON,250309,OPSY330280
2026-10-02 15:44:10,HUY_MON,250370,INIT130185
2026-10-02 15:44:10,DANG_KY,250652,DIGR240485
2026-10-02 15:44:10,DANG_KY,250775,ENPS220591
2026-10-02 15:44:10,HUY_MON,250324,WIPR230579
2026-10-02 15:44:10,DANG_KY,250500,INSE330380
2026-10-02 15:44:10,DANG_KY,250853,GELA236939
2026-10-02 15:44:10,DANG_KY,250928,MATH132401
2026-10-02 15:44:10,DANG_KY,250699,EEEN234162
2026-10-02 15:44:10,DANG_KY,250538,DIPR430685
2026-10-02 15:44:10,VAO_HANG_CHO,250181,PHYS111202
2026-10-02 15:44:10,HUY_MON,250063,CLCO332779
2026-10-02 15:44:10,HUY_MON,250422,ESYS431080
2026-10-02 15:44:10,HUY_MON,250353,PRBE214262
2026-10-02 15:44:10,DON_LEN_CHINH_THUC,250339,PRBE214262
2026-10-02 15:44:10,DANG_KY,250445,MATH143001
2026-10-02 15:44:10,HUY_MON,250163,OPSY330280
2026-10-02 15:44:10,HUY_MON,250008,LLCT120205
2026-10-02 15:44:10,DANG_KY,250356,INSE330380
2026-10-02 15:44:10,DANG_KY,250583,DBMS330284
2026-10-02 15:44:10,DANG_KY,250457,INOT231780
2026-10-02 15:44:10,HUY_MON,250688,WOPS120390
2026-10-02 15:44:10,DANG_KY,250196,INSE330380
2026-10-02 15:44:10,DANG_KY,250159,LLCT120314
2026-10-02 15:44:10,DANG_KY,250870,DIGR240485
2026-10-02 15:44:10,DANG_KY,250081,OPSY330280
2026-10-02 15:44:10,DANG_KY,250280,DIPR430685
2026-10-02 15:44:10,DANG_KY,250875,MATH132501
2026-10-02 15:44:10,DANG_KY,250266,IPPA233277
2026-10-02 15:44:10,DANG_KY,250313,ECOM430984
2026-10-02 15:44:10,HUY_MON,250672,PHYS130902
2026-10-02 15:44:10,DANG_KY,250130,LLCT220514
2026-10-02 15:44:10,HUY_MON,250488,ENCS330537
2026-10-02 15:44:10,DANG_KY,250756,LLCT120205
2026-10-02 15:44:10,DANG_KY,250047,ECOM430984
2026-10-02 15:44:10,DANG_KY,250158,PHYS130902
2026-10-02 15:44:10,DANG_KY,250145,GEFC220105
2026-10-02 15:44:10,DANG_KY,250640,MALE431984
2026-10-02 15:44:10,DANG_KY,250306,SPPR330885
2026-10-02 15:44:10,VAO_HANG_CHO,250797,IQMA220205
2026-10-02 15:44:10,DANG_KY,250956,WOPS120390
2026-10-02 15:44:10,HUY_MON,250770,ESYS431080
2026-10-02 15:44:10,DANG_KY,250702,IPPA233277
2026-10-02 15:44:10,DANG_KY,250169,ECOM430984
2026-10-02 15:44:10,HUY_MON,250839,MATH143001
2026-10-02 15:44:10,DANG_KY,250123,LLCT120314
2026-10-02 15:44:10,DANG_KY,250178,WIPR230579
2026-10-02 15:44:10,DANG_KY,250981,INOT231780
2026-10-02 15:44:10,DANG_KY,250876,WEPR330479
2026-10-02 15:44:10,DANG_KY,250415,DBMS330284
2026-10-02 15:44:10,DANG_KY,250886,ENCS330537
2026-10-02 15:44:10,HUY_MON,250892,LESK120190
2026-10-02 15:44:10,DANG_KY,250974,ESYS431080
2026-10-02 15:44:10,DANG_KY,250593,GEFC220105
2026-10-02 15:44:10,DANG_KY,250120,LLCT120205
2026-10-02 15:44:10,DANG_KY,250891,INPR140285
2026-10-02 15:44:10,DANG_KY,250450,INIT130185
2026-10-02 15:44:10,HUY_MON,250432,IPPA233277
2026-10-02 15:44:10,DANG_KY,250500,ENCS330537
2026-10-02 15:44:10,DANG_KY,250887,OPSY330280
2026-10-02 15:44:10,DANG_KY,250838,INLO220405
2026-10-02 15:44:10,DANG_KY,250745,GEFC220105
2026-10-02 15:44:10,DANG_KY,251000,DIPR430685
2026-10-02 15:44:10,DANG_KY,250627,MOPR331279
2026-10-02 15:44:10,DANG_KY,250448,OOPR230279
2026-10-02 15:44:10,DANG_KY,250331,GELA236939
2026-10-02 15:44:10,DANG_KY,250314,LLCT220514
2026-10-02 15:44:10,DANG_KY,250157,LLCT120405
2026-10-02 15:44:10,DANG_KY,250996,INLO220405
2026-10-02 15:44:10,HUY_MON,250149,MATH143001
2026-10-02 15:44:10,DANG_KY,250112,LESK120190
2026-10-02 15:44:10,DANG_KY,250811,FOIT331380
2026-10-02 15:44:10,DANG_KY,250232,DIPR430685
2026-10-02 15:44:10,DANG_KY,250203,ENPS220591
2026-10-02 15:44:10,DANG_KY,250930,MATH132901
2026-10-02 15:44:10,DANG_KY,250301,SOEN330679
2026-10-02 15:44:10,DANG_KY,250236,ENCS330537
2026-10-02 15:44:10,DANG_KY,250015,GELA236939
2026-10-02 15:44:10,DANG_KY,250814,DIPR430685
2026-10-02 15:44:10,DANG_KY,250815,LLCT120314
2026-10-02 15:44:10,DANG_KY,250564,DIPR430685
2026-10-02 15:44:10,DANG_KY,250527,FOIT331380
2026-10-02 15:44:10,DANG_KY,250614,INLO220405
2026-10-02 15:44:10,VAO_HANG_CHO,250609,INMA220305
2026-10-02 15:44:10,DANG_KY,250072,LLCT220514
2026-10-02 15:44:10,HUY_MON,250094,IVNC320905
2026-10-02 15:44:10,DON_LEN_CHINH_THUC,250020,IVNC320905
2026-10-02 15:44:10,HUY_MON,250087,OPSY330280
2026-10-02 15:44:10,VAO_HANG_CHO,250881,INMA220305
2026-10-02 15:44:10,DANG_KY,250622,MATH132901
2026-10-02 15:44:10,VAO_HANG_CHO,250727,PHYS111202
2026-10-02 15:44:11,HUY_MON,250381,PRBE214262
2026-10-02 15:44:11,DON_LEN_CHINH_THUC,250147,PRBE214262
2026-10-02 15:44:11,DANG_KY,250345,MOPR331279
2026-10-02 15:44:11,DANG_KY,250536,PHYS130902
2026-10-02 15:44:11,DANG_KY,250737,INOT231780
2026-10-02 15:44:11,DANG_KY,250088,MATH132901
2026-10-02 15:44:11,HUY_MON,250531,LLCT120405
2026-10-02 15:44:11,HUY_MON,250442,ESYS431080
2026-10-02 15:44:11,DANG_KY,250198,WOPS120390
2026-10-02 15:44:11,DANG_KY,250697,FOIT331380
2026-10-02 15:44:11,DANG_KY,250464,LESK120190
2026-10-02 15:44:11,DANG_KY,250299,MOPR331279
2026-10-02 15:44:11,DANG_KY,250298,OOPR230279
2026-10-02 15:44:11,HUY_MON,250552,MATH132401
2026-10-02 15:44:11,HUY_MON,250171,DBSY240184
2026-10-02 15:44:11,DANG_KY,250485,LLCT120314
2026-10-02 15:44:11,HUY_MON,250779,FOIT331380
2026-10-02 15:44:11,HUY_MON,250682,LLCT130105
2026-10-02 15:44:11,DANG_KY,250702,WOPS120390
2026-10-02 15:44:11,DANG_KY,250313,CLCO332779
2026-10-02 15:44:11,DANG_KY,250632,DIGR240485
2026-10-02 15:44:11,DANG_KY,250747,CLCO332779
2026-10-02 15:44:11,HUY_MON,250471,SOEN330679
2026-10-02 15:44:11,DANG_KY,250043,ENPS220591
2026-10-02 15:44:11,DANG_KY,250562,MATH132901
2026-10-02 15:44:11,DANG_KY,250835,MOPR331279
2026-10-02 15:44:11,DANG_KY,250930,WEPR330479
2026-10-02 15:44:11,DANG_KY,250445,DBSY240184
2026-10-02 15:44:11,VAO_HANG_CHO,250884,IVNC320905
2026-10-02 15:44:11,DANG_KY,250543,MOPR331279
2026-10-02 15:44:11,DANG_KY,250686,INSO321005
2026-10-02 15:44:11,VAO_HANG_CHO,250401,LLCT120314
2026-10-02 15:44:11,DANG_KY,250824,WOPS120390
2026-10-02 15:44:11,VAO_HANG_CHO,250021,PRBE214262
2026-10-02 15:44:11,HUY_MON,250539,PRTE230385
2026-10-02 15:44:11,DANG_KY,250839,ECOM430984
2026-10-02 15:44:11,DANG_KY,250345,GEFC220105
2026-10-02 15:44:11,DANG_KY,250136,LESK120190
2026-10-02 15:44:11,VAO_HANG_CHO,250755,PHYS111202
2026-10-02 15:44:11,DANG_KY,250242,ESYS431080
2026-10-02 15:44:11,HUY_MON,250080,WOPS120390
2026-10-02 15:44:11,HUY_MON,250377,DBSY240184
2026-10-02 15:44:11,DANG_KY,250261,SOEN330679
2026-10-02 15:44:11,DANG_KY,250812,IPPA233277
2026-10-02 15:44:11,HUY_MON,250218,ENCS330537
2026-10-02 15:44:11,DANG_KY,250030,INSE330380
2026-10-02 15:44:11,DANG_KY,250873,FOIT331380
2026-10-02 15:44:11,VAO_HANG_CHO,250544,IVNC320905
2026-10-02 15:44:11,DANG_KY,250883,INPR140285
2026-10-02 15:44:11,DANG_KY,250242,SPPR330885
2026-10-02 15:44:11,DANG_KY,250685,DBMS330284
2026-10-02 15:44:11,DANG_KY,250500,PHYS130902
2026-10-02 15:44:11,DANG_KY,250928,WEPR330479
2026-10-02 15:44:11,DANG_KY,250165,NEES330380
2026-10-02 15:44:11,DANG_KY,250828,DIPR430685
2026-10-02 15:44:11,HUY_MON,250946,IVNC320905
2026-10-02 15:44:11,DON_LEN_CHINH_THUC,250884,IVNC320905
2026-10-02 15:44:11,DANG_KY,250038,MALE431984
2026-10-02 15:44:11,HUY_MON,250002,LLCT120205
2026-10-02 15:44:11,HUY_MON,250161,PHYS111202
2026-10-02 15:44:11,DON_LEN_CHINH_THUC,250571,PHYS111202
2026-10-02 15:44:11,DANG_KY,250501,SOEN330679
2026-10-02 15:44:11,DANG_KY,250178,CAAL230180
2026-10-02 15:44:11,VAO_HANG_CHO,250733,INMA220305
2026-10-02 15:44:11,DANG_KY,250812,OOPR230279
2026-10-02 15:44:11,DANG_KY,250247,DBSY240184
2026-10-02 15:44:11,DANG_KY,250828,MATH132401
2026-10-02 15:44:11,DANG_KY,250267,NEES330380
2026-10-02 15:44:11,HUY_MON,250009,INMA220305
2026-10-02 15:44:11,DON_LEN_CHINH_THUC,250609,INMA220305
2026-10-02 15:44:11,DANG_KY,250573,NEES330380
2026-10-02 15:44:11,DANG_KY,250100,MALE431984
2026-10-02 15:44:11,DANG_KY,250957,NEES330380
2026-10-02 15:44:11,HUY_MON,250419,DBSY240184
2026-10-02 15:44:11,HUY_MON,250295,SOEN330679
2026-10-02 15:44:11,DANG_KY,250083,LLCT120405
2026-10-02 15:44:11,DANG_KY,250458,ESYS431080
2026-10-02 15:44:11,VAO_HANG_CHO,250157,LLCT120314
2026-10-02 15:44:11,DANG_KY,250116,CAAL230180
2026-10-02 15:44:11,VAO_HANG_CHO,250405,LLCT120314
2026-10-02 15:44:11,DANG_KY,250420,DIGR240485
2026-10-02 15:44:11,DANG_KY,250197,GEFC220105
2026-10-02 15:44:11,HUY_MON,250161,MATH143001
2026-10-02 15:44:11,VAO_HANG_CHO,250957,IQMA220205
2026-10-02 15:44:11,DANG_KY,250746,CAAL230180
2026-10-02 15:44:11,DANG_KY,250117,EEEN234162
2026-10-02 15:44:11,DANG_KY,250876,PHYS130902
2026-10-02 15:44:11,DANG_KY,250423,MATH132501
2026-10-02 15:44:11,VAO_HANG_CHO,250678,IVNC320905
2026-10-02 15:44:11,HUY_MON,250028,WIPR230579
2026-10-02 15:44:11,DANG_KY,250984,SPPR330885
2026-10-02 15:44:11,HUY_MON,250430,WIPR230579
2026-10-02 15:44:11,DANG_KY,250906,DIGR240485
2026-10-02 15:44:11,HUY_MON,250472,MATH132901
2026-10-02 15:44:11,VAO_HANG_CHO,250287,LLCT120314
2026-10-02 15:44:11,DANG_KY,250201,MOPR331279
2026-10-02 15:44:11,DANG_KY,250824,IPPA233277
2026-10-02 15:44:11,HUY_MON,250284,INLO220405
2026-10-02 15:44:11,HUY_MON,250391,NEES330380
2026-10-02 15:44:11,HUY_MON,250374,INIT130185
2026-10-02 15:44:11,DANG_KY,250082,WOPS120390
2026-10-02 15:44:11,DANG_KY,250045,PRTE230385
2026-10-02 15:44:11,DANG_KY,250836,PHYS130902
2026-10-02 15:44:11,DANG_KY,250295,OPSY330280
2026-10-02 15:44:11,DANG_KY,250686,DIGR240485
2026-10-02 15:44:11,HUY_MON,250564,DIPR430685
2026-10-02 15:44:11,HUY_MON,250815,OPSY330280
2026-10-02 15:44:11,DANG_KY,250339,GEFC220105
2026-10-02 15:44:11,HUY_MON,250497,NEES330380
2026-10-02 15:44:11,VAO_HANG_CHO,250283,INMA220305
2026-10-02 15:44:11,DANG_KY,250992,MALE431984
2026-10-02 15:44:11,DANG_KY,250379,LLCT120405
2026-10-02 15:44:11,HUY_MON,250113,OPSY330280
2026-10-02 15:44:11,DANG_KY,250165,EEEN234162
2026-10-02 15:44:11,DANG_KY,250044,WEPR330479
2026-10-02 15:44:11,VAO_HANG_CHO,250239,IQMA220205
2026-10-02 15:44:11,DANG_KY,250078,INSE330380
2026-10-02 15:44:11,VAO_HANG_CHO,250009,LLCT120314
2026-10-02 15:44:11,DANG_KY,250752,INSO321005
2026-10-02 15:44:11,HUY_MON,250574,WEPR330479
2026-10-02 15:44:11,DANG_KY,250162,WEPR330479
2026-10-02 15:44:11,HUY_MON,250144,MATH132901
2026-10-02 15:44:11,DANG_KY,250572,IPPA233277
2026-10-02 15:44:11,HUY_MON,250461,ECOM430984
2026-10-02 15:44:11,DANG_KY,250049,EEEN234162
2026-10-02 15:44:11,DANG_KY,250072,INSE330380
2026-10-02 15:44:11,HUY_MON,250630,WOPS120390
2026-10-02 15:44:11,DANG_KY,250570,LESK120190
2026-10-02 15:44:11,DANG_KY,250613,LLCT120405
2026-10-02 15:44:11,HUY_MON,250539,OPSY330280
2026-10-02 15:44:11,DANG_KY,250207,LLCT120405
2026-10-02 15:44:11,DANG_KY,250438,PHYS130902
2026-10-02 15:44:11,HUY_MON,250732,LLCT120205
2026-10-02 15:44:11,DANG_KY,250872,LLCT120205
2026-10-02 15:44:11,DANG_KY,250003,GELA236939
2026-10-02 15:44:11,DANG_KY,250058,CAAL230180
2026-10-02 15:44:11,HUY_MON,250128,WOPS120390
2026-10-02 15:44:11,DANG_KY,250228,IPPA233277
2026-10-02 15:44:11,HUY_MON,250810,INSE330380
2026-10-02 15:44:11,DANG_KY,250534,DIGR240485
2026-10-02 15:44:11,DANG_KY,250817,INOT231780
2026-10-02 15:44:11,DANG_KY,250704,DIGR240485
2026-10-02 15:44:11,VAO_HANG_CHO,250105,PHYS111202
2026-10-02 15:44:11,DANG_KY,250088,WIPR230579
2026-10-02 15:44:11,HUY_MON,250617,DBMS330284
2026-10-02 15:44:11,HUY_MON,250920,IPPA233277
2026-10-02 15:44:11,DANG_KY,250356,MATH132901
2026-10-02 15:44:11,DANG_KY,250509,DASA230179
2026-10-02 15:44:11,HUY_MON,250819,INOT231780
2026-10-02 15:44:11,HUY_MON,250029,DBMS330284
2026-10-02 15:44:11,VAO_HANG_CHO,250657,INMA220305
2026-10-02 15:44:11,DANG_KY,250928,INSO321005
2026-10-02 15:44:11,VAO_HANG_CHO,250539,ENPS220591
2026-10-02 15:44:11,DANG_KY,250242,OOPR230279
2026-10-02 15:44:11,VAO_HANG_CHO,250269,LLCT120314
2026-10-02 15:44:11,DANG_KY,250428,INLO220405
2026-10-02 15:44:11,HUY_MON,250532,DIPR430685
2026-10-02 15:44:11,DANG_KY,250478,WIPR230579
2026-10-02 15:44:11,DANG_KY,250807,SOEN330679
2026-10-02 15:44:11,DANG_KY,250438,MALE431984
2026-10-02 15:44:11,VAO_HANG_CHO,250511,ENPS220591
2026-10-02 15:44:11,DANG_KY,250214,WIPR230579
2026-10-02 15:44:11,DANG_KY,250137,GEFC220105
2026-10-02 15:44:11,DANG_KY,250720,WIPR230579
2026-10-02 15:44:11,DANG_KY,250635,DBSY240184
2026-10-02 15:44:11,DANG_KY,250562,SPPR330885
2026-10-02 15:44:11,HUY_MON,250288,CAAL230180
2026-10-02 15:44:11,DANG_KY,250756,OOPR230279
2026-10-02 15:44:11,HUY_MON,250834,PHYS130902
2026-10-02 15:44:11,HUY_MON,250325,EEEN234162
2026-10-02 15:44:11,VAO_HANG_CHO,250417,ENPS220591
2026-10-02 15:44:11,VAO_HANG_CHO,250984,IVNC320905
2026-10-02 15:44:11,DANG_KY,250913,MOPR331279
2026-10-02 15:44:11,DANG_KY,250648,PHYS130902
2026-10-02 15:44:11,HUY_MON,250022,DIGR240485
2026-10-02 15:44:11,DANG_KY,250570,CAAL230180
2026-10-02 15:44:11,VAO_HANG_CHO,250973,PRBE214262
2026-10-02 15:44:11,DANG_KY,250112,WOPS120390
2026-10-02 15:44:11,HUY_MON,250958,IVNC320905
2026-10-02 15:44:11,DON_LEN_CHINH_THUC,250544,IVNC320905
2026-10-02 15:44:11,HUY_MON,250593,GEFC220105
2026-10-02 15:44:11,HUY_MON,250056,INSE330380
2026-10-02 15:44:11,DANG_KY,250964,MATH132401
2026-10-02 15:44:11,DANG_KY,250950,ENCS330537
2026-10-02 15:44:11,HUY_MON,250220,LLCT220514
2026-10-02 15:44:11,VAO_HANG_CHO,250072,IVNC320905
2026-10-02 15:44:11,DANG_KY,250459,MOPR331279
2026-10-02 15:44:11,DANG_KY,250786,INSO321005
2026-10-02 15:44:11,DANG_KY,250357,NEES330380
2026-10-02 15:44:11,DANG_KY,250820,WOPS120390
2026-10-02 15:44:11,VAO_HANG_CHO,250047,PHYS111202
2026-10-02 15:44:11,DANG_KY,250150,INLO220405
2026-10-02 15:44:11,HUY_MON,250060,LLCT220514
2026-10-02 15:44:11,DANG_KY,250176,INSO321005
2026-10-02 15:44:11,DANG_KY,250499,LLCT120405
2026-10-02 15:44:11,DANG_KY,250976,WEPR330479
2026-10-02 15:44:11,DANG_KY,250993,GEFC220105
2026-10-02 15:44:11,DANG_KY,250848,WEPR330479
2026-10-02 15:44:11,DANG_KY,250395,INOT231780
2026-10-02 15:44:11,DANG_KY,250162,LLCT130105
2026-10-02 15:44:11,VAO_HANG_CHO,250973,IQMA220205
2026-10-02 15:44:11,DANG_KY,250788,IPPA233277
2026-10-02 15:44:11,VAO_HANG_CHO,250837,PHYS111202
2026-10-02 15:44:11,HUY_MON,250444,INLO220405
2026-10-02 15:44:11,DANG_KY,250123,LLCT120405
2026-10-02 15:44:11,DANG_KY,250530,OOPR230279
2026-10-02 15:44:11,VAO_HANG_CHO,250067,ENPS220591
2026-10-02 15:44:11,DANG_KY,250130,ESYS431080
2026-10-02 15:44:11,DANG_KY,250857,LLCT120405
2026-10-02 15:44:11,DANG_KY,250824,MALE431984
2026-10-02 15:44:11,DANG_KY,250419,FOIT331380
2026-10-02 15:44:11,HUY_MON,250514,LESK120190
2026-10-02 15:44:11,DANG_KY,250854,OOPR230279
2026-10-02 15:44:11,HUY_MON,250759,FOIT331380
2026-10-02 15:44:11,HUY_MON,250606,INSE330380
2026-10-02 15:44:11,HUY_MON,250641,INOT231780
2026-10-02 15:44:11,DANG_KY,250389,SOEN330679
2026-10-02 15:44:11,DANG_KY,250756,PHYS130902
2026-10-02 15:44:11,DANG_KY,250437,DBMS330284
2026-10-02 15:44:11,DANG_KY,250380,DIGR240485
2026-10-02 15:44:11,DANG_KY,250367,ECOM430984
2026-10-02 15:44:11,DANG_KY,250676,MALE431984
2026-10-02 15:44:11,DANG_KY,250239,MATH143001
2026-10-02 15:44:11,DANG_KY,250478,LLCT220514
2026-10-02 15:44:11,DANG_KY,250357,MOPR331279
2026-10-02 15:44:11,DANG_KY,250100,OOPR230279
2026-10-02 15:44:11,DANG_KY,250909,ECOM430984
2026-10-02 15:44:11,HUY_MON,250547,SOEN330679
2026-10-02 15:44:11,VAO_HANG_CHO,250167,PHYS111202
2026-10-02 15:44:11,DANG_KY,250702,MATH132401
2026-10-02 15:44:11,DANG_KY,250111,DBMS330284
2026-10-02 15:44:11,DANG_KY,250526,INLO220405
2026-10-02 15:44:11,DANG_KY,250775,INOT231780
2026-10-02 15:44:11,VAO_HANG_CHO,250873,PRBE214262
2026-10-02 15:44:11,DANG_KY,250248,INIT130185
2026-10-02 15:44:11,DANG_KY,250819,DBSY240184
2026-10-02 15:44:11,HUY_MON,250345,GEFC220105
2026-10-02 15:44:11,DANG_KY,250307,PRTE230385
2026-10-02 15:44:11,HUY_MON,250849,CLCO332779
2026-10-02 15:44:11,DANG_KY,250474,MALE431984
2026-10-02 15:44:11,DANG_KY,250661,DASA230179
2026-10-02 15:44:11,DANG_KY,250044,LESK120190
2026-10-02 15:44:11,DANG_KY,250047,MATH132501
2026-10-02 15:44:11,DANG_KY,250726,MATH132901
2026-10-02 15:44:11,VAO_HANG_CHO,250735,IQMA220205
2026-10-02 15:44:11,DANG_KY,250884,WIPR230579
2026-10-02 15:44:11,DANG_KY,250863,GEFC220105
2026-10-02 15:44:11,HUY_MON,250101,MATH132501
2026-10-02 15:44:11,DANG_KY,250177,MATH143001
2026-10-02 15:44:11,HUY_MON,250899,IQMA220205
2026-10-02 15:44:11,DON_LEN_CHINH_THUC,250587,IQMA220205
2026-10-02 15:44:11,DANG_KY,250319,GELA236939
2026-10-02 15:44:11,DANG_KY,250414,ESYS431080
2026-10-02 15:44:11,HUY_MON,250276,ENCS330537
2026-10-02 15:44:11,DANG_KY,250776,LLCT130105
2026-10-02 15:44:11,HUY_MON,250228,IPPA233277
2026-10-02 15:44:11,HUY_MON,250903,ENPS220591
2026-10-02 15:44:11,DON_LEN_CHINH_THUC,250539,ENPS220591
2026-10-02 15:44:11,DANG_KY,250763,FOIT331380
2026-10-02 15:44:11,DANG_KY,250674,MATH132901
2026-10-02 15:44:11,HUY_MON,250659,CLCO332779
2026-10-02 15:44:11,VAO_HANG_CHO,250679,IQMA220205
2026-10-02 15:44:11,DANG_KY,250817,MATH143001
2026-10-02 15:44:11,DANG_KY,250934,LLCT220514
2026-10-02 15:44:11,HUY_MON,250746,ENCS330537
2026-10-02 15:44:11,DANG_KY,250774,LESK120190
2026-10-02 15:44:11,HUY_MON,250058,WEPR330479
2026-10-02 15:44:11,DANG_KY,250502,OOPR230279
2026-10-02 15:44:11,DANG_KY,250473,OPSY330280
2026-10-02 15:44:11,DANG_KY,250544,INSE330380
2026-10-02 15:44:11,DANG_KY,250059,MOPR331279
2026-10-02 15:44:11,HUY_MON,250049,NEES330380
2026-10-02 15:44:11,HUY_MON,250358,DIGR240485
2026-10-02 15:44:11,DANG_KY,250858,DIGR240485
2026-10-02 15:44:11,DANG_KY,250290,MATH132401
2026-10-02 15:44:11,DANG_KY,250483,MATH143001
2026-10-02 15:44:11,DANG_KY,250490,WIPR230579
2026-10-02 15:44:11,HUY_MON,250040,LLCT220514
2026-10-02 15:44:11,HUY_MON,250154,WIPR230579
2026-10-02 15:44:11,HUY_MON,250069,ECOM430984
2026-10-02 15:44:11,DANG_KY,250673,DASA230179
2026-10-02 15:44:11,DANG_KY,250728,ENCS330537
2026-10-02 15:44:11,DANG_KY,250203,DBMS330284
2026-10-02 15:44:11,HUY_MON,250843,ENPS220591
2026-10-02 15:44:11,DON_LEN_CHINH_THUC,250511,ENPS220591
2026-10-02 15:44:11,HUY_MON,250394,INSO321005
2026-10-02 15:44:11,DANG_KY,250718,SPPR330885
2026-10-02 15:44:11,DANG_KY,250175,MATH143001
2026-10-02 15:44:11,DANG_KY,250790,ARIN330585
2026-10-02 15:44:11,HUY_MON,250874,WOPS120390
2026-10-02 15:44:11,DANG_KY,250934,DIGR240485
2026-10-02 15:44:11,VAO_HANG_CHO,250825,IQMA220205
2026-10-02 15:44:11,DANG_KY,250536,MALE431984
2026-10-02 15:44:11,HUY_MON,250371,DBMS330284
2026-10-02 15:44:11,DANG_KY,250463,MOPR331279
2026-10-02 15:44:11,HUY_MON,250205,MOPR331279
2026-10-02 15:44:11,HUY_MON,250444,IVNC320905
2026-10-02 15:44:11,DON_LEN_CHINH_THUC,250678,IVNC320905
2026-10-02 15:44:11,DANG_KY,250240,MATH132901
2026-10-02 15:44:11,DANG_KY,250955,NEES330380
2026-10-02 15:44:11,DANG_KY,250288,LLCT220514
2026-10-02 15:44:11,HUY_MON,250347,MATH143001
2026-10-02 15:44:11,HUY_MON,250274,IPPA233277
2026-10-02 15:44:11,DANG_KY,250658,WIPR230579
2026-10-02 15:44:11,DANG_KY,250133,MOPR331279
2026-10-02 15:44:11,HUY_MON,250635,DBSY240184
2026-10-02 15:44:11,DANG_KY,250455,DASA230179
2026-10-02 15:44:11,DANG_KY,250428,DIPR430685
2026-10-02 15:44:11,DANG_KY,250231,OPSY330280
2026-10-02 15:44:11,HUY_MON,250461,GEFC220105
2026-10-02 15:44:11,DANG_KY,250441,NEES330380
2026-10-02 15:44:11,DANG_KY,250387,CLCO332779
2026-10-02 15:44:11,DANG_KY,250965,INPR140285
2026-10-02 15:44:11,DANG_KY,250684,INSO321005
2026-10-02 15:44:11,DANG_KY,250215,ECOM430984
2026-10-02 15:44:11,DANG_KY,250486,LLCT130105
2026-10-02 15:44:11,DANG_KY,250201,MATH132501
2026-10-02 15:44:11,DANG_KY,250792,INIT130185
2026-10-02 15:44:11,DANG_KY,250643,FOIT331380
2026-10-02 15:44:11,DANG_KY,250018,INSO321005
2026-10-02 15:44:11,DANG_KY,250773,DBSY240184
2026-10-02 15:44:11,DANG_KY,250740,INSO321005
2026-10-02 15:44:11,DANG_KY,250743,GELA236939
2026-10-02 15:44:11,DANG_KY,250590,OOPR230279
2026-10-02 15:44:11,HUY_MON,250196,INSE330380
2026-10-02 15:44:11,DANG_KY,250331,MOPR331279
2026-10-02 15:44:11,DANG_KY,250698,PHYS130902
2026-10-02 15:44:11,DANG_KY,250901,INPR140285
2026-10-02 15:44:11,DANG_KY,250984,MATH132401
2026-10-02 15:44:11,HUY_MON,250086,DIGR240485
2026-10-02 15:44:11,DANG_KY,250459,ECOM430984
2026-10-02 15:44:11,DANG_KY,250717,GEFC220105
2026-10-02 15:44:11,DANG_KY,250884,MALE431984
2026-10-02 15:44:11,HUY_MON,250346,DIGR240485
2026-10-02 15:44:11,DANG_KY,250564,OOPR230279
2026-10-02 15:44:11,DANG_KY,250061,CLCO332779
2026-10-02 15:44:11,HUY_MON,250011,MATH143001
2026-10-02 15:44:11,HUY_MON,250111,IQMA220205
2026-10-02 15:44:11,DON_LEN_CHINH_THUC,250985,IQMA220205
2026-10-02 15:44:11,DANG_KY,250123,EEEN234162
2026-10-02 15:44:11,DANG_KY,250917,DBMS330284
2026-10-02 15:44:11,VAO_HANG_CHO,250668,IVNC320905
2026-10-02 15:44:11,HUY_MON,250184,MATH132901
2026-10-02 15:44:11,DANG_KY,250676,DIGR240485
2026-10-02 15:44:11,VAO_HANG_CHO,250023,ENPS220591
2026-10-02 15:44:11,DANG_KY,250614,INSO321005
2026-10-02 15:44:11,DANG_KY,250481,FOIT331380
2026-10-02 15:44:11,DANG_KY,250486,INSO321005
2026-10-02 15:44:11,HUY_MON,250796,OOPR230279
2026-10-02 15:44:11,DANG_KY,250950,ARIN330585
2026-10-02 15:44:11,VAO_HANG_CHO,250233,PHYS111202
2026-10-02 15:44:11,DANG_KY,250545,LLCT120405
2026-10-02 15:44:11,DANG_KY,250152,MALE431984
2026-10-02 15:44:11,HUY_MON,250830,PHYS130902
2026-10-02 15:44:11,HUY_MON,250369,CLCO332779
2026-10-02 15:44:11,HUY_MON,250438,INSO321005
2026-10-02 15:44:11,HUY_MON,250513,INMA220305
2026-10-02 15:44:11,DON_LEN_CHINH_THUC,250881,INMA220305
2026-10-02 15:44:11,DANG_KY,250653,NEES330380
2026-10-02 15:44:11,DANG_KY,250172,ARIN330585
2026-10-02 15:44:11,DANG_KY,250911,MATH132501
2026-10-02 15:44:11,DANG_KY,250342,MATH132401
2026-10-02 15:44:11,DANG_KY,250169,DASA230179
2026-10-02 15:44:11,HUY_MON,250383,FOIT331380
2026-10-02 15:44:11,DANG_KY,250203,MATH143001
2026-10-02 15:44:11,DANG_KY,250362,MATH132901
2026-10-02 15:44:11,DANG_KY,250489,NEES330380
2026-10-02 15:44:11,DANG_KY,250547,LLCT120405
2026-10-02 15:44:11,DANG_KY,250624,SPPR330885
2026-10-02 15:44:11,DANG_KY,250963,GELA236939
2026-10-02 15:44:11,DANG_KY,250242,INSO321005
2026-10-02 15:44:11,DANG_KY,250213,MOPR331279
2026-10-02 15:44:11,DANG_KY,250172,LLCT120205
2026-10-02 15:44:11,DANG_KY,250839,SOEN330679
2026-10-02 15:44:11,DANG_KY,250646,ARIN330585
2026-10-02 15:44:11,DANG_KY,250489,DBMS330284
2026-10-02 15:44:11,DANG_KY,250086,LLCT220514
2026-10-02 15:44:11,HUY_MON,250356,MATH132901
2026-10-02 15:44:11,HUY_MON,250337,DASA230179
2026-10-02 15:44:11,DANG_KY,250596,INLO220405
2026-10-02 15:44:11,DANG_KY,250487,MOPR331279
2026-10-02 15:44:11,DANG_KY,250238,INIT130185
2026-10-02 15:44:11,HUY_MON,250972,INIT130185
2026-10-02 15:44:11,DANG_KY,250656,MATH132401
2026-10-02 15:44:11,HUY_MON,250542,ARIN330585
2026-10-02 15:44:11,DANG_KY,250498,INIT130185
2026-10-02 15:44:11,DANG_KY,250701,DBMS330284
2026-10-02 15:44:11,DANG_KY,250316,DIGR240485
2026-10-02 15:44:11,DANG_KY,250423,MATH143001
2026-10-02 15:44:11,DANG_KY,250630,WOPS120390
2026-10-02 15:44:11,HUY_MON,250564,OOPR230279
2026-10-02 15:44:11,DANG_KY,250374,LLCT120205
2026-10-02 15:44:11,DANG_KY,250041,PRTE230385
2026-10-02 15:44:11,DANG_KY,250880,LLCT130105
2026-10-02 15:44:11,HUY_MON,250390,ARIN330585
2026-10-02 15:44:11,HUY_MON,250719,IQMA220205
2026-10-02 15:44:11,DON_LEN_CHINH_THUC,250797,IQMA220205
2026-10-02 15:44:11,DANG_KY,250511,EEEN234162
2026-10-02 15:44:11,DANG_KY,250390,WIPR230579
2026-10-02 15:44:11,DANG_KY,250777,CLCO332779
2026-10-02 15:44:11,DANG_KY,250232,LLCT220514
2026-10-02 15:44:11,DANG_KY,250755,MOPR331279
2026-10-02 15:44:11,DANG_KY,250454,LESK120190
2026-10-02 15:44:11,DANG_KY,250585,MATH143001
2026-10-02 15:44:11,DANG_KY,250144,PHYS130902
2026-10-02 15:44:11,DANG_KY,250985,OPSY330280
2026-10-02 15:44:11,DANG_KY,250798,INSE330380
2026-10-02 15:44:11,HUY_MON,250604,ENCS330537
2026-10-02 15:44:11,HUY_MON,250493,INOT231780
2026-10-02 15:44:11,DANG_KY,250633,INOT231780
2026-10-02 15:44:11,DANG_KY,250496,DIGR240485
2026-10-02 15:44:11,DANG_KY,250793,MOPR331279
2026-10-02 15:44:11,DANG_KY,250744,INLO220405
2026-10-02 15:44:11,DANG_KY,250223,FOIT331380
2026-10-02 15:44:11,HUY_MON,250117,EEEN234162
2026-10-02 15:44:11,HUY_MON,250457,EEEN234162
2026-10-02 15:44:11,VAO_HANG_CHO,250461,PRBE214262
2026-10-02 15:44:11,DANG_KY,250354,DIPR430685
2026-10-02 15:44:11,VAO_HANG_CHO,250645,INMA220305
2026-10-02 15:44:11,DANG_KY,250220,ENCS330537
2026-10-02 15:44:11,DANG_KY,250535,MATH132501
2026-10-02 15:44:11,DANG_KY,250126,MATH132901
2026-10-02 15:44:11,DANG_KY,250865,PRTE230385
2026-10-02 15:44:11,DANG_KY,250376,IPPA233277
2026-10-02 15:44:11,HUY_MON,250563,NEES330380
2026-10-02 15:44:11,DANG_KY,250004,SPPR330885
2026-10-02 15:44:11,DANG_KY,250191,DASA230179
2026-10-02 15:44:11,DANG_KY,250142,OOPR230279
2026-10-02 15:44:11,DANG_KY,250025,INOT231780
2026-10-02 15:44:11,DANG_KY,250598,DIGR240485
2026-10-02 15:44:11,DANG_KY,250785,PRTE230385
2026-10-02 15:44:11,HUY_MON,250215,DASA230179
2026-10-02 15:44:11,VAO_HANG_CHO,250175,ENPS220591
2026-10-02 15:44:11,DANG_KY,250894,WOPS120390
2026-10-02 15:44:11,HUY_MON,250172,LESK120190
2026-10-02 15:44:11,DANG_KY,250400,CAAL230180
2026-10-02 15:44:11,DANG_KY,250435,MATH143001
2026-10-02 15:44:11,DANG_KY,250474,LLCT220514
2026-10-02 15:44:11,DANG_KY,250477,INOT231780
2026-10-02 15:44:11,DANG_KY,251000,ESYS431080
2026-10-02 15:44:11,DANG_KY,250097,NEES330380
2026-10-02 15:44:11,DANG_KY,250600,IPPA233277
2026-10-02 15:44:11,HUY_MON,250798,INSE330380
2026-10-02 15:44:11,DANG_KY,250088,IPPA233277
2026-10-02 15:44:11,VAO_HANG_CHO,250179,IQMA220205
2026-10-02 15:44:11,DANG_KY,250042,DIPR430685
2026-10-02 15:44:11,VAO_HANG_CHO,250853,PRBE214262
2026-10-02 15:44:11,HUY_MON,250011,LLCT120314
2026-10-02 15:44:11,DON_LEN_CHINH_THUC,250401,LLCT120314
2026-10-02 15:44:11,DANG_KY,250517,CLCO332779
2026-10-02 15:44:11,DANG_KY,250802,INSO321005
2026-10-02 15:44:11,VAO_HANG_CHO,250915,PRBE214262
2026-10-02 15:44:11,DANG_KY,250482,INLO220405
2026-10-02 15:44:11,DANG_KY,250309,FOIT331380
2026-10-02 15:44:11,HUY_MON,250811,FOIT331380
2026-10-02 15:44:11,VAO_HANG_CHO,250487,PRBE214262
2026-10-02 15:44:11,DANG_KY,250986,MALE431984
2026-10-02 15:44:11,HUY_MON,250920,ENCS330537
2026-10-02 15:44:11,DANG_KY,250404,WIPR230579
2026-10-02 15:44:11,DANG_KY,250181,ECOM430984
2026-10-02 15:44:11,DANG_KY,250804,LLCT220514
2026-10-02 15:44:11,DANG_KY,250943,PRTE230385
2026-10-02 15:44:11,DANG_KY,250230,IPPA233277
2026-10-02 15:44:11,DANG_KY,251000,INSO321005
2026-10-02 15:44:11,VAO_HANG_CHO,250315,PRBE214262
2026-10-02 15:44:11,VAO_HANG_CHO,250745,PHYS111202
2026-10-02 15:44:11,DANG_KY,250566,MATH132401
2026-10-02 15:44:11,DANG_KY,250465,INOT231780
2026-10-02 15:44:11,DANG_KY,250904,IPPA233277
2026-10-02 15:44:11,DANG_KY,250848,CAAL230180
2026-10-02 15:44:11,DANG_KY,250753,ECOM430984
2026-10-02 15:44:11,VAO_HANG_CHO,250832,IVNC320905
2026-10-02 15:44:11,DANG_KY,250370,WIPR230579
2026-10-02 15:44:11,HUY_MON,250208,WIPR230579
2026-10-02 15:44:11,DANG_KY,250282,MALE431984
2026-10-02 15:44:11,HUY_MON,250744,INLO220405
2026-10-02 15:44:11,HUY_MON,250243,FOIT331380
2026-10-02 15:44:11,VAO_HANG_CHO,250719,IQMA220205
2026-10-02 15:44:11,DANG_KY,250966,LESK120190
2026-10-02 15:44:11,HUY_MON,250276,MATH132401
2026-10-02 15:44:11,DANG_KY,250086,DIPR430685
2026-10-02 15:44:11,DANG_KY,250975,INOT231780
2026-10-02 15:44:11,DANG_KY,250094,PHYS130902
2026-10-02 15:44:11,VAO_HANG_CHO,250263,LLCT120314
2026-10-02 15:44:11,DANG_KY,250516,DIPR430685
2026-10-02 15:44:11,DANG_KY,250295,LLCT120405
2026-10-02 15:44:11,DANG_KY,250566,LLCT130105
2026-10-02 15:44:11,DANG_KY,250705,DBMS330284
2026-10-02 15:44:11,DANG_KY,250646,SPPR330885
2026-10-02 15:44:11,DANG_KY,250175,MATH132501
2026-10-02 15:44:11,DANG_KY,250182,DIPR430685
2026-10-02 15:44:11,DANG_KY,250641,MOPR331279
2026-10-02 15:44:11,DANG_KY,250688,INSE330380
2026-10-02 15:44:11,HUY_MON,250942,LLCT220514
2026-10-02 15:44:11,DANG_KY,250554,LLCT120205
2026-10-02 15:44:11,DANG_KY,250589,DASA230179
2026-10-02 15:44:11,VAO_HANG_CHO,250348,IVNC320905
2026-10-02 15:44:11,DANG_KY,250525,INOT231780
2026-10-02 15:44:11,DANG_KY,250940,INLO220405
2026-10-02 15:44:11,VAO_HANG_CHO,250599,LLCT120314
2026-10-02 15:44:11,HUY_MON,250827,EEEN234162
2026-10-02 15:44:11,HUY_MON,250824,MALE431984
2026-10-02 15:44:11,HUY_MON,250339,OPSY330280
2026-10-02 15:44:11,DANG_KY,250831,GELA236939
2026-10-02 15:44:11,DANG_KY,250334,LLCT220514
2026-10-02 15:44:11,DANG_KY,250489,MOPR331279
2026-10-02 15:44:11,DANG_KY,250966,INIT130185
2026-10-02 15:44:11,HUY_MON,250284,WIPR230579
2026-10-02 15:44:11,DANG_KY,250336,MALE431984
2026-10-02 15:44:11,DANG_KY,250671,DBMS330284
2026-10-02 15:44:11,DANG_KY,250468,MATH132401
2026-10-02 15:44:11,HUY_MON,250549,INOT231780
2026-10-02 15:44:11,HUY_MON,250004,SPPR330885
2026-10-02 15:44:11,HUY_MON,250509,INMA220305
2026-10-02 15:44:11,DON_LEN_CHINH_THUC,250733,INMA220305
2026-10-02 15:44:11,DANG_KY,250425,DBMS330284
2026-10-02 15:44:11,DANG_KY,250776,INIT130185
2026-10-02 15:44:11,DANG_KY,250483,GEFC220105
2026-10-02 15:44:11,DANG_KY,250170,DIPR430685
2026-10-02 15:44:11,VAO_HANG_CHO,250447,IQMA220205
2026-10-02 15:44:11,HUY_MON,250917,DBMS330284
2026-10-02 15:44:11,DANG_KY,250377,GELA236939
2026-10-02 15:44:11,HUY_MON,250167,ENPS220591
2026-10-02 15:44:11,DON_LEN_CHINH_THUC,250417,ENPS220591
2026-10-02 15:44:11,DANG_KY,250595,GELA236939
2026-10-02 15:44:11,DANG_KY,250506,LLCT120205
2026-10-02 15:44:11,VAO_HANG_CHO,250037,IQMA220205
2026-10-02 15:44:11,DANG_KY,250228,PHYS130902
2026-10-02 15:44:11,DANG_KY,250191,INPR140285
2026-10-02 15:44:11,DANG_KY,250396,ESYS431080
2026-10-02 15:44:11,HUY_MON,250122,CAAL230180
2026-10-02 15:44:11,VAO_HANG_CHO,250710,IVNC320905
2026-10-02 15:44:11,DANG_KY,250457,MATH132501
2026-10-02 15:44:11,HUY_MON,250621,IQMA220205
2026-10-02 15:44:11,DON_LEN_CHINH_THUC,250957,IQMA220205
2026-10-02 15:44:11,HUY_MON,250116,OOPR230279
2026-10-02 15:44:11,DANG_KY,250171,DBMS330284
2026-10-02 15:44:11,DANG_KY,250234,LLCT130105
2026-10-02 15:44:11,DANG_KY,250339,DASA230179
2026-10-02 15:44:11,DANG_KY,250130,IPPA233277
2026-10-02 15:44:11,HUY_MON,250496,CAAL230180
2026-10-02 15:44:11,DANG_KY,250332,CAAL230180
2026-10-02 15:44:11,HUY_MON,250887,OPSY330280
2026-10-02 15:44:11,DANG_KY,250115,EEEN234162
2026-10-02 15:44:11,DANG_KY,250122,SPPR330885
2026-10-02 15:44:11,DANG_KY,250061,DASA230179
2026-10-02 15:44:11,VAO_HANG_CHO,250652,IVNC320905
2026-10-02 15:44:11,HUY_MON,250535,PRTE230385
2026-10-02 15:44:11,DANG_KY,250395,DBMS330284
2026-10-02 15:44:11,DANG_KY,250563,GEFC220105
2026-10-02 15:44:11,DANG_KY,250784,OOPR230279
2026-10-02 15:44:11,HUY_MON,250950,ENCS330537
2026-10-02 15:44:11,VAO_HANG_CHO,250613,PHYS111202
2026-10-02 15:44:11,DANG_KY,250500,MALE431984
2026-10-02 15:44:11,DANG_KY,250063,NEES330380
2026-10-02 15:44:11,DANG_KY,250982,OOPR230279
2026-10-02 15:44:11,VAO_HANG_CHO,250545,LLCT120314
2026-10-02 15:44:11,DANG_KY,250680,INSE330380
2026-10-02 15:44:11,VAO_HANG_CHO,250243,ENPS220591
2026-10-02 15:44:11,DANG_KY,250658,WOPS120390
2026-10-02 15:44:11,DANG_KY,250229,DBSY240184
2026-10-02 15:44:11,DANG_KY,250532,OOPR230279
2026-10-02 15:44:11,DANG_KY,250855,ECOM430984
2026-10-02 15:44:11,DANG_KY,250294,MALE431984
2026-10-02 15:44:11,DANG_KY,250089,INPR140285
2026-10-02 15:44:11,DANG_KY,250376,DIGR240485
2026-10-02 15:44:11,HUY_MON,250334,LLCT220514
2026-10-02 15:44:11,DANG_KY,250453,PRTE230385
2026-10-02 15:44:11,DANG_KY,250892,MATH132901
2026-10-02 15:44:11,DANG_KY,250479,MOPR331279
2026-10-02 15:44:11,DANG_KY,250694,MATH132401
2026-10-02 15:44:11,VAO_HANG_CHO,250017,INMA220305
2026-10-02 15:44:11,HUY_MON,250479,MOPR331279
2026-10-02 15:44:11,DANG_KY,250163,INPR140285
2026-10-02 15:44:11,DANG_KY,250114,INSO321005
2026-10-02 15:44:11,DANG_KY,250501,OPSY330280
2026-10-02 15:44:11,DANG_KY,250268,IPPA233277
2026-10-02 15:44:11,DANG_KY,250607,ECOM430984
2026-10-02 15:44:11,HUY_MON,250653,NEES330380
2026-10-02 15:44:11,DANG_KY,250265,EEEN234162
2026-10-02 15:44:11,DANG_KY,250816,WIPR230579
2026-10-02 15:44:11,VAO_HANG_CHO,250010,LESK120190
2026-10-02 15:44:11,VAO_HANG_CHO,250099,INMA220305
2026-10-02 15:44:11,HUY_MON,250746,CAAL230180
2026-10-02 15:44:11,HUY_MON,250740,INSO321005
2026-10-02 15:44:11,DANG_KY,250088,OOPR230279
2026-10-02 15:44:11,DANG_KY,250115,NEES330380
2026-10-02 15:44:11,HUY_MON,250385,IQMA220205
2026-10-02 15:44:11,DON_LEN_CHINH_THUC,250239,IQMA220205
2026-10-02 15:44:11,DANG_KY,250363,INOT231780
2026-10-02 15:44:11,DANG_KY,250650,WEPR330479
2026-10-02 15:44:11,HUY_MON,250472,ENCS330537
2026-10-02 15:44:11,DANG_KY,250140,INSE330380
2026-10-02 15:44:11,DANG_KY,250239,NEES330380
2026-10-02 15:44:11,HUY_MON,250693,FOIT331380
2026-10-02 15:44:11,DANG_KY,250281,INPR140285
2026-10-02 15:44:11,DANG_KY,250736,LLCT120205
2026-10-02 15:44:11,HUY_MON,250646,WOPS120390
2026-10-02 15:44:11,DANG_KY,250962,INSE330380
2026-10-02 15:44:11,DANG_KY,250765,GELA236939
2026-10-02 15:44:11,DANG_KY,250956,LLCT220514
2026-10-02 15:44:11,DANG_KY,250799,INPR140285
2026-10-02 15:44:11,DANG_KY,250758,WIPR230579
2026-10-02 15:44:11,DANG_KY,250769,SOEN330679
2026-10-02 15:44:11,DANG_KY,250528,ARIN330585
2026-10-02 15:44:11,DANG_KY,250043,INOT231780
2026-10-02 15:44:11,DANG_KY,250565,DBSY240184
2026-10-02 15:44:11,HUY_MON,250892,MATH132901
2026-10-02 15:44:11,DANG_KY,250544,WOPS120390
2026-10-02 15:44:11,DANG_KY,250379,EEEN234162
2026-10-02 15:44:11,DANG_KY,250962,IPPA233277
2026-10-02 15:44:11,DANG_KY,250557,ECOM430984
2026-10-02 15:44:11,DANG_KY,250788,WOPS120390
2026-10-02 15:44:11,DANG_KY,250349,MATH143001
2026-10-02 15:44:11,DANG_KY,250404,LLCT120205
2026-10-02 15:44:11,VAO_HANG_CHO,250903,ENPS220591
2026-10-02 15:44:11,HUY_MON,250253,DASA230179
2026-10-02 15:44:11,DANG_KY,250768,MATH132901
2026-10-02 15:44:11,HUY_MON,250390,WIPR230579
2026-10-02 15:44:11,DANG_KY,250290,LLCT220514
2026-10-02 15:44:11,HUY_MON,250112,LESK120190
2026-10-02 15:44:11,DON_LEN_CHINH_THUC,250010,LESK120190
2026-10-02 15:44:11,DANG_KY,250594,ENCS330537
2026-10-02 15:44:11,DANG_KY,250445,INOT231780
2026-10-02 15:44:11,HUY_MON,250691,MATH132501
2026-10-02 15:44:11,VAO_HANG_CHO,250639,PRBE214262
2026-10-02 15:44:11,DANG_KY,250012,INLO220405
2026-10-02 15:44:11,DANG_KY,250606,DIPR430685
2026-10-02 15:44:11,VAO_HANG_CHO,250513,LLCT120314
2026-10-02 15:44:11,HUY_MON,250863,IQMA220205
2026-10-02 15:44:11,DON_LEN_CHINH_THUC,250973,IQMA220205
2026-10-02 15:44:11,VAO_HANG_CHO,250595,PHYS111202
2026-10-02 15:44:11,DANG_KY,250170,LLCT220514
2026-10-02 15:44:11,VAO_HANG_CHO,250789,PHYS111202
2026-10-02 15:44:11,HUY_MON,250898,DIPR430685
2026-10-02 15:44:11,DANG_KY,250462,INLO220405
2026-10-02 15:44:11,DANG_KY,250417,OPSY330280
2026-10-02 15:44:11,HUY_MON,250783,LLCT120314
2026-10-02 15:44:11,DON_LEN_CHINH_THUC,250157,LLCT120314
2026-10-02 15:44:11,HUY_MON,250606,DIPR430685
2026-10-02 15:44:11,HUY_MON,250917,SOEN330679
2026-10-02 15:44:11,DANG_KY,250265,DBMS330284
2026-10-02 15:44:11,HUY_MON,250551,SOEN330679
2026-10-02 15:44:11,HUY_MON,250510,MATH132401
2026-10-02 15:44:11,DANG_KY,250170,LLCT120205
2026-10-02 15:44:11,DANG_KY,250525,DBMS330284
2026-10-02 15:44:11,DANG_KY,250900,ENCS330537
2026-10-02 15:44:11,DANG_KY,250999,NEES330380
2026-10-02 15:44:11,HUY_MON,250533,MATH132501
2026-10-02 15:44:11,DANG_KY,250831,DASA230179
2026-10-02 15:44:11,DANG_KY,250598,WIPR230579
2026-10-02 15:44:11,HUY_MON,250498,INIT130185
2026-10-02 15:44:11,DANG_KY,250942,INSO321005
2026-10-02 15:44:11,HUY_MON,250044,LESK120190
2026-10-02 15:44:11,HUY_MON,250511,INMA220305
2026-10-02 15:44:11,DON_LEN_CHINH_THUC,250283,INMA220305
2026-10-02 15:44:11,DANG_KY,250251,ECOM430984
2026-10-02 15:44:11,HUY_MON,250241,GEFC220105
2026-10-02 15:44:11,DANG_KY,250867,DBSY240184
2026-10-02 15:44:11,DANG_KY,250634,PHYS130902
2026-10-02 15:44:11,DANG_KY,250677,ECOM430984
2026-10-02 15:44:11,HUY_MON,250418,INIT130185
2026-10-02 15:44:11,DANG_KY,250086,MATH132401
2026-10-02 15:44:11,DANG_KY,250537,GELA236939
2026-10-02 15:44:11,DANG_KY,250238,WOPS120390
2026-10-02 15:44:11,HUY_MON,250204,ENCS330537
2026-10-02 15:44:11,HUY_MON,250144,PHYS130902
2026-10-02 15:44:11,HUY_MON,250185,IQMA220205
2026-10-02 15:44:11,DON_LEN_CHINH_THUC,250735,IQMA220205
2026-10-02 15:44:11,HUY_MON,250752,WOPS120390
2026-10-02 15:44:11,HUY_MON,250815,LLCT120314
2026-10-02 15:44:11,DON_LEN_CHINH_THUC,250405,LLCT120314
2026-10-02 15:44:11,DANG_KY,250915,FOIT331380
2026-10-02 15:44:11,DANG_KY,250648,INIT130185
2026-10-02 15:44:11,DANG_KY,250289,LLCT120405
2026-10-02 15:44:11,VAO_HANG_CHO,250384,LLCT220514
2026-10-02 15:44:11,HUY_MON,250926,INSE330380
2026-10-02 15:44:11,DANG_KY,250834,ENCS330537
2026-10-02 15:44:11,VAO_HANG_CHO,250219,INMA220305
2026-10-02 15:44:11,DANG_KY,250850,SPPR330885
2026-10-02 15:44:11,DANG_KY,250253,SOEN330679
2026-10-02 15:44:11,DANG_KY,250868,ESYS431080
2026-10-02 15:44:11,DANG_KY,250527,MOPR331279
2026-10-02 15:44:11,DANG_KY,250006,DIGR240485
2026-10-02 15:44:11,DANG_KY,250089,FOIT331380
2026-10-02 15:44:11,DANG_KY,250433,DASA230179
2026-10-02 15:44:11,DANG_KY,250752,MATH132401
2026-10-02 15:44:11,DANG_KY,250287,MOPR331279
2026-10-02 15:44:11,DANG_KY,250798,WEPR330479
2026-10-02 15:44:11,HUY_MON,250545,INOT231780
2026-10-02 15:44:11,DANG_KY,250317,ECOM430984
2026-10-02 15:44:11,HUY_MON,250787,NEES330380
2026-10-02 15:44:11,DANG_KY,250727,INOT231780
2026-10-02 15:44:11,HUY_MON,250204,MALE431984
2026-10-02 15:44:11,HUY_MON,250959,EEEN234162
2026-10-02 15:44:11,VAO_HANG_CHO,250131,LLCT120314
2026-10-02 15:44:11,DANG_KY,250122,INSO321005
2026-10-02 15:44:11,DANG_KY,250909,EEEN234162
2026-10-02 15:44:11,DANG_KY,250277,INOT231780
2026-10-02 15:44:11,DANG_KY,250476,INIT130185
2026-10-02 15:44:11,DANG_KY,250207,INOT231780
2026-10-02 15:44:11,DANG_KY,250004,CAAL230180
2026-10-02 15:44:11,DANG_KY,250391,FOIT331380
2026-10-02 15:44:11,DANG_KY,250142,SPPR330885
2026-10-02 15:44:11,VAO_HANG_CHO,250369,ENPS220591
2026-10-02 15:44:11,HUY_MON,250648,INIT130185
2026-10-02 15:44:11,DANG_KY,250428,IPPA233277
2026-10-02 15:44:11,DANG_KY,250991,MOPR331279
2026-10-02 15:44:11,DANG_KY,250654,ARIN330585
2026-10-02 15:44:11,VAO_HANG_CHO,250729,LLCT120314
2026-10-02 15:44:11,DANG_KY,250864,INIT130185
2026-10-02 15:44:11,DANG_KY,250491,MOPR331279
2026-10-02 15:44:11,DANG_KY,250634,DIPR430685
2026-10-02 15:44:11,DANG_KY,250075,MATH132501
2026-10-02 15:44:11,DANG_KY,250754,MALE431984
2026-10-02 15:44:11,DANG_KY,250564,MALE431984
2026-10-02 15:44:11,HUY_MON,250618,OOPR230279
2026-10-02 15:44:11,HUY_MON,250525,INOT231780
2026-10-02 15:44:11,DANG_KY,250936,ARIN330585
2026-10-02 15:44:11,VAO_HANG_CHO,250769,ENPS220591
2026-10-02 15:44:11,DANG_KY,250003,PRTE230385
2026-10-02 15:44:11,HUY_MON,250465,INOT231780
2026-10-02 15:44:11,VAO_HANG_CHO,250005,LLCT120314
2026-10-02 15:44:11,DANG_KY,250460,OOPR230279
2026-10-02 15:44:11,HUY_MON,250170,DIPR430685
2026-10-02 15:44:11,DANG_KY,250661,FOIT331380
2026-10-02 15:44:11,HUY_MON,250163,ECOM430984
2026-10-02 15:44:11,VAO_HANG_CHO,250869,INMA220305
2026-10-02 15:44:11,DANG_KY,250740,MATH132401
2026-10-02 15:44:11,DANG_KY,250559,MOPR331279
2026-10-02 15:44:11,DANG_KY,250028,LESK120190
2026-10-02 15:44:11,HUY_MON,250450,INIT130185
2026-10-02 15:44:11,VAO_HANG_CHO,250342,IVNC320905
2026-10-02 15:44:11,VAO_HANG_CHO,250657,IQMA220205
2026-10-02 15:44:11,DANG_KY,250248,WOPS120390
2026-10-02 15:44:11,DANG_KY,250715,CLCO332779
2026-10-02 15:44:11,VAO_HANG_CHO,250512,LLCT220514
2026-10-02 15:44:11,DANG_KY,250723,EEEN234162
2026-10-02 15:44:11,DANG_KY,250586,ENCS330537
2026-10-02 15:44:11,DANG_KY,250221,LLCT120405
2026-10-02 15:44:11,HUY_MON,250059,INMA220305
2026-10-02 15:44:11,DON_LEN_CHINH_THUC,250657,INMA220305
2026-10-02 15:44:11,DANG_KY,250255,INOT231780
2026-10-02 15:44:11,DANG_KY,250254,ESYS431080
2026-10-02 15:44:11,HUY_MON,250153,DBMS330284
2026-10-02 15:44:11,DANG_KY,250453,INPR140285
2026-10-02 15:44:11,HUY_MON,250396,ESYS431080
2026-10-02 15:44:11,DANG_KY,250488,INSO321005
2026-10-02 15:44:11,DANG_KY,250283,INOT231780
2026-10-02 15:44:11,DANG_KY,250634,INIT130185
2026-10-02 15:44:11,DANG_KY,250397,DBSY240184
2026-10-02 15:44:11,HUY_MON,250716,LLCT130105
2026-10-02 15:44:11,DANG_KY,250768,OOPR230279
2026-10-02 15:44:11,DANG_KY,250267,GELA236939
2026-10-02 15:44:11,HUY_MON,250028,LESK120190
2026-10-02 15:44:11,HUY_MON,250093,INMA220305
2026-10-02 15:44:11,DON_LEN_CHINH_THUC,250645,INMA220305
2026-10-02 15:44:11,DANG_KY,250057,CLCO332779
2026-10-02 15:44:11,DANG_KY,250144,WIPR230579
2026-10-02 15:44:11,DANG_KY,250784,WEPR330479
2026-10-02 15:44:11,VAO_HANG_CHO,250315,INMA220305
2026-10-02 15:44:11,DANG_KY,250608,PHYS130902
2026-10-02 15:44:11,DANG_KY,250035,NEES330380
2026-10-02 15:44:11,HUY_MON,250229,MATH143001
2026-10-02 15:44:11,DANG_KY,250079,GEFC220105
2026-10-02 15:44:11,VAO_HANG_CHO,250286,IVNC320905
2026-10-02 15:44:11,DANG_KY,250279,DBMS330284
2026-10-02 15:44:11,DANG_KY,250884,SPPR330885
2026-10-02 15:44:11,VAO_HANG_CHO,250171,PHYS111202
2026-10-02 15:44:11,DANG_KY,250850,MATH132901
2026-10-02 15:44:11,DANG_KY,250333,PRTE230385
2026-10-02 15:44:11,DANG_KY,250580,INSO321005
2026-10-02 15:44:11,DANG_KY,250015,DBSY240184
2026-10-02 15:44:11,DANG_KY,250350,WIPR230579
2026-10-02 15:44:11,HUY_MON,250652,ESYS431080
2026-10-02 15:44:11,DANG_KY,250064,MALE431984
2026-10-02 15:44:11,HUY_MON,250302,WIPR230579
2026-10-02 15:44:11,DANG_KY,250752,LESK120190
2026-10-02 15:44:11,VAO_HANG_CHO,250363,IQMA220205
2026-10-02 15:44:11,DANG_KY,250834,WEPR330479
2026-10-02 15:44:11,HUY_MON,250533,LLCT120314
2026-10-02 15:44:11,DON_LEN_CHINH_THUC,250287,LLCT120314
2026-10-02 15:44:11,HUY_MON,250548,IPPA233277
2026-10-02 15:44:11,DANG_KY,250446,LLCT130105
2026-10-02 15:44:11,HUY_MON,250980,IPPA233277
2026-10-02 15:44:11,DANG_KY,250640,SPPR330885
2026-10-02 15:44:11,HUY_MON,250878,CAAL230180
2026-10-02 15:44:11,VAO_HANG_CHO,250074,LLCT220514
2026-10-02 15:44:11,DANG_KY,250725,SOEN330679
2026-10-02 15:44:11,DANG_KY,250772,INIT130185
2026-10-02 15:44:11,VAO_HANG_CHO,250534,INSO321005
2026-10-02 15:44:11,DANG_KY,250841,DASA230179
2026-10-02 15:44:11,VAO_HANG_CHO,250382,INSO321005
2026-10-02 15:44:11,VAO_HANG_CHO,250313,IQMA220205
2026-10-02 15:44:11,VAO_HANG_CHO,250260,LESK120190
2026-10-02 15:44:11,HUY_MON,250546,IVNC320905
2026-10-02 15:44:11,DON_LEN_CHINH_THUC,250984,IVNC320905
2026-10-02 15:44:11,DANG_KY,250238,MATH132401
2026-10-02 15:44:11,DANG_KY,250201,EEEN234162
2026-10-02 15:44:11,DANG_KY,250444,ENCS330537
2026-10-02 15:44:11,DANG_KY,250119,INOT231780
2026-10-02 15:44:11,HUY_MON,250773,DBSY240184
2026-10-02 15:44:11,DANG_KY,250281,INOT231780
2026-10-02 15:44:11,DANG_KY,250448,INIT130185
2026-10-02 15:44:11,DANG_KY,250091,INOT231780
2026-10-02 15:44:11,DANG_KY,250770,LLCT130105
2026-10-02 15:44:11,DANG_KY,250213,OPSY330280
2026-10-02 15:44:11,DANG_KY,250652,MALE431984
2026-10-02 15:44:11,HUY_MON,250034,IPPA233277
2026-10-02 15:44:11,DANG_KY,250780,DIPR430685
2026-10-02 15:44:11,VAO_HANG_CHO,250885,ENPS220591
2026-10-02 15:44:11,DANG_KY,250356,LLCT120205
2026-10-02 15:44:11,DANG_KY,250943,LLCT120405
2026-10-02 15:44:11,HUY_MON,250493,MOPR331279
2026-10-02 15:44:11,DANG_KY,250193,OPSY330280
2026-10-02 15:44:11,DANG_KY,250296,WOPS120390
2026-10-02 15:44:11,HUY_MON,250718,INLO220405
2026-10-02 15:44:11,VAO_HANG_CHO,250115,ENPS220591
2026-10-02 15:44:11,DANG_KY,250770,OOPR230279
2026-10-02 15:44:11,DANG_KY,250373,MOPR331279
2026-10-02 15:44:11,HUY_MON,250763,FOIT331380
2026-10-02 15:44:11,DANG_KY,250781,PRTE230385
2026-10-02 15:44:11,HUY_MON,250643,FOIT331380
2026-10-02 15:44:11,DANG_KY,250151,GELA236939
2026-10-02 15:44:11,DANG_KY,250407,CLCO332779
2026-10-02 15:44:11,DANG_KY,250270,MATH132401
2026-10-02 15:44:11,DANG_KY,250943,DASA230179
2026-10-02 15:44:11,VAO_HANG_CHO,250670,LLCT220514
2026-10-02 15:44:11,HUY_MON,250988,IVNC320905
2026-10-02 15:44:11,DON_LEN_CHINH_THUC,250072,IVNC320905
2026-10-02 15:44:11,DANG_KY,250912,IPPA233277
2026-10-02 15:44:11,DANG_KY,250353,DBMS330284
2026-10-02 15:44:11,DANG_KY,250984,DIPR430685
2026-10-02 15:44:11,DANG_KY,250801,OPSY330280
2026-10-02 15:44:11,DANG_KY,250814,SPPR330885
2026-10-02 15:44:11,DANG_KY,250391,EEEN234162
2026-10-02 15:44:11,DANG_KY,250110,MATH132901
2026-10-02 15:44:11,DANG_KY,250169,PRTE230385
2026-10-02 15:44:11,HUY_MON,250407,INMA220305
2026-10-02 15:44:11,DON_LEN_CHINH_THUC,250017,INMA220305
2026-10-02 15:44:11,VAO_HANG_CHO,250833,PHYS111202
2026-10-02 15:44:11,HUY_MON,250159,LLCT120314
2026-10-02 15:44:11,DON_LEN_CHINH_THUC,250009,LLCT120314
2026-10-02 15:44:11,DANG_KY,250107,GEFC220105
2026-10-02 15:44:11,DANG_KY,250726,DIGR240485
2026-10-02 15:44:11,DANG_KY,250849,SOEN330679
2026-10-02 15:44:11,DANG_KY,250611,ECOM430984
2026-10-02 15:44:11,VAO_HANG_CHO,250754,LLCT220514
2026-10-02 15:44:11,DANG_KY,250421,INPR140285
2026-10-02 15:44:11,VAO_HANG_CHO,250156,LLCT220514
2026-10-02 15:44:11,VAO_HANG_CHO,250743,PRBE214262
2026-10-02 15:44:11,DANG_KY,250486,INIT130185
2026-10-02 15:44:11,DANG_KY,250942,INIT130185
2026-10-02 15:44:11,DANG_KY,250649,MATH132501
2026-10-02 15:44:11,HUY_MON,250327,DASA230179
2026-10-02 15:44:11,DANG_KY,250651,OPSY330280
2026-10-02 15:44:11,DANG_KY,250330,DIPR430685
2026-10-02 15:44:11,VAO_HANG_CHO,250037,OPSY330280
2026-10-02 15:44:11,DANG_KY,250076,WEPR330479
2026-10-02 15:44:11,VAO_HANG_CHO,250189,INMA220305
2026-10-02 15:44:11,DANG_KY,250252,WIPR230579
2026-10-02 15:44:11,HUY_MON,250834,ENCS330537
2026-10-02 15:44:11,DANG_KY,250710,INSE330380
2026-10-02 15:44:11,DANG_KY,250247,ECOM430984
2026-10-02 15:44:11,DANG_KY,250502,LLCT130105
2026-10-02 15:44:11,DANG_KY,250401,MATH143001
2026-10-02 15:44:11,HUY_MON,250457,MATH132501
2026-10-02 15:44:11,DANG_KY,250973,MATH143001
2026-10-02 15:44:11,DANG_KY,250818,MALE431984
2026-10-02 15:44:11,HUY_MON,250288,LLCT220514
2026-10-02 15:44:11,DON_LEN_CHINH_THUC,250384,LLCT220514
2026-10-02 15:44:11,VAO_HANG_CHO,250324,INSO321005
2026-10-02 15:44:11,VAO_HANG_CHO,250351,LLCT120314
2026-10-02 15:44:11,DANG_KY,250209,LLCT120405
2026-10-02 15:44:11,HUY_MON,250183,PHYS111202
2026-10-02 15:44:11,DON_LEN_CHINH_THUC,250049,PHYS111202
2026-10-02 15:44:11,HUY_MON,250462,INIT130185
2026-10-02 15:44:11,DANG_KY,250890,ARIN330585
2026-10-02 15:44:11,DANG_KY,250693,CLCO332779
2026-10-02 15:44:11,DANG_KY,250684,CAAL230180
2026-10-02 15:44:11,DANG_KY,250893,GELA236939
2026-10-02 15:44:11,VAO_HANG_CHO,250820,LLCT220514
2026-10-02 15:44:11,DANG_KY,250603,EEEN234162
2026-10-02 15:44:11,DANG_KY,250290,ARIN330585
2026-10-02 15:44:11,VAO_HANG_CHO,250035,PRBE214262
2026-10-02 15:44:11,HUY_MON,250065,INOT231780
2026-10-02 15:44:11,VAO_HANG_CHO,250581,PRBE214262
2026-10-02 15:44:11,DANG_KY,250364,ENCS330537
2026-10-02 15:44:11,VAO_HANG_CHO,250356,LESK120190
2026-10-02 15:44:11,HUY_MON,251000,INSO321005
2026-10-02 15:44:11,DON_LEN_CHINH_THUC,250534,INSO321005
2026-10-02 15:44:11,VAO_HANG_CHO,250468,LESK120190
2026-10-02 15:44:11,HUY_MON,250106,SPPR330885
2026-10-02 15:44:11,HUY_MON,250253,MOPR331279
2026-10-02 15:44:11,DANG_KY,250425,ECOM430984
2026-10-02 15:44:11,DANG_KY,250784,DIPR430685
2026-10-02 15:44:11,VAO_HANG_CHO,250139,OPSY330280
2026-10-02 15:44:11,DANG_KY,250962,DIGR240485
2026-10-02 15:44:11,VAO_HANG_CHO,250381,OPSY330280
2026-10-02 15:44:11,DANG_KY,250282,CAAL230180
2026-10-02 15:44:11,VAO_HANG_CHO,250013,INMA220305
2026-10-02 15:44:11,VAO_HANG_CHO,250324,LLCT220514
2026-10-02 15:44:11,DANG_KY,250213,FOIT331380
2026-10-02 15:44:11,HUY_MON,250946,LLCT120205
2026-10-02 15:44:11,VAO_HANG_CHO,250910,IVNC320905
2026-10-02 15:44:11,DANG_KY,250055,MATH132501
2026-10-02 15:44:11,VAO_HANG_CHO,250764,INSO321005
2026-10-02 15:44:11,DANG_KY,250287,INOT231780
2026-10-02 15:44:11,VAO_HANG_CHO,250614,LESK120190
2026-10-02 15:44:11,DANG_KY,250961,SOEN330679
2026-10-02 15:44:11,VAO_HANG_CHO,250024,LESK120190
2026-10-02 15:44:11,DANG_KY,250027,DBSY240184
2026-10-02 15:44:11,HUY_MON,250609,MOPR331279
2026-10-02 15:44:11,VAO_HANG_CHO,250429,INMA220305
2026-10-02 15:44:11,DANG_KY,250946,CAAL230180
2026-10-02 15:44:11,VAO_HANG_CHO,250421,LLCT120405
2026-10-02 15:44:11,HUY_MON,250379,PRTE230385
2026-10-02 15:44:11,DANG_KY,250383,ECOM430984
2026-10-02 15:44:11,HUY_MON,250905,OPSY330280
2026-10-02 15:44:11,DON_LEN_CHINH_THUC,250037,OPSY330280
2026-10-02 15:44:11,DANG_KY,250540,OOPR230279
2026-10-02 15:44:11,DANG_KY,250375,INPR140285
2026-10-02 15:44:11,DANG_KY,250014,DIPR430685
2026-10-02 15:44:11,DANG_KY,250001,DASA230179
2026-10-02 15:44:11,DANG_KY,250952,WOPS120390
2026-10-02 15:44:11,DANG_KY,250771,FOIT331380
2026-10-02 15:44:11,DANG_KY,250346,MATH132401
2026-10-02 15:44:11,DANG_KY,250533,NEES330380
2026-10-02 15:44:11,DANG_KY,250623,INPR140285
2026-10-02 15:44:11,DANG_KY,250382,LLCT120205
2026-10-02 15:44:11,HUY_MON,250236,INSO321005
2026-10-02 15:44:11,DON_LEN_CHINH_THUC,250382,INSO321005
2026-10-02 15:44:11,DANG_KY,250520,WEPR330479
2026-10-02 15:44:11,VAO_HANG_CHO,250259,ENPS220591
2026-10-02 15:44:11,DANG_KY,250160,DIGR240485
2026-10-02 15:44:11,DANG_KY,250931,DBSY240184
2026-10-02 15:44:11,DANG_KY,250858,IPPA233277
2026-10-02 15:44:11,VAO_HANG_CHO,250821,IQMA220205
2026-10-02 15:44:11,DANG_KY,250892,DIPR430685
2026-10-02 15:44:11,DANG_KY,250663,GELA236939
2026-10-02 15:44:11,DANG_KY,250878,DIGR240485
2026-10-02 15:44:11,VAO_HANG_CHO,250007,ENPS220591
2026-10-02 15:44:11,DANG_KY,250756,WIPR230579
2026-10-02 15:44:11,DANG_KY,250223,SOEN330679
2026-10-02 15:44:11,DANG_KY,250326,MATH132401
2026-10-02 15:44:11,DANG_KY,250449,DBMS330284
2026-10-02 15:44:11,HUY_MON,250189,IQMA220205
2026-10-02 15:44:11,DON_LEN_CHINH_THUC,250679,IQMA220205
2026-10-02 15:44:11,DANG_KY,250545,PRTE230385
2026-10-02 15:44:11,HUY_MON,250787,DBSY240184
2026-10-02 15:44:11,VAO_HANG_CHO,250255,IQMA220205
2026-10-02 15:44:11,DANG_KY,250254,INIT130185
2026-10-02 15:44:11,DANG_KY,250905,EEEN234162
2026-10-02 15:44:11,DANG_KY,250984,DIGR240485
2026-10-02 15:44:11,HUY_MON,250830,CAAL230180
2026-10-02 15:44:11,HUY_MON,250993,MATH143001
2026-10-02 15:44:11,DANG_KY,250205,MATH143001
2026-10-02 15:44:11,DANG_KY,250420,MALE431984
2026-10-02 15:44:11,DANG_KY,250261,DBMS330284
2026-10-02 15:44:11,DANG_KY,250852,ENCS330537
2026-10-02 15:44:11,VAO_HANG_CHO,250895,LLCT120405
2026-10-02 15:44:11,DANG_KY,250310,MALE431984
2026-10-02 15:44:11,VAO_HANG_CHO,250393,PRBE214262
2026-10-02 15:44:11,DANG_KY,250328,WEPR330479
2026-10-02 15:44:11,VAO_HANG_CHO,250043,IQMA220205
2026-10-02 15:44:11,DANG_KY,250688,ENCS330537
2026-10-02 15:44:11,DANG_KY,250923,INOT231780
2026-10-02 15:44:11,DANG_KY,250602,WOPS120390
2026-10-02 15:44:11,DANG_KY,250493,MOPR331279
2026-10-02 15:44:11,DANG_KY,250312,DIPR430685
2026-10-02 15:44:11,DANG_KY,250827,EEEN234162
2026-10-02 15:44:11,VAO_HANG_CHO,250018,IVNC320905
2026-10-02 15:44:11,VAO_HANG_CHO,250525,ENPS220591
2026-10-02 15:44:11,VAO_HANG_CHO,250325,ENPS220591
2026-10-02 15:44:11,DANG_KY,250574,IPPA233277
2026-10-02 15:44:11,DANG_KY,250257,DBSY240184
2026-10-02 15:44:11,DANG_KY,250336,DIPR430685
2026-10-02 15:44:11,HUY_MON,250382,LLCT120205
2026-10-02 15:44:11,DANG_KY,250586,DIPR430685
2026-10-02 15:44:11,HUY_MON,250270,MATH132401
2026-10-02 15:44:11,DANG_KY,250338,INIT130185
2026-10-02 15:44:11,VAO_HANG_CHO,250085,LLCT120405
2026-10-02 15:44:11,DANG_KY,250570,WOPS120390
2026-10-02 15:44:11,DANG_KY,250468,CAAL230180
2026-10-02 15:44:11,HUY_MON,250810,PHYS130902
2026-10-02 15:44:11,HUY_MON,250629,MOPR331279
2026-10-02 15:44:11,DANG_KY,250193,INPR140285
2026-10-02 15:44:11,HUY_MON,250621,SOEN330679
2026-10-02 15:44:11,DANG_KY,250193,FOIT331380
2026-10-02 15:44:11,HUY_MON,250359,LLCT120405
2026-10-02 15:44:11,DON_LEN_CHINH_THUC,250421,LLCT120405
2026-10-02 15:44:11,VAO_HANG_CHO,250043,INMA220305
2026-10-02 15:44:11,HUY_MON,250857,LLCT120314
2026-10-02 15:44:11,DON_LEN_CHINH_THUC,250269,LLCT120314
2026-10-02 15:44:11,VAO_HANG_CHO,250253,ENPS220591
2026-10-02 15:44:11,HUY_MON,250459,ECOM430984
2026-10-02 15:44:11,DANG_KY,250535,DBSY240184
2026-10-02 15:44:11,DANG_KY,250612,LLCT120205
2026-10-02 15:44:11,HUY_MON,250362,MATH132901
2026-10-02 15:44:11,HUY_MON,250373,NEES330380
2026-10-02 15:44:11,HUY_MON,250962,INSE330380
2026-10-02 15:44:11,HUY_MON,250685,INPR140285
2026-10-02 15:44:11,DANG_KY,250209,NEES330380
2026-10-02 15:44:11,VAO_HANG_CHO,250632,LESK120190
2026-10-02 15:44:11,DANG_KY,250939,MATH132501
2026-10-02 15:44:11,DANG_KY,250552,MALE431984
2026-10-02 15:44:11,VAO_HANG_CHO,250771,INMA220305
2026-10-02 15:44:11,DANG_KY,250346,WEPR330479
2026-10-02 15:44:11,DANG_KY,250693,MATH132501
2026-10-02 15:44:11,DANG_KY,250644,MATH132401
2026-10-02 15:44:11,HUY_MON,250978,INLO220405
2026-10-02 15:44:11,HUY_MON,250909,ECOM430984
2026-10-02 15:44:11,VAO_HANG_CHO,250817,PRBE214262
2026-10-02 15:44:11,DANG_KY,250419,DBSY240184
2026-10-02 15:44:11,DANG_KY,250826,WIPR230579
2026-10-02 15:44:11,DANG_KY,250917,CLCO332779
2026-10-02 15:44:11,DANG_KY,250100,INIT130185
2026-10-02 15:44:11,DANG_KY,250503,MOPR331279
2026-10-02 15:44:11,DANG_KY,250276,IPPA233277
2026-10-02 15:44:11,VAO_HANG_CHO,250535,INMA220305
2026-10-02 15:44:11,DANG_KY,250692,DIPR430685
2026-10-02 15:44:11,VAO_HANG_CHO,250634,WIPR230579
2026-10-02 15:44:11,DANG_KY,250509,EEEN234162
2026-10-02 15:44:11,HUY_MON,250361,MATH143001
2026-10-02 15:44:11,DANG_KY,250340,IPPA233277
2026-10-02 15:44:11,HUY_MON,250082,INSO321005
2026-10-02 15:44:11,DON_LEN_CHINH_THUC,250324,INSO321005
2026-10-02 15:44:11,DANG_KY,250038,INLO220405
2026-10-02 15:44:11,DANG_KY,250681,DASA230179
2026-10-02 15:44:11,VAO_HANG_CHO,250040,INSO321005
2026-10-02 15:44:11,HUY_MON,250150,INLO220405
2026-10-02 15:44:11,DANG_KY,250634,INLO220405
2026-10-02 15:44:11,HUY_MON,250230,IPPA233277
2026-10-02 15:44:11,DANG_KY,250674,IPPA233277
2026-10-02 15:44:11,HUY_MON,250793,MOPR331279
2026-10-02 15:44:11,DANG_KY,250635,GEFC220105
2026-10-02 15:44:11,HUY_MON,250463,OPSY330280
2026-10-02 15:44:11,DON_LEN_CHINH_THUC,250139,OPSY330280
2026-10-02 15:44:11,HUY_MON,250676,DIGR240485
2026-10-02 15:44:11,DANG_KY,250280,MATH132901
2026-10-02 15:44:11,HUY_MON,250468,WEPR330479
2026-10-02 15:44:11,DANG_KY,250696,OOPR230279
2026-10-02 15:44:11,DANG_KY,250531,DBMS330284
2026-10-02 15:44:11,HUY_MON,250647,PRTE230385
2026-10-02 15:44:11,DANG_KY,250531,SOEN330679
2026-10-02 15:44:11,DANG_KY,250898,DIPR430685
2026-10-02 15:44:11,DANG_KY,250053,SOEN330679
2026-10-02 15:44:11,DANG_KY,250324,ENCS330537
2026-10-02 15:44:11,DANG_KY,250383,DBSY240184
2026-10-02 15:44:11,DANG_KY,250878,INLO220405
2026-10-02 15:44:11,DANG_KY,250833,INPR140285
2026-10-02 15:44:11,DANG_KY,250688,ESYS431080
2026-10-02 15:44:11,VAO_HANG_CHO,250179,OPSY330280
2026-10-02 15:44:11,HUY_MON,250663,GELA236939
2026-10-02 15:44:11,DANG_KY,250227,SOEN330679
2026-10-02 15:44:11,DANG_KY,250378,LLCT120205
2026-10-02 15:44:11,DANG_KY,250381,EEEN234162
2026-10-02 15:44:11,DANG_KY,250010,PHYS130902
2026-10-02 15:44:11,VAO_HANG_CHO,250637,PHYS111202
2026-10-02 15:44:11,HUY_MON,250195,DBSY240184
2026-10-02 15:44:11,VAO_HANG_CHO,250085,INMA220305
2026-10-02 15:44:11,HUY_MON,250859,IQMA220205
2026-10-02 15:44:11,DON_LEN_CHINH_THUC,250825,IQMA220205
2026-10-02 15:44:11,DANG_KY,250751,ECOM430984
2026-10-02 15:44:11,DANG_KY,250110,INSE330380
2026-10-02 15:44:11,DANG_KY,250329,DASA230179
2026-10-02 15:44:11,DANG_KY,250928,INSE330380
2026-10-02 15:44:11,DANG_KY,250915,SOEN330679
2026-10-02 15:44:11,HUY_MON,250904,IPPA233277
2026-10-02 15:44:11,DANG_KY,250572,MATH132901
2026-10-02 15:44:11,DANG_KY,250999,GEFC220105
2026-10-02 15:44:11,DANG_KY,250366,IPPA233277
2026-10-02 15:44:11,DANG_KY,250129,GEFC220105
2026-10-02 15:44:11,DANG_KY,250752,OOPR230279
2026-10-02 15:44:11,DANG_KY,250323,MATH132501
2026-10-02 15:44:11,DANG_KY,250816,INLO220405
2026-10-02 15:44:11,HUY_MON,250486,INSO321005
2026-10-02 15:44:11,DON_LEN_CHINH_THUC,250764,INSO321005
2026-10-02 15:44:11,DANG_KY,250770,DIGR240485
2026-10-02 15:44:11,HUY_MON,250885,DBMS330284
2026-10-02 15:44:11,DANG_KY,250791,FOIT331380
2026-10-02 15:44:11,HUY_MON,250529,PRTE230385
2026-10-02 15:44:11,DANG_KY,250853,DBMS330284
2026-10-02 15:44:11,VAO_HANG_CHO,250971,GEFC220105
2026-10-02 15:44:11,VAO_HANG_CHO,250946,IVNC320905
2026-10-02 15:44:11,DANG_KY,250821,CLCO332779
2026-10-02 15:44:11,DANG_KY,250628,IPPA233277
2026-10-02 15:44:11,VAO_HANG_CHO,250031,OPSY330280
2026-10-02 15:44:11,DANG_KY,250286,WEPR330479
2026-10-02 15:44:11,DANG_KY,250689,DASA230179
2026-10-02 15:44:11,DANG_KY,250336,MATH132401
2026-10-02 15:44:11,HUY_MON,250638,IPPA233277
2026-10-02 15:44:11,DANG_KY,250408,CAAL230180
2026-10-02 15:44:11,HUY_MON,250406,WIPR230579
2026-10-02 15:44:11,DON_LEN_CHINH_THUC,250634,WIPR230579
2026-10-02 15:44:11,VAO_HANG_CHO,250258,LESK120190
2026-10-02 15:44:11,HUY_MON,250680,INSE330380
2026-10-02 15:44:11,DANG_KY,250492,MATH132401
2026-10-02 15:44:11,HUY_MON,250314,MALE431984
2026-10-02 15:44:11,DANG_KY,250132,ENCS330537
2026-10-02 15:44:11,VAO_HANG_CHO,250533,LLCT120405
2026-10-02 15:44:11,DANG_KY,250218,CAAL230180
2026-10-02 15:44:11,HUY_MON,250616,ENCS330537
2026-10-02 15:44:11,VAO_HANG_CHO,250996,LLCT220514
2026-10-02 15:44:11,VAO_HANG_CHO,250109,LLCT120405
2026-10-02 15:44:11,DANG_KY,250954,MALE431984
2026-10-02 15:44:11,DANG_KY,250773,PRTE230385
2026-10-02 15:44:11,HUY_MON,250921,NEES330380
2026-10-02 15:44:11,HUY_MON,250576,IVNC320905
2026-10-02 15:44:11,DON_LEN_CHINH_THUC,250668,IVNC320905
2026-10-02 15:44:11,HUY_MON,250667,ECOM430984
2026-10-02 15:44:11,VAO_HANG_CHO,250309,GEFC220105
2026-10-02 15:44:11,DANG_KY,250916,SPPR330885
2026-10-02 15:44:11,DANG_KY,250791,MATH143001
2026-10-02 15:44:11,DANG_KY,250716,OOPR230279
2026-10-02 15:44:11,DANG_KY,250591,MATH132501
2026-10-02 15:44:11,HUY_MON,250373,MOPR331279
2026-10-02 15:44:11,DANG_KY,250361,GELA236939
2026-10-02 15:44:11,VAO_HANG_CHO,250714,IVNC320905
2026-10-02 15:44:11,DANG_KY,250461,DBSY240184
2026-10-02 15:44:11,DANG_KY,250290,OOPR230279
2026-10-02 15:44:11,DANG_KY,250741,MATH132501
2026-10-02 15:44:11,HUY_MON,250241,SOEN330679
2026-10-02 15:44:11,DANG_KY,250797,MATH132501
2026-10-02 15:44:11,DANG_KY,250268,MATH132901
2026-10-02 15:44:11,VAO_HANG_CHO,250231,PHYS111202
2026-10-02 15:44:11,HUY_MON,250688,INSE330380
2026-10-02 15:44:11,HUY_MON,250307,PRTE230385
2026-10-02 15:44:11,VAO_HANG_CHO,250015,GEFC220105
2026-10-02 15:44:11,DANG_KY,250070,MATH132901
2026-10-02 15:44:11,VAO_HANG_CHO,250599,LLCT120405
2026-10-02 15:44:11,VAO_HANG_CHO,250892,INSO321005
2026-10-02 15:44:11,DANG_KY,250525,GELA236939
2026-10-02 15:44:11,DANG_KY,250234,MALE431984
2026-10-02 15:44:11,HUY_MON,250672,WEPR330479
2026-10-02 15:44:11,DANG_KY,250394,INLO220405
2026-10-02 15:44:11,DANG_KY,250413,MATH132501
2026-10-02 15:44:11,DANG_KY,250300,WEPR330479
2026-10-02 15:44:11,HUY_MON,250322,MATH132401
2026-10-02 15:44:11,DANG_KY,250966,PHYS130902
2026-10-02 15:44:11,HUY_MON,250370,WIPR230579
2026-10-02 15:44:11,DANG_KY,250716,ESYS431080
2026-10-02 15:44:11,DANG_KY,250857,INOT231780
2026-10-02 15:44:11,DANG_KY,250472,MALE431984
2026-10-02 15:44:11,HUY_MON,250478,WIPR230579
2026-10-02 15:44:11,HUY_MON,250975,ECOM430984
2026-10-02 15:44:11,DANG_KY,250211,DBSY240184
2026-10-02 15:44:11,HUY_MON,250329,INOT231780
2026-10-02 15:44:11,DANG_KY,250837,DASA230179
2026-10-02 15:44:11,VAO_HANG_CHO,250386,OOPR230279
2026-10-02 15:44:11,DANG_KY,250701,SOEN330679
2026-10-02 15:44:11,DANG_KY,250236,ESYS431080
2026-10-02 15:44:11,DANG_KY,250119,ECOM430984
2026-10-02 15:44:11,DANG_KY,250532,MATH132401
2026-10-02 15:44:11,DANG_KY,250999,GELA236939
2026-10-02 15:44:11,HUY_MON,250653,GELA236939
2026-10-02 15:44:11,VAO_HANG_CHO,250561,PRBE214262
2026-10-02 15:44:11,DANG_KY,250424,MATH132401
2026-10-02 15:44:11,HUY_MON,250270,LLCT130105
2026-10-02 15:44:11,DANG_KY,250632,IPPA233277
2026-10-02 15:44:11,HUY_MON,250668,ENCS330537
2026-10-02 15:44:11,DANG_KY,250248,DIPR430685
2026-10-02 15:44:11,HUY_MON,250974,INSE330380
2026-10-02 15:44:11,DANG_KY,250826,ENCS330537
2026-10-02 15:44:11,DANG_KY,250932,IPPA233277
2026-10-02 15:44:11,VAO_HANG_CHO,250951,LLCT120405
2026-10-02 15:44:11,HUY_MON,250637,INPR140285
2026-10-02 15:44:11,DANG_KY,250073,MOPR331279
2026-10-02 15:44:11,HUY_MON,250807,SOEN330679
2026-10-02 15:44:11,DANG_KY,250011,ECOM430984
2026-10-02 15:44:11,HUY_MON,250449,DBMS330284
2026-10-02 15:44:11,HUY_MON,250664,LESK120190
2026-10-02 15:44:11,DON_LEN_CHINH_THUC,250260,LESK120190
2026-10-02 15:44:11,DANG_KY,250532,INSE330380
2026-10-02 15:44:11,HUY_MON,250437,DBMS330284
2026-10-02 15:44:11,DANG_KY,250225,INPR140285
2026-10-02 15:44:11,DANG_KY,250968,WEPR330479
2026-10-02 15:44:11,VAO_HANG_CHO,250979,GEFC220105
2026-10-02 15:44:11,VAO_HANG_CHO,250362,INSO321005
2026-10-02 15:44:11,HUY_MON,250712,WEPR330479
2026-10-02 15:44:11,HUY_MON,250331,PRBE214262
2026-10-02 15:44:11,DON_LEN_CHINH_THUC,250983,PRBE214262
2026-10-02 15:44:11,HUY_MON,250354,ENCS330537
2026-10-02 15:44:11,HUY_MON,250165,DASA230179
2026-10-02 15:44:11,VAO_HANG_CHO,250961,LLCT120405
2026-10-02 15:44:11,DANG_KY,250320,INIT130185
2026-10-02 15:44:11,HUY_MON,250747,CLCO332779
2026-10-02 15:44:11,DANG_KY,250647,INOT231780
2026-10-02 15:44:11,DANG_KY,250534,MATH132901
2026-10-02 15:44:11,DANG_KY,250048,ENCS330537
2026-10-02 15:44:11,VAO_HANG_CHO,250137,OPSY330280
2026-10-02 15:44:11,VAO_HANG_CHO,250880,INLO220405
2026-10-02 15:44:11,HUY_MON,250374,LLCT120205
2026-10-02 15:44:11,HUY_MON,250657,INMA220305
2026-10-02 15:44:11,DON_LEN_CHINH_THUC,250099,INMA220305
2026-10-02 15:44:11,VAO_HANG_CHO,250661,OPSY330280
2026-10-02 15:44:11,DANG_KY,250316,INIT130185
2026-10-02 15:44:11,DANG_KY,250431,DASA230179
2026-10-02 15:44:11,DANG_KY,250994,MATH132401
2026-10-02 15:44:11,DANG_KY,250253,INPR140285
2026-10-02 15:44:11,DANG_KY,250872,INIT130185
2026-10-02 15:44:11,DANG_KY,250507,DASA230179
2026-10-02 15:44:11,DANG_KY,250530,WEPR330479
2026-10-02 15:44:11,DANG_KY,250437,INPR140285
2026-10-02 15:44:11,VAO_HANG_CHO,250631,PHYS111202
2026-10-02 15:44:11,HUY_MON,250956,LLCT220514
2026-10-02 15:44:11,DON_LEN_CHINH_THUC,250512,LLCT220514
2026-10-02 15:44:11,DANG_KY,250592,INIT130185
2026-10-02 15:44:11,VAO_HANG_CHO,250387,LLCT120314
2026-10-02 15:44:11,DANG_KY,250800,LLCT120205
2026-10-02 15:44:11,DANG_KY,250697,PRTE230385
2026-10-02 15:44:11,HUY_MON,250741,DBSY240184
2026-10-02 15:44:11,VAO_HANG_CHO,250481,IQMA220205
2026-10-02 15:44:11,VAO_HANG_CHO,250328,INLO220405
2026-10-02 15:44:11,DANG_KY,250907,NEES330380
2026-10-02 15:44:11,DANG_KY,250162,IPPA233277
2026-10-02 15:44:11,DANG_KY,250493,DBMS330284
2026-10-02 15:44:11,VAO_HANG_CHO,250196,LLCT220514
2026-10-02 15:44:11,HUY_MON,250314,LLCT220514
2026-10-02 15:44:11,DON_LEN_CHINH_THUC,250074,LLCT220514
2026-10-02 15:44:11,VAO_HANG_CHO,250078,INSO321005
2026-10-02 15:44:11,VAO_HANG_CHO,250321,GEFC220105
2026-10-02 15:44:11,DANG_KY,250880,SPPR330885
2026-10-02 15:44:11,HUY_MON,250962,IPPA233277
2026-10-02 15:44:11,VAO_HANG_CHO,250870,PHYS130902
2026-10-02 15:44:11,DANG_KY,250729,SOEN330679
2026-10-02 15:44:11,DANG_KY,250632,SPPR330885
2026-10-02 15:44:11,DANG_KY,250243,FOIT331380
2026-10-02 15:44:11,HUY_MON,250721,DBMS330284
2026-10-02 15:44:11,VAO_HANG_CHO,250307,GEFC220105
2026-10-02 15:44:11,HUY_MON,250621,PRTE230385
2026-10-02 15:44:11,HUY_MON,250831,DASA230179
2026-10-02 15:44:11,DANG_KY,250979,DASA230179
2026-10-02 15:44:11,DANG_KY,250758,IPPA233277
2026-10-02 15:44:11,VAO_HANG_CHO,250823,OPSY330280
2026-10-02 15:44:11,HUY_MON,250269,GELA236939
2026-10-02 15:44:11,DANG_KY,250992,IPPA233277
2026-10-02 15:44:11,DANG_KY,250723,MOPR331279
2026-10-02 15:44:11,HUY_MON,250505,EEEN234162
2026-10-02 15:44:11,HUY_MON,250376,DIGR240485
2026-10-02 15:44:11,VAO_HANG_CHO,250204,OOPR230279
2026-10-02 15:44:11,HUY_MON,250271,ENPS220591
2026-10-02 15:44:11,DON_LEN_CHINH_THUC,250067,ENPS220591
2026-10-02 15:44:11,VAO_HANG_CHO,250699,ENPS220591
2026-10-02 15:44:11,HUY_MON,250391,EEEN234162
2026-10-02 15:44:11,DANG_KY,250395,SOEN330679
2026-10-02 15:44:11,DANG_KY,250440,MALE431984
2026-10-02 15:44:11,HUY_MON,250526,ARIN330585
2026-10-02 15:44:11,DANG_KY,250578,CAAL230180
2026-10-02 15:44:11,DANG_KY,250045,INPR140285
2026-10-02 15:44:11,DANG_KY,250543,CLCO332779
2026-10-02 15:44:11,HUY_MON,250293,GEFC220105
2026-10-02 15:44:11,DON_LEN_CHINH_THUC,250971,GEFC220105
2026-10-02 15:44:11,VAO_HANG_CHO,250655,LLCT120405
2026-10-02 15:44:11,HUY_MON,250261,SOEN330679
2026-10-02 15:44:11,DANG_KY,250014,LLCT130105
2026-10-02 15:44:11,DANG_KY,250489,CLCO332779
2026-10-02 15:44:11,VAO_HANG_CHO,250571,PRBE214262
2026-10-02 15:44:11,VAO_HANG_CHO,250242,PHYS130902
2026-10-02 15:44:11,VAO_HANG_CHO,250013,OPSY330280
2026-10-02 15:44:11,DANG_KY,250196,INIT130185
2026-10-02 15:44:11,DANG_KY,250053,GELA236939
2026-10-02 15:44:11,HUY_MON,250548,ARIN330585
2026-10-02 15:44:11,HUY_MON,250967,INPR140285
2026-10-02 15:44:11,DANG_KY,250339,NEES330380
2026-10-02 15:44:11,HUY_MON,250241,INMA220305
2026-10-02 15:44:11,DON_LEN_CHINH_THUC,250219,INMA220305
2026-10-02 15:44:11,HUY_MON,250048,ENCS330537
2026-10-02 15:44:11,DANG_KY,250100,IPPA233277
2026-10-02 15:44:11,DANG_KY,250301,FOIT331380
2026-10-02 15:44:11,HUY_MON,250963,GELA236939
2026-10-02 15:44:11,HUY_MON,250335,SOEN330679
2026-10-02 15:44:11,DANG_KY,250571,FOIT331380
2026-10-02 15:44:11,DANG_KY,250826,MATH132901
2026-10-02 15:44:11,DANG_KY,250953,GELA236939
2026-10-02 15:44:11,DANG_KY,250232,ESYS431080
2026-10-02 15:44:11,DANG_KY,250467,DASA230179
2026-10-02 15:44:11,VAO_HANG_CHO,250514,LLCT220514
2026-10-02 15:44:11,DANG_KY,250493,MATH143001
2026-10-02 15:44:11,HUY_MON,250865,PRTE230385
2026-10-02 15:44:11,DANG_KY,250365,FOIT331380
2026-10-02 15:44:11,VAO_HANG_CHO,250612,PHYS130902
2026-10-02 15:44:11,DANG_KY,250341,INOT231780
2026-10-02 15:44:11,HUY_MON,250707,LLCT120405
2026-10-02 15:44:11,DON_LEN_CHINH_THUC,250895,LLCT120405
2026-10-02 15:44:11,VAO_HANG_CHO,250695,IQMA220205
2026-10-02 15:44:11,VAO_HANG_CHO,250542,INLO220405
2026-10-02 15:44:11,VAO_HANG_CHO,250145,LLCT120405
2026-10-02 15:44:11,DANG_KY,250480,CAAL230180
2026-10-02 15:44:11,DANG_KY,250993,PRTE230385
2026-10-02 15:44:11,HUY_MON,250263,LLCT120405
2026-10-02 15:44:11,DON_LEN_CHINH_THUC,250085,LLCT120405
2026-10-02 15:44:11,HUY_MON,250680,WEPR330479
2026-10-02 15:44:11,DANG_KY,250740,DIGR240485
2026-10-02 15:44:11,DANG_KY,250935,DBSY240184
2026-10-02 15:44:11,DANG_KY,250350,MATH132401
2026-10-02 15:44:11,HUY_MON,250346,WEPR330479
2026-10-02 15:44:11,VAO_HANG_CHO,250494,PHYS130902
2026-10-02 15:44:11,VAO_HANG_CHO,250465,IQMA220205
2026-10-02 15:44:11,DANG_KY,250888,MATH132401
2026-10-02 15:44:11,DANG_KY,250123,PRTE230385
2026-10-02 15:44:11,HUY_MON,250743,GELA236939
2026-10-02 15:44:11,DANG_KY,250009,EEEN234162
2026-10-02 15:44:11,VAO_HANG_CHO,250316,PHYS130902
2026-10-02 15:44:11,HUY_MON,250855,DBMS330284
2026-10-02 15:44:11,DANG_KY,250571,INOT231780
2026-10-02 15:44:11,HUY_MON,250833,INPR140285
2026-10-02 15:44:11,HUY_MON,250024,INIT130185
2026-10-02 15:44:11,DANG_KY,250812,MATH132401
2026-10-02 15:44:11,HUY_MON,250872,DIGR240485
2026-10-02 15:44:11,DANG_KY,250060,DIGR240485
2026-10-02 15:44:11,VAO_HANG_CHO,250511,PHYS111202
2026-10-02 15:44:11,DANG_KY,250796,WEPR330479
2026-10-02 15:44:11,DANG_KY,250447,SOEN330679
2026-10-02 15:44:11,DANG_KY,250612,INSE330380
2026-10-02 15:44:11,HUY_MON,250994,CAAL230180
2026-10-02 15:44:11,VAO_HANG_CHO,250254,OOPR230279
2026-10-02 15:44:11,DANG_KY,250567,MATH143001
2026-10-02 15:44:11,HUY_MON,250771,DBSY240184
2026-10-02 15:44:11,DANG_KY,250303,INPR140285
2026-10-02 15:44:11,DANG_KY,250358,SPPR330885
2026-10-02 15:44:11,HUY_MON,250316,INIT130185
2026-10-02 15:44:11,VAO_HANG_CHO,250080,LESK120190
2026-10-02 15:44:11,DANG_KY,250427,CLCO332779
2026-10-02 15:44:11,VAO_HANG_CHO,250306,INSO321005
2026-10-02 15:44:11,DANG_KY,250677,GELA236939
2026-10-02 15:44:11,VAO_HANG_CHO,250380,OOPR230279
2026-10-02 15:44:11,DANG_KY,250239,INPR140285
2026-10-02 15:44:11,VAO_HANG_CHO,250926,PHYS130902
2026-10-02 15:44:11,VAO_HANG_CHO,250601,ENPS220591
2026-10-02 15:44:11,DANG_KY,250080,DIPR430685
2026-10-02 15:44:11,DANG_KY,250347,EEEN234162
2026-10-02 15:44:11,HUY_MON,250529,INPR140285
2026-10-02 15:44:11,HUY_MON,250936,ARIN330585
2026-10-02 15:44:11,DANG_KY,250266,LLCT130105
2026-10-02 15:44:11,HUY_MON,250582,MATH132401
2026-10-02 15:44:11,VAO_HANG_CHO,250602,LESK120190
2026-10-02 15:44:11,VAO_HANG_CHO,250701,GEFC220105
2026-10-02 15:44:11,DANG_KY,250084,ESYS431080
2026-10-02 15:44:11,HUY_MON,250942,INSO321005
2026-10-02 15:44:11,DON_LEN_CHINH_THUC,250040,INSO321005
2026-10-02 15:44:11,DANG_KY,250584,ARIN330585
2026-10-02 15:44:11,VAO_HANG_CHO,250806,INLO220405
2026-10-02 15:44:11,HUY_MON,250833,ENPS220591
2026-10-02 15:44:11,DON_LEN_CHINH_THUC,250023,ENPS220591
2026-10-02 15:44:11,VAO_HANG_CHO,250613,IQMA220205
2026-10-02 15:44:11,VAO_HANG_CHO,250398,LLCT120205
2026-10-02 15:44:11,VAO_HANG_CHO,250249,LLCT120314
2026-10-02 15:44:11,DANG_KY,250032,DIPR430685
2026-10-02 15:44:11,DANG_KY,250067,MOPR331279
2026-10-02 15:44:11,HUY_MON,250177,MATH143001
2026-10-02 15:44:11,DANG_KY,250549,FOIT331380
2026-10-02 15:44:11,DANG_KY,250780,WOPS120390
2026-10-02 15:44:11,VAO_HANG_CHO,250207,PHYS111202
2026-10-02 15:44:11,DANG_KY,250974,WIPR230579
2026-10-02 15:44:11,DANG_KY,250585,GELA236939
2026-10-02 15:44:11,DANG_KY,250710,IPPA233277
2026-10-02 15:44:11,DANG_KY,250833,INPR140285
2026-10-02 15:44:11,VAO_HANG_CHO,250862,OOPR230279
2026-10-02 15:44:11,DANG_KY,250905,DBSY240184
2026-10-02 15:44:11,DANG_KY,250272,MATH132901
2026-10-02 15:44:11,DANG_KY,250347,MATH132501
2026-10-02 15:44:11,VAO_HANG_CHO,250810,LLCT220514
2026-10-02 15:44:11,HUY_MON,250976,WEPR330479
2026-10-02 15:44:11,VAO_HANG_CHO,250500,IVNC320905
2026-10-02 15:44:11,DANG_KY,250295,ECOM430984
2026-10-02 15:44:11,VAO_HANG_CHO,250870,OOPR230279
2026-10-02 15:44:11,VAO_HANG_CHO,250911,GEFC220105
2026-10-02 15:44:11,HUY_MON,250101,INOT231780
2026-10-02 15:44:11,HUY_MON,250842,LESK120190
2026-10-02 15:44:11,DON_LEN_CHINH_THUC,250356,LESK120190
2026-10-02 15:44:11,VAO_HANG_CHO,250508,IVNC320905
2026-10-02 15:44:11,VAO_HANG_CHO,250719,LLCT120314
2026-10-02 15:44:11,DANG_KY,250478,SPPR330885
2026-10-02 15:44:11,HUY_MON,250228,PHYS130902
2026-10-02 15:44:11,DON_LEN_CHINH_THUC,250870,PHYS130902
2026-10-02 15:44:11,HUY_MON,250671,LLCT120314
2026-10-02 15:44:11,DON_LEN_CHINH_THUC,250263,LLCT120314
2026-10-02 15:44:11,VAO_HANG_CHO,250947,PHYS111202
2026-10-02 15:44:11,HUY_MON,250253,INPR140285
2026-10-02 15:44:11,VAO_HANG_CHO,250671,LLCT120405
2026-10-02 15:44:11,DANG_KY,250340,WOPS120390
2026-10-02 15:44:11,HUY_MON,250394,INLO220405
2026-10-02 15:44:11,DON_LEN_CHINH_THUC,250880,INLO220405
2026-10-02 15:44:11,HUY_MON,250389,DBMS330284
2026-10-02 15:44:11,DANG_KY,250009,PRTE230385
2026-10-02 15:44:11,DANG_KY,250574,WIPR230579
2026-10-02 15:44:11,DANG_KY,250585,CLCO332779
2026-10-02 15:44:11,DANG_KY,250824,SPPR330885
2026-10-02 15:44:11,VAO_HANG_CHO,250819,OPSY330280
2026-10-02 15:44:11,VAO_HANG_CHO,250826,PHYS130902
2026-10-02 15:44:11,DANG_KY,250925,DASA230179
2026-10-02 15:44:11,HUY_MON,250128,INSO321005
2026-10-02 15:44:11,DON_LEN_CHINH_THUC,250892,INSO321005
2026-10-02 15:44:11,DANG_KY,250804,WOPS120390
2026-10-02 15:44:11,DANG_KY,250799,DBMS330284
2026-10-02 15:44:11,DANG_KY,250910,SPPR330885
2026-10-02 15:44:11,DANG_KY,250105,CLCO332779
2026-10-02 15:44:11,HUY_MON,250503,MOPR331279
2026-10-02 15:44:11,DANG_KY,250832,ARIN330585
2026-10-02 15:44:11,DANG_KY,250603,GELA236939
2026-10-02 15:44:11,DANG_KY,250386,ENCS330537
2026-10-02 15:44:11,VAO_HANG_CHO,250575,INMA220305
2026-10-02 15:44:11,DANG_KY,250841,INPR140285
2026-10-02 15:44:11,HUY_MON,250055,FOIT331380
2026-10-02 15:44:11,DANG_KY,250130,WEPR330479
2026-10-02 15:44:11,VAO_HANG_CHO,250137,PHYS111202
2026-10-02 15:44:11,DANG_KY,250806,INSE330380
2026-10-02 15:44:11,DANG_KY,250366,MATH132401
2026-10-02 15:44:11,DANG_KY,250801,NEES330380
2026-10-02 15:44:11,DANG_KY,250376,MATH132901
2026-10-02 15:44:11,VAO_HANG_CHO,250994,LLCT120205
2026-10-02 15:44:11,DANG_KY,250036,INSE330380
2026-10-02 15:44:11,DANG_KY,250341,GELA236939
2026-10-02 15:44:11,HUY_MON,250715,DASA230179
2026-10-02 15:44:11,DANG_KY,250359,SOEN330679
2026-10-02 15:44:11,DANG_KY,250126,DIPR430685
2026-10-02 15:44:11,VAO_HANG_CHO,250025,GEFC220105
2026-10-02 15:44:11,DANG_KY,250668,ESYS431080
2026-10-02 15:44:11,VAO_HANG_CHO,250783,LLCT120314
2026-10-02 15:44:11,VAO_HANG_CHO,250590,LLCT120205
2026-10-02 15:44:11,VAO_HANG_CHO,250729,IQMA220205
2026-10-02 15:44:11,DANG_KY,250264,ESYS431080
2026-10-02 15:44:11,DANG_KY,250216,WOPS120390
2026-10-02 15:44:11,HUY_MON,250026,DIPR430685
2026-10-02 15:44:11,DANG_KY,250750,INIT130185
2026-10-02 15:44:11,HUY_MON,250109,ECOM430984
2026-10-02 15:44:11,DANG_KY,250049,INOT231780
2026-10-02 15:44:11,DANG_KY,250864,MATH132901
2026-10-02 15:44:11,HUY_MON,250644,MATH132401
2026-10-02 15:44:11,VAO_HANG_CHO,250144,INSO321005
2026-10-02 15:44:11,DANG_KY,250779,EEEN234162
2026-10-02 15:44:11,HUY_MON,250953,MATH143001
2026-10-02 15:44:11,VAO_HANG_CHO,250717,OPSY330280
2026-10-02 15:44:11,HUY_MON,250865,LLCT120405
2026-10-02 15:44:11,DON_LEN_CHINH_THUC,250533,LLCT120405
2026-10-02 15:44:11,VAO_HANG_CHO,250765,IQMA220205
2026-10-02 15:44:11,DANG_KY,250554,MALE431984
2026-10-02 15:44:11,HUY_MON,250888,MATH132401
2026-10-02 15:44:11,VAO_HANG_CHO,250764,LLCT120205
2026-10-02 15:44:11,VAO_HANG_CHO,250447,GEFC220105
2026-10-02 15:44:11,VAO_HANG_CHO,250110,MALE431984
2026-10-02 15:44:11,DANG_KY,250725,MATH132501
2026-10-02 15:44:11,VAO_HANG_CHO,250764,OOPR230279
2026-10-02 15:44:11,HUY_MON,250301,FOIT331380
2026-10-02 15:44:11,VAO_HANG_CHO,250936,WIPR230579
2026-10-02 15:44:11,DANG_KY,250563,DBMS330284
2026-10-02 15:44:11,VAO_HANG_CHO,250718,LLCT120205
2026-10-02 15:44:11,DANG_KY,250920,MATH132901
2026-10-02 15:44:11,DANG_KY,250219,DBSY240184
2026-10-02 15:44:11,VAO_HANG_CHO,250730,MALE431984
2026-10-02 15:44:11,DANG_KY,250997,PRTE230385
2026-10-02 15:44:11,HUY_MON,250731,DASA230179
2026-10-02 15:44:11,HUY_MON,250881,GEFC220105
2026-10-02 15:44:11,DON_LEN_CHINH_THUC,250309,GEFC220105
2026-10-02 15:44:11,HUY_MON,250032,DIPR430685
2026-10-02 15:44:11,VAO_HANG_CHO,250228,INSO321005
2026-10-02 15:44:11,VAO_HANG_CHO,250722,LLCT120205
2026-10-02 15:44:11,DANG_KY,250693,MATH143001
2026-10-02 15:44:11,DANG_KY,250964,DIPR430685
2026-10-02 15:44:11,DANG_KY,250479,PRTE230385
2026-10-02 15:44:11,DANG_KY,250150,SPPR330885
2026-10-02 15:44:11,VAO_HANG_CHO,250905,PRBE214262
2026-10-02 15:44:11,DANG_KY,250174,MATH132901
2026-10-02 15:44:11,HUY_MON,250916,SPPR330885
2026-10-02 15:44:11,VAO_HANG_CHO,250976,PHYS130902
2026-10-02 15:44:11,HUY_MON,250910,INLO220405
2026-10-02 15:44:11,DON_LEN_CHINH_THUC,250328,INLO220405
2026-10-02 15:44:11,VAO_HANG_CHO,250498,LLCT220514
2026-10-02 15:44:11,DANG_KY,250085,MATH143001
2026-10-02 15:44:11,VAO_HANG_CHO,250988,OOPR230279
2026-10-02 15:44:11,VAO_HANG_CHO,250979,OPSY330280
2026-10-02 15:44:11,HUY_MON,250585,IQMA220205
2026-10-02 15:44:11,DON_LEN_CHINH_THUC,250179,IQMA220205
2026-10-02 15:44:11,DANG_KY,250821,DBSY240184
2026-10-02 15:44:11,DANG_KY,250012,DIGR240485
2026-10-02 15:44:11,DANG_KY,250975,PRTE230385
2026-10-02 15:44:11,DANG_KY,250206,MATH132401
2026-10-02 15:44:11,VAO_HANG_CHO,250393,INMA220305
2026-10-02 15:44:11,DANG_KY,250520,CAAL230180
2026-10-02 15:44:11,HUY_MON,250550,MATH132401
2026-10-02 15:44:11,VAO_HANG_CHO,250208,WIPR230579
2026-10-02 15:44:11,HUY_MON,250814,SPPR330885
2026-10-02 15:44:11,HUY_MON,250233,PRBE214262
2026-10-02 15:44:11,DON_LEN_CHINH_THUC,250281,PRBE214262
2026-10-02 15:44:11,DANG_KY,250777,DASA230179
2026-10-02 15:44:11,DANG_KY,250224,INIT130185
2026-10-02 15:44:11,VAO_HANG_CHO,250649,PHYS111202
2026-10-02 15:44:11,DANG_KY,250496,IPPA233277
2026-10-02 15:44:11,DANG_KY,250425,CLCO332779
2026-10-02 15:44:11,DANG_KY,250456,SPPR330885
2026-10-02 15:44:11,VAO_HANG_CHO,250027,ENPS220591
2026-10-02 15:44:11,DANG_KY,250682,INSE330380
2026-10-02 15:44:11,HUY_MON,250248,DIPR430685
2026-10-02 15:44:11,HUY_MON,250931,OPSY330280
2026-10-02 15:44:11,DON_LEN_CHINH_THUC,250381,OPSY330280
2026-10-02 15:44:11,HUY_MON,250922,ENCS330537
2026-10-02 15:44:11,DANG_KY,250316,WEPR330479
2026-10-02 15:44:11,HUY_MON,250634,WIPR230579
2026-10-02 15:44:11,DON_LEN_CHINH_THUC,250936,WIPR230579
2026-10-02 15:44:11,VAO_HANG_CHO,250838,OOPR230279
2026-10-02 15:44:11,DANG_KY,250281,DBMS330284
2026-10-02 15:44:11,DANG_KY,250272,INSE330380
2026-10-02 15:44:11,VAO_HANG_CHO,250195,INMA220305
2026-10-02 15:44:11,HUY_MON,250969,ENPS220591
2026-10-02 15:44:11,DON_LEN_CHINH_THUC,250175,ENPS220591
2026-10-02 15:44:11,DANG_KY,250237,SOEN330679
2026-10-02 15:44:11,HUY_MON,250433,IQMA220205
2026-10-02 15:44:11,DON_LEN_CHINH_THUC,250719,IQMA220205
2026-10-02 15:44:11,VAO_HANG_CHO,250685,LLCT120314
2026-10-02 15:44:11,DANG_KY,250191,DBSY240184
2026-10-02 15:44:11,DANG_KY,250646,CAAL230180
2026-10-02 15:44:11,DANG_KY,250865,MOPR331279
2026-10-02 15:44:11,DANG_KY,250904,SPPR330885
2026-10-02 15:44:11,DANG_KY,250099,SOEN330679
2026-10-02 15:44:11,HUY_MON,250912,IPPA233277
2026-10-02 15:44:11,VAO_HANG_CHO,250492,LLCT120205
2026-10-02 15:44:11,DANG_KY,250879,EEEN234162
2026-10-02 15:44:11,VAO_HANG_CHO,250414,IVNC320905
2026-10-02 15:44:11,DANG_KY,250021,CLCO332779
2026-10-02 15:44:11,VAO_HANG_CHO,250108,INSO321005
2026-10-02 15:44:11,HUY_MON,250008,DIGR240485
2026-10-02 15:44:11,HUY_MON,250835,DBMS330284
2026-10-02 15:44:11,HUY_MON,250376,MATH132901
2026-10-02 15:44:11,HUY_MON,250618,SPPR330885
2026-10-02 15:44:11,DANG_KY,250878,INSE330380
2026-10-02 15:44:11,DANG_KY,250873,NEES330380
2026-10-02 15:44:11,DANG_KY,250648,DIPR430685
2026-10-02 15:44:11,DANG_KY,250451,PRTE230385
2026-10-02 15:44:11,HUY_MON,250025,INOT231780
2026-10-02 15:44:11,VAO_HANG_CHO,250669,GEFC220105
2026-10-02 15:44:11,VAO_HANG_CHO,250700,MALE431984
2026-10-02 15:44:11,VAO_HANG_CHO,250431,LLCT120405
2026-10-02 15:44:11,HUY_MON,250397,IQMA220205
2026-10-02 15:44:11,DON_LEN_CHINH_THUC,250447,IQMA220205
2026-10-02 15:44:11,HUY_MON,250146,OOPR230279
2026-10-02 15:44:11,DON_LEN_CHINH_THUC,250386,OOPR230279
2026-10-02 15:44:11,DANG_KY,250086,SPPR330885
2026-10-02 15:44:11,DANG_KY,250889,CLCO332779
2026-10-02 15:44:11,VAO_HANG_CHO,250968,INLO220405
2026-10-02 15:44:11,DANG_KY,250831,DBMS330284
2026-10-02 15:44:11,DANG_KY,250366,INIT130185
2026-10-02 15:44:11,DANG_KY,250745,DBSY240184
2026-10-02 15:44:11,HUY_MON,250111,INMA220305
2026-10-02 15:44:11,DON_LEN_CHINH_THUC,250869,INMA220305
2026-10-02 15:44:11,DANG_KY,250248,LLCT130105
2026-10-02 15:44:11,DANG_KY,250491,FOIT331380
2026-10-02 15:44:11,VAO_HANG_CHO,250034,OOPR230279
2026-10-02 15:44:11,HUY_MON,250712,INSE330380
2026-10-02 15:44:11,VAO_HANG_CHO,250548,OOPR230279
2026-10-02 15:44:11,DANG_KY,250247,INPR140285
2026-10-02 15:44:11,DANG_KY,250529,CLCO332779
2026-10-02 15:44:11,VAO_HANG_CHO,250344,INSO321005
2026-10-02 15:44:11,HUY_MON,250529,CLCO332779
2026-10-02 15:44:11,DANG_KY,250499,INOT231780
2026-10-02 15:44:11,HUY_MON,250647,INOT231780
2026-10-02 15:44:11,HUY_MON,250598,WEPR330479
2026-10-02 15:44:11,VAO_HANG_CHO,250378,INLO220405
2026-10-02 15:44:11,HUY_MON,250502,LLCT130105
2026-10-02 15:44:11,HUY_MON,250066,LLCT120205
2026-10-02 15:44:11,DON_LEN_CHINH_THUC,250398,LLCT120205
2026-10-02 15:44:11,DANG_KY,250197,SOEN330679
2026-10-02 15:44:11,VAO_HANG_CHO,250164,IVNC320905
2026-10-02 15:44:11,DANG_KY,250791,MATH132501
2026-10-02 15:44:11,HUY_MON,250413,GEFC220105
2026-10-02 15:44:11,DON_LEN_CHINH_THUC,250015,GEFC220105
2026-10-02 15:44:11,DANG_KY,250841,MOPR331279
2026-10-02 15:44:11,DANG_KY,250011,CLCO332779
2026-10-02 15:44:11,DANG_KY,250202,MATH132401
2026-10-02 15:44:11,HUY_MON,250192,MALE431984
2026-10-02 15:44:11,DON_LEN_CHINH_THUC,250110,MALE431984
2026-10-02 15:44:11,DANG_KY,250972,CAAL230180
2026-10-02 15:44:11,DANG_KY,250431,DBSY240184
2026-10-02 15:44:11,VAO_HANG_CHO,250905,INMA220305
2026-10-02 15:44:11,VAO_HANG_CHO,250928,INLO220405
2026-10-02 15:44:11,HUY_MON,250612,LLCT120205
2026-10-02 15:44:11,DON_LEN_CHINH_THUC,250994,LLCT120205
2026-10-02 15:44:11,HUY_MON,250791,MATH132501
2026-10-02 15:44:11,DANG_KY,250931,NEES330380
2026-10-02 15:44:11,HUY_MON,250481,FOIT331380
2026-10-02 15:44:11,HUY_MON,250342,MATH132401
2026-10-02 15:44:11,DANG_KY,250856,IPPA233277
2026-10-02 15:44:11,DANG_KY,250747,MATH143001
2026-10-02 15:44:11,VAO_HANG_CHO,250130,IVNC320905
2026-10-02 15:44:11,VAO_HANG_CHO,250476,IVNC320905
2026-10-02 15:44:11,DANG_KY,250647,CLCO332779
2026-10-02 15:44:11,DANG_KY,250566,SPPR330885
2026-10-02 15:44:11,DANG_KY,250553,EEEN234162
2026-10-02 15:44:11,DANG_KY,250774,DIGR240485
2026-10-02 15:44:11,DANG_KY,250921,CLCO332779
2026-10-02 15:44:11,HUY_MON,250878,DIGR240485
2026-10-02 15:44:11,HUY_MON,250585,GELA236939
2026-10-02 15:44:11,DANG_KY,250973,DBSY240184
2026-10-02 15:44:11,DANG_KY,250204,MATH132901
2026-10-02 15:44:11,VAO_HANG_CHO,250687,PRBE214262
2026-10-02 15:44:11,DANG_KY,250022,INIT130185
2026-10-02 15:44:11,DANG_KY,250961,MOPR331279
2026-10-02 15:44:11,DANG_KY,250230,INIT130185
2026-10-02 15:44:11,VAO_HANG_CHO,250865,PRBE214262
2026-10-02 15:44:11,VAO_HANG_CHO,250712,LLCT120205
2026-10-02 15:44:11,DANG_KY,250920,LLCT130105
2026-10-02 15:44:11,VAO_HANG_CHO,250969,LLCT120314
2026-10-02 15:44:11,HUY_MON,250991,IQMA220205
2026-10-02 15:44:11,DON_LEN_CHINH_THUC,250037,IQMA220205
2026-10-02 15:44:11,HUY_MON,250100,INIT130185
2026-10-02 15:44:11,DANG_KY,250096,DIGR240485
2026-10-02 15:44:11,HUY_MON,250310,MALE431984
2026-10-02 15:44:11,DON_LEN_CHINH_THUC,250730,MALE431984
2026-10-02 15:44:11,DANG_KY,250522,SPPR330885
2026-10-02 15:44:11,HUY_MON,250025,ENPS220591
2026-10-02 15:44:11,DON_LEN_CHINH_THUC,250243,ENPS220591
2026-10-02 15:44:11,DANG_KY,250829,DBSY240184
2026-10-02 15:44:11,DANG_KY,250916,WEPR330479
2026-10-02 15:44:11,VAO_HANG_CHO,250231,LLCT120405
2026-10-02 15:44:11,VAO_HANG_CHO,250062,INSO321005
2026-10-02 15:44:11,DANG_KY,250813,MATH132501
2026-10-02 15:44:11,VAO_HANG_CHO,250028,INLO220405
2026-10-02 15:44:11,DANG_KY,250279,MATH143001
2026-10-02 15:44:11,DANG_KY,250678,SPPR330885
2026-10-02 15:44:11,VAO_HANG_CHO,250913,GEFC220105
2026-10-02 15:44:11,HUY_MON,250239,NEES330380
2026-10-02 15:44:11,HUY_MON,250934,LLCT120205
2026-10-02 15:44:11,DON_LEN_CHINH_THUC,250590,LLCT120205
2026-10-02 15:44:11,DANG_KY,250226,MATH132401
2026-10-02 15:44:11,DANG_KY,250005,MATH132501
2026-10-02 15:44:11,VAO_HANG_CHO,250276,LLCT220514
2026-10-02 15:44:11,HUY_MON,250642,LLCT130105
2026-10-02 15:44:11,HUY_MON,250202,MATH132401
2026-10-02 15:44:11,DANG_KY,250022,DIPR430685
2026-10-02 15:44:11,DANG_KY,250479,INPR140285
2026-10-02 15:44:11,HUY_MON,250148,SPPR330885
2026-10-02 15:44:11,DANG_KY,250784,MATH132901
2026-10-02 15:44:11,VAO_HANG_CHO,250681,LLCT120405
2026-10-02 15:44:11,HUY_MON,250935,MATH132501
2026-10-02 15:44:11,HUY_MON,250790,IPPA233277
2026-10-02 15:44:11,VAO_HANG_CHO,250106,IVNC320905
2026-10-02 15:44:11,DANG_KY,250635,CLCO332779
2026-10-02 15:44:11,VAO_HANG_CHO,250514,WIPR230579
2026-10-02 15:44:11,VAO_HANG_CHO,250932,LLCT220514
2026-10-02 15:44:11,DANG_KY,250279,GELA236939
2026-10-02 15:44:11,HUY_MON,250213,OPSY330280
2026-10-02 15:44:11,DON_LEN_CHINH_THUC,250179,OPSY330280
2026-10-02 15:44:11,DANG_KY,250081,INOT231780
2026-10-02 15:44:11,DANG_KY,250510,ESYS431080
2026-10-02 15:44:11,VAO_HANG_CHO,250641,ENPS220591
2026-10-02 15:44:11,VAO_HANG_CHO,250376,LLCT220514
2026-10-02 15:44:11,VAO_HANG_CHO,250683,PRBE214262
2026-10-02 15:44:11,VAO_HANG_CHO,250264,LESK120190
2026-10-02 15:44:11,DANG_KY,250779,CLCO332779
2026-10-02 15:44:11,DANG_KY,250019,DASA230179
2026-10-02 15:44:11,HUY_MON,250537,DASA230179
2026-10-02 15:44:11,VAO_HANG_CHO,250299,LLCT120405
2026-10-02 15:44:11,DANG_KY,250194,IPPA233277
2026-10-02 15:44:11,VAO_HANG_CHO,250629,ENPS220591
2026-10-02 15:44:11,DANG_KY,250092,LLCT130105
2026-10-02 15:44:11,DANG_KY,250511,DBMS330284
2026-10-02 15:44:11,VAO_HANG_CHO,250870,INSO321005
2026-10-02 15:44:11,VAO_HANG_CHO,250689,ENPS220591
2026-10-02 15:44:11,HUY_MON,250079,PRTE230385
2026-10-02 15:44:11,HUY_MON,250030,INSO321005
2026-10-02 15:44:11,DON_LEN_CHINH_THUC,250362,INSO321005
2026-10-02 15:44:11,HUY_MON,250185,LLCT120314
2026-10-02 15:44:11,DON_LEN_CHINH_THUC,250599,LLCT120314
2026-10-02 15:44:11,DANG_KY,250893,DASA230179
2026-10-02 15:44:11,DANG_KY,250316,WOPS120390
2026-10-02 15:44:11,VAO_HANG_CHO,250455,INMA220305
2026-10-02 15:44:11,VAO_HANG_CHO,250062,MALE431984
2026-10-02 15:44:11,VAO_HANG_CHO,250329,INMA220305
2026-10-02 15:44:11,DANG_KY,250704,SPPR330885
2026-10-02 15:44:11,DANG_KY,250627,MATH132501
2026-10-02 15:44:11,DANG_KY,250810,DIGR240485
2026-10-02 15:44:11,VAO_HANG_CHO,250956,INLO220405
2026-10-02 15:44:11,VAO_HANG_CHO,250797,PHYS111202
2026-10-02 15:44:11,VAO_HANG_CHO,250684,MALE431984
2026-10-02 15:44:11,HUY_MON,250282,CAAL230180
2026-10-02 15:44:11,HUY_MON,250709,OPSY330280
2026-10-02 15:44:11,DON_LEN_CHINH_THUC,250031,OPSY330280
2026-10-02 15:44:11,HUY_MON,250170,LLCT120205
2026-10-02 15:44:11,DON_LEN_CHINH_THUC,250764,LLCT120205
2026-10-02 15:44:11,DANG_KY,250118,ESYS431080
2026-10-02 15:44:11,DANG_KY,250521,DBSY240184
2026-10-02 15:44:11,VAO_HANG_CHO,250328,INSO321005
2026-10-02 15:44:11,DANG_KY,250648,IPPA233277
2026-10-02 15:44:11,DANG_KY,250955,CLCO332779
2026-10-02 15:44:11,HUY_MON,250761,IQMA220205
2026-10-02 15:44:11,DON_LEN_CHINH_THUC,250657,IQMA220205
2026-10-02 15:44:11,VAO_HANG_CHO,250601,LLCT120314
2026-10-02 15:44:11,DANG_KY,250779,MATH132501
2026-10-02 15:44:11,DANG_KY,250786,ENCS330537
2026-10-02 15:44:11,DANG_KY,250277,NEES330380
2026-10-02 15:44:11,DANG_KY,250210,MATH132401
2026-10-02 15:44:11,HUY_MON,250974,MALE431984
2026-10-02 15:44:11,DON_LEN_CHINH_THUC,250700,MALE431984
2026-10-02 15:44:11,DANG_KY,250706,MATH132901
2026-10-02 15:44:11,VAO_HANG_CHO,250301,IQMA220205
2026-10-02 15:44:11,DANG_KY,250490,WEPR330479
2026-10-02 15:44:11,DANG_KY,250741,ECOM430984
2026-10-02 15:44:11,HUY_MON,250763,MOPR331279
2026-10-02 15:44:11,VAO_HANG_CHO,250959,IQMA220205
2026-10-02 15:44:11,HUY_MON,250869,INMA220305
2026-10-02 15:44:11,DON_LEN_CHINH_THUC,250315,INMA220305
2026-10-02 15:44:11,VAO_HANG_CHO,250113,PRBE214262
2026-10-02 15:44:11,DANG_KY,250784,DIGR240485
2026-10-02 15:44:11,HUY_MON,250755,MOPR331279
2026-10-02 15:44:11,HUY_MON,250122,LLCT220514
2026-10-02 15:44:11,DON_LEN_CHINH_THUC,250670,LLCT220514
2026-10-02 15:44:11,VAO_HANG_CHO,250222,IVNC320905
2026-10-02 15:44:11,DANG_KY,250657,DBMS330284
2026-10-02 15:44:11,VAO_HANG_CHO,250696,MALE431984
2026-10-02 15:44:11,DANG_KY,250953,INPR140285
2026-10-02 15:44:11,DANG_KY,250912,INSE330380
2026-10-02 15:44:11,VAO_HANG_CHO,250025,PHYS111202
2026-10-02 15:44:11,DANG_KY,250880,MATH132901
2026-10-02 15:44:11,DANG_KY,250371,INOT231780
2026-10-02 15:44:11,DANG_KY,250075,DASA230179
2026-10-02 15:44:11,DANG_KY,250656,WEPR330479
2026-10-02 15:44:11,DANG_KY,250107,PRTE230385
2026-10-02 15:44:11,VAO_HANG_CHO,250530,LESK120190
2026-10-02 15:44:11,DANG_KY,250091,SOEN330679
2026-10-02 15:44:11,VAO_HANG_CHO,250162,INSO321005
2026-10-02 15:44:11,VAO_HANG_CHO,250691,IQMA220205
2026-10-02 15:44:11,DANG_KY,250090,ESYS431080
2026-10-02 15:44:11,HUY_MON,250424,MATH132401
2026-10-02 15:44:11,HUY_MON,250787,MOPR331279
2026-10-02 15:44:11,VAO_HANG_CHO,250271,IQMA220205
2026-10-02 15:44:11,HUY_MON,250723,INMA220305
2026-10-02 15:44:11,DON_LEN_CHINH_THUC,250189,INMA220305
2026-10-02 15:44:11,HUY_MON,250282,MALE431984
2026-10-02 15:44:11,DON_LEN_CHINH_THUC,250062,MALE431984
2026-10-02 15:44:11,VAO_HANG_CHO,250694,LLCT120205
2026-10-02 15:44:11,VAO_HANG_CHO,250590,LLCT220514
2026-10-02 15:44:11,VAO_HANG_CHO,250429,GEFC220105
2026-10-02 15:44:11,VAO_HANG_CHO,250604,LLCT220514
2026-10-02 15:44:11,DANG_KY,250911,PRTE230385
2026-10-02 15:44:11,VAO_HANG_CHO,250686,IVNC320905
2026-10-02 15:44:11,VAO_HANG_CHO,250865,LLCT120405
2026-10-02 15:44:11,HUY_MON,250567,ECOM430984
2026-10-02 15:44:11,DANG_KY,250411,NEES330380
2026-10-02 15:44:11,DANG_KY,250634,MATH132401
2026-10-02 15:44:11,DANG_KY,250211,DASA230179
2026-10-02 15:44:11,HUY_MON,250137,MATH132501
2026-10-02 15:44:11,DANG_KY,250417,SOEN330679
2026-10-02 15:44:11,DANG_KY,250400,INIT130185
2026-10-02 15:44:11,HUY_MON,250230,INIT130185
2026-10-02 15:44:11,DANG_KY,250432,MATH132901
2026-10-02 15:44:11,DANG_KY,250491,SOEN330679
2026-10-02 15:44:11,DANG_KY,250522,ESYS431080
2026-10-02 15:44:11,DANG_KY,250683,DASA230179
2026-10-02 15:44:11,VAO_HANG_CHO,250738,WIPR230579
2026-10-02 15:44:11,DANG_KY,250413,SOEN330679
2026-10-02 15:44:11,DANG_KY,250271,GELA236939
2026-10-02 15:44:11,DANG_KY,250820,ESYS431080
2026-10-02 15:44:11,VAO_HANG_CHO,250759,PHYS111202
2026-10-02 15:44:11,HUY_MON,250749,ENPS220591
2026-10-02 15:44:11,DON_LEN_CHINH_THUC,250903,ENPS220591
2026-10-02 15:44:11,VAO_HANG_CHO,250889,PRBE214262
2026-10-02 15:44:11,VAO_HANG_CHO,250144,OOPR230279
2026-10-02 15:44:11,DANG_KY,250011,EEEN234162
2026-10-02 15:44:11,DANG_KY,250322,IPPA233277
2026-10-02 15:44:11,DANG_KY,250901,PRTE230385
2026-10-02 15:44:11,VAO_HANG_CHO,250708,INLO220405
2026-10-02 15:44:11,HUY_MON,250816,INLO220405
2026-10-02 15:44:11,DON_LEN_CHINH_THUC,250542,INLO220405
2026-10-02 15:44:11,HUY_MON,250035,EEEN234162
2026-10-02 15:44:11,DANG_KY,250996,ARIN330585
2026-10-02 15:44:11,HUY_MON,250290,LLCT220514
2026-10-02 15:44:11,DON_LEN_CHINH_THUC,250754,LLCT220514
2026-10-02 15:44:11,HUY_MON,250687,DBSY240184
2026-10-02 15:44:11,DANG_KY,250371,INPR140285
2026-10-02 15:44:11,DANG_KY,250666,CAAL230180
2026-10-02 15:44:11,DANG_KY,250661,INOT231780
2026-10-02 15:44:11,HUY_MON,250936,LLCT120205
2026-10-02 15:44:11,DON_LEN_CHINH_THUC,250718,LLCT120205
2026-10-02 15:44:11,HUY_MON,250435,MATH143001
2026-10-02 15:44:11,DANG_KY,250383,CLCO332779
2026-10-02 15:44:11,VAO_HANG_CHO,250638,LESK120190
2026-10-02 15:44:11,DANG_KY,250169,DBMS330284
2026-10-02 15:44:11,DANG_KY,250883,FOIT331380
2026-10-02 15:44:11,HUY_MON,250769,CLCO332779
2026-10-02 15:44:11,DANG_KY,250500,MATH132901
2026-10-02 15:44:11,HUY_MON,250154,DIGR240485
2026-10-02 15:44:11,VAO_HANG_CHO,250846,LLCT220514
2026-10-02 15:44:11,DANG_KY,250337,PRTE230385
2026-10-02 15:44:11,HUY_MON,250239,IQMA220205
2026-10-02 15:44:11,DON_LEN_CHINH_THUC,250363,IQMA220205
2026-10-02 15:44:11,HUY_MON,250014,LLCT130105
2026-10-02 15:44:11,DANG_KY,250546,SPPR330885
2026-10-02 15:44:11,HUY_MON,250512,LLCT130105
2026-10-02 15:44:11,HUY_MON,250291,IQMA220205
2026-10-02 15:44:11,DON_LEN_CHINH_THUC,250313,IQMA220205
2026-10-02 15:44:11,DANG_KY,250213,MATH132501
2026-10-02 15:44:11,VAO_HANG_CHO,250676,SPPR330885
2026-10-02 15:44:11,DANG_KY,250143,SOEN330679
2026-10-02 15:44:11,HUY_MON,250549,FOIT331380
2026-10-02 15:44:11,VAO_HANG_CHO,250185,OPSY330280
2026-10-02 15:44:11,HUY_MON,250151,MATH143001
2026-10-02 15:44:11,VAO_HANG_CHO,250486,LLCT220514
2026-10-02 15:44:11,VAO_HANG_CHO,250207,ENPS220591
2026-10-02 15:44:11,DANG_KY,250594,WEPR330479
2026-10-02 15:44:11,VAO_HANG_CHO,250973,LLCT120314
2026-10-02 15:44:11,DANG_KY,250858,ENCS330537
2026-10-02 15:44:11,VAO_HANG_CHO,250333,LLCT120405
2026-10-02 15:44:11,DANG_KY,250428,MATH132901
2026-10-02 15:44:11,DANG_KY,250391,DBMS330284
2026-10-02 15:44:11,DANG_KY,250990,LLCT130105
2026-10-02 15:44:11,DANG_KY,250977,ECOM430984
2026-10-02 15:44:11,HUY_MON,250391,DBMS330284
2026-10-02 15:44:11,VAO_HANG_CHO,250723,LLCT120405
2026-10-02 15:44:11,HUY_MON,250833,GEFC220105
2026-10-02 15:44:11,DON_LEN_CHINH_THUC,250979,GEFC220105
2026-10-02 15:44:11,DANG_KY,250845,SOEN330679
2026-10-02 15:44:11,HUY_MON,250179,ENPS220591
2026-10-02 15:44:11,DON_LEN_CHINH_THUC,250369,ENPS220591
2026-10-02 15:44:11,DANG_KY,250567,CLCO332779
2026-10-02 15:44:11,DANG_KY,250716,LLCT130105
2026-10-02 15:44:11,VAO_HANG_CHO,250861,OPSY330280
2026-10-02 15:44:11,VAO_HANG_CHO,250324,PHYS130902
2026-10-02 15:44:11,VAO_HANG_CHO,250703,INMA220305
2026-10-02 15:44:11,HUY_MON,250757,PRTE230385
2026-10-02 15:44:11,DANG_KY,250073,ECOM430984
2026-10-02 15:44:11,DANG_KY,250478,ESYS431080
2026-10-02 15:44:11,DANG_KY,250233,DASA230179
2026-10-02 15:44:11,DANG_KY,250288,DIPR430685
2026-10-02 15:44:11,HUY_MON,250462,LESK120190
2026-10-02 15:44:11,DON_LEN_CHINH_THUC,250468,LESK120190
2026-10-02 15:44:11,VAO_HANG_CHO,250285,PRBE214262
2026-10-02 15:44:11,HUY_MON,250353,DBMS330284
2026-10-02 15:44:11,DANG_KY,250965,ECOM430984
2026-10-02 15:44:11,VAO_HANG_CHO,250165,LLCT120314
2026-10-02 15:44:11,VAO_HANG_CHO,250052,INLO220405
2026-10-02 15:44:11,DANG_KY,250231,CLCO332779
2026-10-02 15:44:11,DANG_KY,250222,DIGR240485
2026-10-02 15:44:11,DANG_KY,250409,DASA230179
2026-10-02 15:44:11,DANG_KY,250856,ESYS431080
2026-10-02 15:44:11,DANG_KY,250051,GELA236939
2026-10-02 15:44:11,VAO_HANG_CHO,250128,DIPR430685
2026-10-02 15:44:11,VAO_HANG_CHO,250883,GEFC220105
2026-10-02 15:44:11,HUY_MON,250145,PHYS111202
2026-10-02 15:44:11,DON_LEN_CHINH_THUC,250353,PHYS111202
2026-10-02 15:44:11,HUY_MON,250858,LLCT130105
2026-10-02 15:44:11,DANG_KY,250285,DBSY240184
2026-10-02 15:44:11,VAO_HANG_CHO,250620,DIPR430685
2026-10-02 15:44:11,VAO_HANG_CHO,250639,GEFC220105
2026-10-02 15:44:11,VAO_HANG_CHO,250710,SPPR330885
2026-10-02 15:44:11,DANG_KY,250376,DIGR240485
2026-10-02 15:44:11,VAO_HANG_CHO,250195,OPSY330280
2026-10-02 15:44:11,HUY_MON,250161,DBSY240184
2026-10-02 15:44:11,HUY_MON,250904,LLCT220514
2026-10-02 15:44:11,DON_LEN_CHINH_THUC,250156,LLCT220514
2026-10-02 15:44:11,VAO_HANG_CHO,250810,OOPR230279
2026-10-02 15:44:11,VAO_HANG_CHO,250397,INMA220305
2026-10-02 15:44:11,HUY_MON,250283,NEES330380
2026-10-02 15:44:11,VAO_HANG_CHO,250831,LLCT120405
2026-10-02 15:44:11,VAO_HANG_CHO,250654,LLCT120205
2026-10-02 15:44:11,HUY_MON,250236,INSE330380
2026-10-02 15:44:11,DANG_KY,250976,WEPR330479
2026-10-02 15:44:11,DANG_KY,250307,INPR140285
2026-10-02 15:44:11,DANG_KY,250730,CAAL230180
2026-10-02 15:44:11,VAO_HANG_CHO,250093,INMA220305
2026-10-02 15:44:11,DANG_KY,250980,ENCS330537
2026-10-02 15:44:11,VAO_HANG_CHO,250343,GEFC220105
2026-10-02 15:44:11,DANG_KY,250764,ESYS431080
2026-10-02 15:44:11,HUY_MON,250253,SOEN330679
2026-10-02 15:44:11,VAO_HANG_CHO,250961,ENPS220591
2026-10-02 15:44:11,DANG_KY,250058,LLCT130105
2026-10-02 15:44:11,DANG_KY,250997,MATH132501
2026-10-02 15:44:11,DANG_KY,250884,ESYS431080
2026-10-02 15:44:11,VAO_HANG_CHO,250138,PHYS130902
2026-10-02 15:44:11,DANG_KY,250853,EEEN234162
2026-10-02 15:44:11,DANG_KY,250666,IPPA233277
2026-10-02 15:44:11,VAO_HANG_CHO,250853,LLCT120405
2026-10-02 15:44:11,HUY_MON,250804,WOPS120390
2026-10-02 15:44:11,DANG_KY,250611,PRTE230385
2026-10-02 15:44:11,VAO_HANG_CHO,250251,ENPS220591
2026-10-02 15:44:11,DANG_KY,250531,DBSY240184
2026-10-02 15:44:11,HUY_MON,250961,SOEN330679
2026-10-02 15:44:11,VAO_HANG_CHO,250621,LLCT120314
2026-10-02 15:44:11,HUY_MON,250587,IQMA220205
2026-10-02 15:44:11,DON_LEN_CHINH_THUC,250821,IQMA220205
2026-10-02 15:44:11,HUY_MON,250131,MATH132501
2026-10-02 15:44:11,DANG_KY,250620,MATH132401
2026-10-02 15:44:11,VAO_HANG_CHO,250221,IQMA220205
2026-10-02 15:44:11,VAO_HANG_CHO,250869,LLCT120314
2026-10-02 15:44:11,VAO_HANG_CHO,250572,IVNC320905
2026-10-02 15:44:11,DANG_KY,250647,MOPR331279
2026-10-02 15:44:11,HUY_MON,250355,PRTE230385
2026-10-02 15:44:11,VAO_HANG_CHO,250849,GEFC220105
2026-10-02 15:44:11,DANG_KY,250737,ECOM430984
2026-10-02 15:44:11,HUY_MON,250303,INPR140285
2026-10-02 15:44:11,HUY_MON,250342,IPPA233277
2026-10-02 15:44:11,HUY_MON,250160,CAAL230180
2026-10-02 15:44:11,VAO_HANG_CHO,250796,PHYS130902
2026-10-02 15:44:11,VAO_HANG_CHO,250134,MALE431984
2026-10-02 15:44:11,DANG_KY,250593,MOPR331279
2026-10-02 15:44:11,HUY_MON,250056,INLO220405
2026-10-02 15:44:11,DON_LEN_CHINH_THUC,250806,INLO220405
2026-10-02 15:44:11,VAO_HANG_CHO,250516,LESK120190
2026-10-02 15:44:11,HUY_MON,250645,INPR140285
2026-10-02 15:44:11,HUY_MON,250788,LLCT220514
2026-10-02 15:44:11,DON_LEN_CHINH_THUC,250820,LLCT220514
2026-10-02 15:44:11,DANG_KY,250408,INSE330380
2026-10-02 15:44:11,VAO_HANG_CHO,250315,ENPS220591
2026-10-02 15:44:11,VAO_HANG_CHO,250322,LLCT220514
2026-10-02 15:44:11,VAO_HANG_CHO,250181,ENPS220591
2026-10-02 15:44:11,VAO_HANG_CHO,250556,IVNC320905
2026-10-02 15:44:11,DANG_KY,250949,SOEN330679
2026-10-02 15:44:11,DANG_KY,250354,INIT130185
2026-10-02 15:44:11,DANG_KY,250381,CLCO332779
2026-10-02 15:44:11,VAO_HANG_CHO,250052,IVNC320905
2026-10-02 15:44:11,DANG_KY,250391,PRTE230385
2026-10-02 15:44:11,VAO_HANG_CHO,250372,MATH132901
2026-10-02 15:44:11,HUY_MON,250578,SPPR330885
2026-10-02 15:44:11,DON_LEN_CHINH_THUC,250676,SPPR330885
2026-10-02 15:44:11,HUY_MON,250397,MATH132501
2026-10-02 15:44:11,DANG_KY,250914,WOPS120390
2026-10-02 15:44:11,VAO_HANG_CHO,250269,GEFC220105
2026-10-02 15:44:11,VAO_HANG_CHO,250796,LESK120190
2026-10-02 15:44:11,DANG_KY,250615,MATH132501
2026-10-02 15:44:11,VAO_HANG_CHO,250900,DIPR430685
2026-10-02 15:44:11,DANG_KY,250935,PRTE230385
2026-10-02 15:44:11,DANG_KY,250262,CAAL230180
2026-10-02 15:44:11,VAO_HANG_CHO,250800,INLO220405
2026-10-02 15:44:11,VAO_HANG_CHO,250835,OPSY330280
2026-10-02 15:44:11,DANG_KY,250629,DBMS330284
2026-10-02 15:44:11,VAO_HANG_CHO,250162,MATH132401
2026-10-02 15:44:11,VAO_HANG_CHO,250741,PHYS111202
2026-10-02 15:44:11,VAO_HANG_CHO,250436,WIPR230579
2026-10-02 15:44:11,HUY_MON,250242,OOPR230279
2026-10-02 15:44:11,DON_LEN_CHINH_THUC,250204,OOPR230279
2026-10-02 15:44:11,HUY_MON,250787,INOT231780
2026-10-02 15:44:11,HUY_MON,250730,CAAL230180
2026-10-02 15:44:11,DANG_KY,250124,INIT130185
2026-10-02 15:44:11,DANG_KY,250543,FOIT331380
2026-10-02 15:44:11,VAO_HANG_CHO,250750,LLCT220514
2026-10-02 15:44:11,VAO_HANG_CHO,250617,IQMA220205
2026-10-02 15:44:11,VAO_HANG_CHO,250606,OOPR230279
2026-10-02 15:44:11,VAO_HANG_CHO,250377,DASA230179
2026-10-02 15:44:11,DANG_KY,250176,ESYS431080
2026-10-02 15:44:11,DANG_KY,250259,EEEN234162
2026-10-02 15:44:11,DANG_KY,250954,DIGR240485
2026-10-02 15:44:11,DANG_KY,250037,MATH143001
2026-10-02 15:44:11,VAO_HANG_CHO,250444,LLCT220514
2026-10-02 15:44:11,VAO_HANG_CHO,250279,INMA220305
2026-10-02 15:44:11,VAO_HANG_CHO,250286,MALE431984
2026-10-02 15:44:11,DANG_KY,250881,INOT231780
2026-10-02 15:44:11,VAO_HANG_CHO,250716,LLCT220514
2026-10-02 15:44:11,DANG_KY,250517,INPR140285
2026-10-02 15:44:11,HUY_MON,250937,NEES330380
2026-10-02 15:44:11,DANG_KY,250566,INSE330380
2026-10-02 15:44:11,DANG_KY,250857,DBMS330284
2026-10-02 15:44:11,VAO_HANG_CHO,250272,INSO321005
2026-10-02 15:44:11,HUY_MON,250822,INLO220405
2026-10-02 15:44:11,DON_LEN_CHINH_THUC,250968,INLO220405
2026-10-02 15:44:11,VAO_HANG_CHO,250546,LESK120190
2026-10-02 15:44:11,HUY_MON,250408,INSE330380
2026-10-02 15:44:11,VAO_HANG_CHO,250692,INSO321005
2026-10-02 15:44:11,HUY_MON,250410,MATH132401
2026-10-02 15:44:11,DON_LEN_CHINH_THUC,250162,MATH132401
2026-10-02 15:44:11,VAO_HANG_CHO,250018,MATH132401
2026-10-02 15:44:11,HUY_MON,250400,DIPR430685
2026-10-02 15:44:11,DON_LEN_CHINH_THUC,250128,DIPR430685
2026-10-02 15:44:11,HUY_MON,250379,LLCT120405
2026-10-02 15:44:11,DON_LEN_CHINH_THUC,250109,LLCT120405
2026-10-02 15:44:11,VAO_HANG_CHO,250327,ENPS220591
2026-10-02 15:44:11,DANG_KY,250550,CAAL230180
2026-10-02 15:44:11,DANG_KY,250742,WEPR330479
2026-10-02 15:44:11,VAO_HANG_CHO,250921,LLCT120405
2026-10-02 15:44:11,VAO_HANG_CHO,250272,LLCT220514
2026-10-02 15:44:11,DANG_KY,250291,NEES330380
2026-10-02 15:44:11,HUY_MON,250977,PRBE214262
2026-10-02 15:44:11,DON_LEN_CHINH_THUC,250207,PRBE214262
2026-10-02 15:44:11,VAO_HANG_CHO,250629,PHYS111202
2026-10-02 15:44:11,VAO_HANG_CHO,250423,PHYS111202
2026-10-02 15:44:11,DANG_KY,250574,INSE330380
2026-10-02 15:44:11,VAO_HANG_CHO,250681,GEFC220105
2026-10-02 15:44:11,HUY_MON,250871,INPR140285
2026-10-02 15:44:11,VAO_HANG_CHO,250179,LLCT120405
2026-10-02 15:44:11,DANG_KY,250738,ESYS431080
2026-10-02 15:44:11,VAO_HANG_CHO,250799,ENPS220591
2026-10-02 15:44:11,HUY_MON,250397,FOIT331380
2026-10-02 15:44:11,DANG_KY,250273,FOIT331380
2026-10-02 15:44:11,DANG_KY,250776,ENCS330537
2026-10-02 15:44:11,VAO_HANG_CHO,250625,IQMA220205
2026-10-02 15:44:11,DANG_KY,250556,INSE330380
2026-10-02 15:44:11,DANG_KY,250073,MATH132501
2026-10-02 15:44:11,VAO_HANG_CHO,250584,CAAL230180
2026-10-02 15:44:11,VAO_HANG_CHO,250643,LLCT120314
2026-10-02 15:44:11,DANG_KY,250398,ESYS431080
2026-10-02 15:44:11,DANG_KY,250673,GELA236939
2026-10-02 15:44:11,HUY_MON,250445,INOT231780
2026-10-02 15:44:11,DANG_KY,250809,INOT231780
2026-10-02 15:44:11,HUY_MON,250284,DIGR240485
2026-10-02 15:44:11,HUY_MON,250447,EEEN234162
2026-10-02 15:44:11,DANG_KY,250315,PRTE230385
2026-10-02 15:44:11,HUY_MON,250536,MALE431984
2026-10-02 15:44:11,DON_LEN_CHINH_THUC,250684,MALE431984
2026-10-02 15:44:11,DANG_KY,250548,IPPA233277
2026-10-02 15:44:11,HUY_MON,250442,IVNC320905
2026-10-02 15:44:11,DON_LEN_CHINH_THUC,250832,IVNC320905
2026-10-02 15:44:11,VAO_HANG_CHO,250478,LESK120190
2026-10-02 15:44:11,DANG_KY,250359,NEES330380
2026-10-02 15:44:11,VAO_HANG_CHO,250716,MATH132401
2026-10-02 15:44:11,DANG_KY,250415,FOIT331380
2026-10-02 15:44:11,VAO_HANG_CHO,250078,LESK120190
2026-10-02 15:44:11,VAO_HANG_CHO,250665,GEFC220105
2026-10-02 15:44:11,VAO_HANG_CHO,250274,LLCT120205
2026-10-02 15:44:11,HUY_MON,250392,LLCT220514
2026-10-02 15:44:11,DON_LEN_CHINH_THUC,250324,LLCT220514
2026-10-02 15:44:11,VAO_HANG_CHO,250908,PHYS130902
2026-10-02 15:44:11,HUY_MON,250202,WIPR230579
2026-10-02 15:44:11,DON_LEN_CHINH_THUC,250208,WIPR230579
2026-10-02 15:44:11,VAO_HANG_CHO,250934,LESK120190
2026-10-02 15:44:11,VAO_HANG_CHO,250888,SPPR330885
2026-10-02 15:44:11,HUY_MON,250220,ENCS330537
2026-10-02 15:44:11,DANG_KY,250259,DBMS330284
2026-10-02 15:44:11,VAO_HANG_CHO,250474,MATH132401
2026-10-02 15:44:11,HUY_MON,250019,DASA230179
2026-10-02 15:44:11,DON_LEN_CHINH_THUC,250377,DASA230179
2026-10-02 15:44:11,VAO_HANG_CHO,250750,CAAL230180
2026-10-02 15:44:11,DANG_KY,250537,PRTE230385
2026-10-02 15:44:11,VAO_HANG_CHO,250792,OOPR230279
2026-10-02 15:44:11,DANG_KY,250371,DBSY240184
2026-10-02 15:44:11,VAO_HANG_CHO,250330,IVNC320905
2026-10-02 15:44:11,VAO_HANG_CHO,250675,OPSY330280
2026-10-02 15:44:11,HUY_MON,250055,GEFC220105
2026-10-02 15:44:11,DON_LEN_CHINH_THUC,250321,GEFC220105
2026-10-02 15:44:11,HUY_MON,250182,ARIN330585
2026-10-02 15:44:11,HUY_MON,250470,IVNC320905
2026-10-02 15:44:11,DON_LEN_CHINH_THUC,250348,IVNC320905
2026-10-02 15:44:11,VAO_HANG_CHO,250946,LLCT120205
2026-10-02 15:44:11,DANG_KY,250109,DBSY240184
2026-10-02 15:44:11,DANG_KY,250972,IPPA233277
2026-10-02 15:44:11,DANG_KY,250503,INPR140285
2026-10-02 15:44:11,DANG_KY,250054,IPPA233277
2026-10-02 15:44:11,DANG_KY,250377,INOT231780
2026-10-02 15:44:11,VAO_HANG_CHO,250288,MATH132901
2026-10-02 15:44:11,VAO_HANG_CHO,250635,ENPS220591
2026-10-02 15:44:11,HUY_MON,250889,CLCO332779
2026-10-02 15:44:11,VAO_HANG_CHO,250387,DASA230179
2026-10-02 15:44:11,VAO_HANG_CHO,250554,MATH132401
2026-10-02 15:44:11,VAO_HANG_CHO,250028,LLCT120205
2026-10-02 15:44:11,DANG_KY,250303,MATH143001
2026-10-02 15:44:11,DANG_KY,250537,EEEN234162
2026-10-02 15:44:11,HUY_MON,250415,DBMS330284
2026-10-02 15:44:11,HUY_MON,250062,MALE431984
2026-10-02 15:44:11,DON_LEN_CHINH_THUC,250696,MALE431984
2026-10-02 15:44:11,VAO_HANG_CHO,250250,MATH132401
2026-10-02 15:44:11,DANG_KY,250349,FOIT331380
2026-10-02 15:44:11,VAO_HANG_CHO,250332,SPPR330885
2026-10-02 15:44:11,HUY_MON,250640,MALE431984
2026-10-02 15:44:11,DON_LEN_CHINH_THUC,250134,MALE431984
2026-10-02 15:44:11,DANG_KY,250642,WEPR330479
2026-10-02 15:44:11,DANG_KY,250037,FOIT331380
2026-10-02 15:44:11,DANG_KY,250547,MATH143001
2026-10-02 15:44:11,HUY_MON,250425,ECOM430984
2026-10-02 15:44:11,HUY_MON,250595,GELA236939
2026-10-02 15:44:11,HUY_MON,250834,SPPR330885
2026-10-02 15:44:11,DON_LEN_CHINH_THUC,250710,SPPR330885
2026-10-02 15:44:11,HUY_MON,250147,ENPS220591
2026-10-02 15:44:11,DON_LEN_CHINH_THUC,250769,ENPS220591
2026-10-02 15:44:11,DANG_KY,250659,ECOM430984
2026-10-02 15:44:11,HUY_MON,250761,MATH143001
2026-10-02 15:44:11,HUY_MON,250670,LLCT220514
2026-10-02 15:44:11,DON_LEN_CHINH_THUC,250996,LLCT220514
2026-10-02 15:44:11,HUY_MON,250377,MATH132501
2026-10-02 15:44:11,DANG_KY,250069,ECOM430984
2026-10-02 15:44:11,VAO_HANG_CHO,250226,WIPR230579
2026-10-02 15:44:11,HUY_MON,250686,ARIN330585
2026-10-02 15:44:11,VAO_HANG_CHO,250930,WOPS120390
2026-10-02 15:44:11,DANG_KY,250283,MATH132501
2026-10-02 15:44:11,VAO_HANG_CHO,250954,LLCT120205
2026-10-02 15:44:11,DANG_KY,250965,NEES330380
2026-10-02 15:44:11,VAO_HANG_CHO,250476,LESK120190
2026-10-02 15:44:11,DANG_KY,250263,GELA236939
2026-10-02 15:44:11,HUY_MON,250573,FOIT331380
2026-10-02 15:44:11,DANG_KY,250681,NEES330380
2026-10-02 15:44:11,HUY_MON,250503,INPR140285
2026-10-02 15:44:11,VAO_HANG_CHO,250291,PRBE214262
2026-10-02 15:44:11,DANG_KY,250058,ENCS330537
2026-10-02 15:44:11,HUY_MON,250328,WEPR330479
2026-10-02 15:44:11,VAO_HANG_CHO,250972,MALE431984
2026-10-02 15:44:11,DANG_KY,250671,NEES330380
2026-10-02 15:44:11,HUY_MON,250965,PRBE214262
2026-10-02 15:44:11,DON_LEN_CHINH_THUC,250015,PRBE214262
2026-10-02 15:44:11,DANG_KY,250885,MATH132501
2026-10-02 15:44:11,HUY_MON,250490,WEPR330479
2026-10-02 15:44:11,VAO_HANG_CHO,250326,LESK120190
2026-10-02 15:44:11,DANG_KY,250297,DBSY240184
2026-10-02 15:44:11,VAO_HANG_CHO,250672,INSO321005
2026-10-02 15:44:11,DANG_KY,250771,SOEN330679
2026-10-02 15:44:11,DANG_KY,250178,IPPA233277
2026-10-02 15:44:11,DANG_KY,250125,GELA236939
2026-10-02 15:44:11,VAO_HANG_CHO,250260,DIPR430685
2026-10-02 15:44:11,HUY_MON,250402,OOPR230279
2026-10-02 15:44:11,DON_LEN_CHINH_THUC,250254,OOPR230279
2026-10-02 15:44:11,DANG_KY,250798,IPPA233277
2026-10-02 15:44:11,VAO_HANG_CHO,250945,DASA230179
2026-10-02 15:44:11,HUY_MON,250717,ENPS220591
2026-10-02 15:44:11,DON_LEN_CHINH_THUC,250885,ENPS220591
2026-10-02 15:44:11,DANG_KY,250361,EEEN234162
2026-10-02 15:44:11,VAO_HANG_CHO,250648,INSO321005
2026-10-02 15:44:11,VAO_HANG_CHO,250195,DASA230179
2026-10-02 15:44:11,VAO_HANG_CHO,250306,MATH132901
2026-10-02 15:44:11,VAO_HANG_CHO,250677,INMA220305
2026-10-02 15:44:11,DANG_KY,250868,INSE330380
2026-10-02 15:44:11,DANG_KY,250847,DBSY240184
2026-10-02 15:44:11,HUY_MON,250365,INPR140285
2026-10-02 15:44:11,VAO_HANG_CHO,250681,LLCT120314
2026-10-02 15:44:11,HUY_MON,250047,MATH132501
2026-10-02 15:44:11,DANG_KY,250867,FOIT331380
2026-10-02 15:44:11,VAO_HANG_CHO,250872,MALE431984
2026-10-02 15:44:11,DANG_KY,250987,DBSY240184
2026-10-02 15:44:11,DANG_KY,250008,DIGR240485
2026-10-02 15:44:11,DANG_KY,250419,MATH143001
2026-10-02 15:44:11,HUY_MON,250153,PHYS111202
2026-10-02 15:44:11,DON_LEN_CHINH_THUC,250007,PHYS111202
2026-10-02 15:44:11,HUY_MON,250112,WOPS120390
2026-10-02 15:44:11,DON_LEN_CHINH_THUC,250930,WOPS120390
2026-10-02 15:44:11,DANG_KY,250332,INSE330380
2026-10-02 15:44:11,DANG_KY,250069,INOT231780
2026-10-02 15:44:11,VAO_HANG_CHO,250396,MATH132901
2026-10-02 15:44:11,VAO_HANG_CHO,250559,INOT231780
2026-10-02 15:44:11,HUY_MON,250517,INPR140285
2026-10-02 15:44:11,DANG_KY,250817,INPR140285
2026-10-02 15:44:11,VAO_HANG_CHO,250576,LLCT220514
2026-10-02 15:44:11,HUY_MON,250996,ARIN330585
2026-10-02 15:44:11,VAO_HANG_CHO,250752,MATH132901
2026-10-02 15:44:11,DANG_KY,250499,MATH132501
2026-10-02 15:44:11,VAO_HANG_CHO,250450,WOPS120390
2026-10-02 15:44:11,DANG_KY,250805,CLCO332779
2026-10-02 15:44:11,HUY_MON,250745,DBSY240184
2026-10-02 15:44:11,DANG_KY,250021,ECOM430984
2026-10-02 15:44:11,HUY_MON,250099,INMA220305
2026-10-02 15:44:11,DON_LEN_CHINH_THUC,250013,INMA220305
2026-10-02 15:44:11,VAO_HANG_CHO,250191,INMA220305
2026-10-02 15:44:11,DANG_KY,250102,ESYS431080
2026-10-02 15:44:11,HUY_MON,250826,IPPA233277
2026-10-02 15:44:11,VAO_HANG_CHO,250294,INLO220405
2026-10-02 15:44:11,DANG_KY,250601,SOEN330679
2026-10-02 15:44:11,VAO_HANG_CHO,250523,PRBE214262
2026-10-02 15:44:11,VAO_HANG_CHO,250778,INLO220405
2026-10-02 15:44:11,VAO_HANG_CHO,250525,PRBE214262
2026-10-02 15:44:11,DANG_KY,250983,FOIT331380
2026-10-02 15:44:11,HUY_MON,250317,INPR140285
2026-10-02 15:44:11,DANG_KY,250641,FOIT331380
2026-10-02 15:44:11,DANG_KY,250936,INSE330380
2026-10-02 15:44:11,DANG_KY,250859,ECOM430984
2026-10-02 15:44:11,VAO_HANG_CHO,250982,CAAL230180
2026-10-02 15:44:11,DANG_KY,250729,MATH132501
2026-10-02 15:44:11,VAO_HANG_CHO,250224,WIPR230579
2026-10-02 15:44:11,DANG_KY,250953,FOIT331380
2026-10-02 15:44:11,VAO_HANG_CHO,250766,LESK120190
2026-10-02 15:44:11,DANG_KY,250033,MATH132501
2026-10-02 15:44:11,HUY_MON,250799,INPR140285
2026-10-02 15:44:11,DANG_KY,250747,EEEN234162
2026-10-02 15:44:11,VAO_HANG_CHO,250447,DASA230179
2026-10-02 15:44:11,VAO_HANG_CHO,250894,MATH132401
2026-10-02 15:44:11,VAO_HANG_CHO,250137,PRBE214262
2026-10-02 15:44:11,VAO_HANG_CHO,250600,INSO321005
2026-10-02 15:44:11,VAO_HANG_CHO,250051,INOT231780
2026-10-02 15:44:11,DANG_KY,250522,ARIN330585
2026-10-02 15:44:11,HUY_MON,250091,INOT231780
2026-10-02 15:44:11,DON_LEN_CHINH_THUC,250559,INOT231780
2026-10-02 15:44:11,VAO_HANG_CHO,250023,INMA220305
2026-10-02 15:44:11,DANG_KY,250198,IPPA233277
2026-10-02 15:44:11,HUY_MON,250644,LESK120190
2026-10-02 15:44:11,DON_LEN_CHINH_THUC,250614,LESK120190
2026-10-02 15:44:11,VAO_HANG_CHO,250366,OOPR230279
2026-10-02 15:44:11,VAO_HANG_CHO,250425,OPSY330280
2026-10-02 15:44:11,VAO_HANG_CHO,250720,MALE431984
2026-10-02 15:44:11,VAO_HANG_CHO,250523,PHYS111202
2026-10-02 15:44:11,VAO_HANG_CHO,250306,LLCT220514
2026-10-02 15:44:11,VAO_HANG_CHO,250669,ENPS220591
2026-10-02 15:44:11,VAO_HANG_CHO,250178,INLO220405
2026-10-02 15:44:11,VAO_HANG_CHO,250285,DASA230179
2026-10-02 15:44:11,VAO_HANG_CHO,250788,WIPR230579
2026-10-02 15:44:11,VAO_HANG_CHO,250551,INOT231780
2026-10-02 15:44:11,VAO_HANG_CHO,250198,SPPR330885
2026-10-02 15:44:11,VAO_HANG_CHO,250945,PHYS111202
2026-10-02 15:44:11,DANG_KY,250816,ENCS330537
2026-10-02 15:44:11,VAO_HANG_CHO,250509,PRTE230385
2026-10-02 15:44:11,VAO_HANG_CHO,250964,MALE431984
2026-10-02 15:44:11,DANG_KY,250847,FOIT331380
2026-10-02 15:44:11,HUY_MON,250405,LLCT120314
2026-10-02 15:44:11,DON_LEN_CHINH_THUC,250545,LLCT120314
2026-10-02 15:44:11,DANG_KY,250289,MOPR331279
2026-10-02 15:44:11,VAO_HANG_CHO,250150,LLCT120205
2026-10-02 15:44:11,VAO_HANG_CHO,250505,OPSY330280
2026-10-02 15:44:11,HUY_MON,250773,PRTE230385
2026-10-02 15:44:11,DON_LEN_CHINH_THUC,250509,PRTE230385
2026-10-02 15:44:11,VAO_HANG_CHO,250089,DASA230179
2026-10-02 15:44:11,DANG_KY,250049,ECOM430984
2026-10-02 15:44:11,VAO_HANG_CHO,250096,INSO321005
2026-10-02 15:44:11,VAO_HANG_CHO,250555,OPSY330280
2026-10-02 15:44:11,VAO_HANG_CHO,250896,SPPR330885
2026-10-02 15:44:11,HUY_MON,250886,LLCT120205
2026-10-02 15:44:11,DON_LEN_CHINH_THUC,250722,LLCT120205
2026-10-02 15:44:11,VAO_HANG_CHO,250578,WIPR230579
2026-10-02 15:44:11,VAO_HANG_CHO,250754,CAAL230180
2026-10-02 15:44:11,VAO_HANG_CHO,250901,ENPS220591
2026-10-02 15:44:11,HUY_MON,250770,LLCT130105
2026-10-02 15:44:11,HUY_MON,250925,PRTE230385
2026-10-02 15:44:11,VAO_HANG_CHO,250057,INMA220305
2026-10-02 15:44:11,VAO_HANG_CHO,250048,LESK120190
2026-10-02 15:44:11,VAO_HANG_CHO,250979,INOT231780
2026-10-02 15:44:11,HUY_MON,250561,LLCT120405
2026-10-02 15:44:11,DON_LEN_CHINH_THUC,250599,LLCT120405
2026-10-02 15:44:11,DANG_KY,250317,SOEN330679
2026-10-02 15:44:11,VAO_HANG_CHO,250327,CLCO332779
2026-10-02 15:44:11,VAO_HANG_CHO,250446,PHYS130902
2026-10-02 15:44:11,DANG_KY,250361,FOIT331380
2026-10-02 15:44:11,DANG_KY,250627,MATH143001
2026-10-02 15:44:11,HUY_MON,250913,INOT231780
2026-10-02 15:44:11,DON_LEN_CHINH_THUC,250051,INOT231780
2026-10-02 15:44:11,HUY_MON,250369,INPR140285
2026-10-02 15:44:11,VAO_HANG_CHO,250525,CLCO332779
2026-10-02 15:44:11,HUY_MON,250978,LESK120190
2026-10-02 15:44:11,DON_LEN_CHINH_THUC,250024,LESK120190
2026-10-02 15:44:11,DANG_KY,250126,LLCT130105
2026-10-02 15:44:11,HUY_MON,250242,SPPR330885
2026-10-02 15:44:11,DON_LEN_CHINH_THUC,250888,SPPR330885
2026-10-02 15:44:11,VAO_HANG_CHO,250710,OOPR230279
2026-10-02 15:44:11,VAO_HANG_CHO,250280,LLCT220514
2026-10-02 15:44:11,VAO_HANG_CHO,250659,CLCO332779
2026-10-02 15:44:11,HUY_MON,250137,PRTE230385
2026-10-02 15:44:11,VAO_HANG_CHO,250141,PHYS111202
2026-10-02 15:44:11,HUY_MON,250107,SOEN330679
2026-10-02 15:44:11,DANG_KY,250357,INPR140285
2026-10-02 15:44:11,HUY_MON,250075,MATH132501
2026-10-02 15:44:11,VAO_HANG_CHO,250751,INOT231780
2026-10-02 15:44:11,DANG_KY,250164,DIGR240485
2026-10-02 15:44:11,VAO_HANG_CHO,250527,INOT231780
2026-10-02 15:44:11,VAO_HANG_CHO,250262,OOPR230279
2026-10-02 15:44:11,VAO_HANG_CHO,250369,INOT231780
2026-10-02 15:44:11,VAO_HANG_CHO,250918,LESK120190
2026-10-02 15:44:11,DANG_KY,250681,FOIT331380
2026-10-02 15:44:11,DANG_KY,250694,DIGR240485
2026-10-02 15:44:11,VAO_HANG_CHO,250249,DASA230179
2026-10-02 15:44:11,HUY_MON,250799,DBMS330284
2026-10-02 15:44:11,HUY_MON,250004,CAAL230180
2026-10-02 15:44:11,DON_LEN_CHINH_THUC,250584,CAAL230180
2026-10-02 15:44:11,VAO_HANG_CHO,250160,WOPS120390
2026-10-02 15:44:11,DANG_KY,250601,MATH132501
2026-10-02 15:44:11,HUY_MON,250031,OPSY330280
2026-10-02 15:44:11,DON_LEN_CHINH_THUC,250137,OPSY330280
2026-10-02 15:44:11,DANG_KY,250019,NEES330380
2026-10-02 15:44:11,DANG_KY,250629,NEES330380
2026-10-02 15:44:11,HUY_MON,250827,PRTE230385
2026-10-02 15:44:11,VAO_HANG_CHO,250471,INMA220305
2026-10-02 15:44:11,VAO_HANG_CHO,250270,DIPR430685
2026-10-02 15:44:11,HUY_MON,250036,MATH132401
2026-10-02 15:44:11,DON_LEN_CHINH_THUC,250018,MATH132401
2026-10-02 15:44:11,HUY_MON,250934,INIT130185
2026-10-02 15:44:11,VAO_HANG_CHO,250258,DIPR430685
2026-10-02 15:44:11,DANG_KY,250509,MOPR331279
2026-10-02 15:44:11,HUY_MON,250963,MATH132501
2026-10-02 15:44:11,DANG_KY,250159,INPR140285
2026-10-02 15:44:11,VAO_HANG_CHO,250422,OOPR230279
2026-10-02 15:44:11,DANG_KY,250601,GELA236939
2026-10-02 15:44:11,VAO_HANG_CHO,250032,WIPR230579
2026-10-02 15:44:11,VAO_HANG_CHO,250753,IQMA220205
2026-10-02 15:44:11,HUY_MON,250751,ECOM430984
2026-10-02 15:44:11,DANG_KY,250171,INPR140285
2026-10-02 15:44:11,VAO_HANG_CHO,250282,DIPR430685
2026-10-02 15:44:11,VAO_HANG_CHO,250794,MATH132401
2026-10-02 15:44:11,VAO_HANG_CHO,250309,LLCT120405
2026-10-02 15:44:11,VAO_HANG_CHO,250300,DIPR430685
2026-10-02 15:44:11,VAO_HANG_CHO,250343,LLCT120314
2026-10-02 15:44:11,DANG_KY,250649,EEEN234162
2026-10-02 15:44:11,VAO_HANG_CHO,250672,LLCT120205
2026-10-02 15:44:11,VAO_HANG_CHO,250952,MALE431984
2026-10-02 15:44:11,DANG_KY,250667,EEEN234162
2026-10-02 15:44:11,VAO_HANG_CHO,250650,PHYS130902
2026-10-02 15:44:11,VAO_HANG_CHO,250613,ENPS220591
2026-10-02 15:44:11,DANG_KY,250652,ENCS330537
2026-10-02 15:44:11,VAO_HANG_CHO,250791,INMA220305
2026-10-02 15:44:11,VAO_HANG_CHO,250606,INSE330380
2026-10-02 15:44:11,DANG_KY,250647,INPR140285
2026-10-02 15:44:11,HUY_MON,250045,MATH132501
2026-10-02 15:44:11,VAO_HANG_CHO,250680,SPPR330885
2026-10-02 15:44:11,VAO_HANG_CHO,250541,OPSY330280
2026-10-02 15:44:11,VAO_HANG_CHO,250508,MALE431984
2026-10-02 15:44:11,DANG_KY,250341,MATH143001
2026-10-02 15:44:11,VAO_HANG_CHO,250172,INSE330380
2026-10-02 15:44:11,DANG_KY,250071,NEES330380
2026-10-02 15:44:11,VAO_HANG_CHO,250766,LLCT120205
2026-10-02 15:44:11,VAO_HANG_CHO,250720,PHYS130902
2026-10-02 15:44:11,DANG_KY,250067,MATH143001
2026-10-02 15:44:11,VAO_HANG_CHO,250622,LLCT120205
2026-10-02 15:44:11,VAO_HANG_CHO,250369,MOPR331279
2026-10-02 15:44:11,VAO_HANG_CHO,250176,WOPS120390
2026-10-02 15:44:11,VAO_HANG_CHO,250953,MOPR331279
2026-10-02 15:44:11,DANG_KY,250342,DIGR240485
2026-10-02 15:44:11,DANG_KY,250215,GELA236939
2026-10-02 15:44:11,DANG_KY,250734,ARIN330585
2026-10-02 15:44:11,HUY_MON,250596,INLO220405
2026-10-02 15:44:11,DON_LEN_CHINH_THUC,250378,INLO220405
2026-10-02 15:44:11,HUY_MON,250997,DBSY240184
2026-10-02 15:44:11,DANG_KY,250732,INIT130185
2026-10-02 15:44:11,VAO_HANG_CHO,250624,WIPR230579
2026-10-02 15:44:11,VAO_HANG_CHO,250147,OPSY330280
2026-10-02 15:44:11,HUY_MON,250673,GELA236939
2026-10-02 15:44:11,DANG_KY,250149,DBSY240184
2026-10-02 15:44:11,DANG_KY,250828,INIT130185
2026-10-02 15:44:11,DANG_KY,250207,DBSY240184
2026-10-02 15:44:11,HUY_MON,250204,MATH132901
2026-10-02 15:44:11,DON_LEN_CHINH_THUC,250372,MATH132901
2026-10-02 15:44:11,VAO_HANG_CHO,250792,PHYS130902
2026-10-02 15:44:11,HUY_MON,250782,OOPR230279
2026-10-02 15:44:11,DON_LEN_CHINH_THUC,250380,OOPR230279
2026-10-02 15:44:11,VAO_HANG_CHO,250442,PHYS130902
2026-10-02 15:44:11,DANG_KY,250107,DBSY240184
2026-10-02 15:44:11,VAO_HANG_CHO,250632,LLCT120205
2026-10-02 15:44:11,VAO_HANG_CHO,250955,ENPS220591
2026-10-02 15:44:11,HUY_MON,250913,MOPR331279
2026-10-02 15:44:11,DON_LEN_CHINH_THUC,250369,MOPR331279
2026-10-02 15:44:11,HUY_MON,250760,INSE330380
2026-10-02 15:44:11,DON_LEN_CHINH_THUC,250606,INSE330380
2026-10-02 15:44:11,HUY_MON,250363,IQMA220205
2026-10-02 15:44:11,DON_LEN_CHINH_THUC,250255,IQMA220205
2026-10-02 15:44:11,DANG_KY,250509,SOEN330679
2026-10-02 15:44:11,HUY_MON,250651,OPSY330280
2026-10-02 15:44:11,DON_LEN_CHINH_THUC,250661,OPSY330280
2026-10-02 15:44:11,VAO_HANG_CHO,250509,LLCT120314
2026-10-02 15:44:11,DANG_KY,250204,DIGR240485
2026-10-02 15:44:11,VAO_HANG_CHO,250215,IQMA220205
2026-10-02 15:44:11,VAO_HANG_CHO,250310,MALE431984
2026-10-02 15:44:11,VAO_HANG_CHO,250657,OPSY330280
2026-10-02 15:44:11,VAO_HANG_CHO,250432,MALE431984
2026-10-02 15:44:11,VAO_HANG_CHO,250475,PRBE214262
2026-10-02 15:44:11,HUY_MON,250705,DBMS330284
2026-10-02 15:44:11,VAO_HANG_CHO,250125,IQMA220205
2026-10-02 15:44:11,HUY_MON,250843,IQMA220205
2026-10-02 15:44:11,DON_LEN_CHINH_THUC,250043,IQMA220205
2026-10-02 15:44:11,HUY_MON,250914,WOPS120390
2026-10-02 15:44:11,DON_LEN_CHINH_THUC,250450,WOPS120390
2026-10-02 15:44:11,VAO_HANG_CHO,250278,CAAL230180
2026-10-02 15:44:11,DANG_KY,250110,ARIN330585
2026-10-02 15:44:11,HUY_MON,250433,DASA230179
2026-10-02 15:44:11,DON_LEN_CHINH_THUC,250387,DASA230179
2026-10-02 15:44:11,VAO_HANG_CHO,250932,LLCT120205
2026-10-02 15:44:11,VAO_HANG_CHO,250887,PRBE214262
2026-10-02 15:44:11,VAO_HANG_CHO,250110,WOPS120390
2026-10-02 15:44:11,HUY_MON,250128,DIPR430685
2026-10-02 15:44:11,DON_LEN_CHINH_THUC,250620,DIPR430685
2026-10-02 15:44:11,VAO_HANG_CHO,250900,INSO321005
2026-10-02 15:44:11,DANG_KY,250687,GELA236939
2026-10-02 15:44:11,VAO_HANG_CHO,250756,DIPR430685
2026-10-02 15:44:11,DANG_KY,250183,GELA236939
2026-10-02 15:44:11,HUY_MON,250757,GELA236939
2026-10-02 15:44:11,VAO_HANG_CHO,250129,PHYS111202
2026-10-02 15:44:11,DANG_KY,250395,ECOM430984
2026-10-02 15:44:11,DANG_KY,250114,ESYS431080
2026-10-02 15:44:11,DANG_KY,250709,EEEN234162
2026-10-02 15:44:11,DANG_KY,250948,ARIN330585
2026-10-02 15:44:11,HUY_MON,250842,LLCT120205
2026-10-02 15:44:11,DON_LEN_CHINH_THUC,250492,LLCT120205
2026-10-02 15:44:11,DANG_KY,250230,IPPA233277
2026-10-02 15:44:11,DANG_KY,250665,GELA236939
2026-10-02 15:44:11,DANG_KY,250200,DIGR240485
2026-10-02 15:44:11,HUY_MON,250689,DASA230179
2026-10-02 15:44:11,DON_LEN_CHINH_THUC,250945,DASA230179
2026-10-02 15:44:11,DANG_KY,250243,ECOM430984
2026-10-02 15:44:11,DANG_KY,250730,WEPR330479
2026-10-02 15:44:11,HUY_MON,250264,CAAL230180
2026-10-02 15:44:11,DON_LEN_CHINH_THUC,250750,CAAL230180
2026-10-02 15:44:11,DANG_KY,250486,ARIN330585
2026-10-02 15:44:11,VAO_HANG_CHO,250185,LLCT120314
2026-10-02 15:44:11,HUY_MON,250927,OPSY330280
2026-10-02 15:44:11,DON_LEN_CHINH_THUC,250823,OPSY330280
2026-10-02 15:44:11,HUY_MON,250230,IPPA233277
2026-10-02 15:44:11,DANG_KY,250962,ENCS330537
2026-10-02 15:44:11,VAO_HANG_CHO,250557,CLCO332779
2026-10-02 15:44:11,HUY_MON,250347,MATH132501
2026-10-02 15:44:11,VAO_HANG_CHO,250519,GEFC220105
2026-10-02 15:44:11,VAO_HANG_CHO,250684,MATH132401
2026-10-02 15:44:11,HUY_MON,250786,ENCS330537
2026-10-02 15:44:11,VAO_HANG_CHO,250204,WIPR230579
2026-10-02 15:44:11,HUY_MON,250778,LLCT130105
2026-10-02 15:44:11,DANG_KY,250004,ENCS330537
2026-10-02 15:44:11,DANG_KY,250335,MATH143001
2026-10-02 15:44:11,DANG_KY,250942,LLCT130105
2026-10-02 15:44:11,DANG_KY,250408,INIT130185
2026-10-02 15:44:11,DANG_KY,250585,SOEN330679
2026-10-02 15:44:11,VAO_HANG_CHO,250656,CAAL230180
2026-10-02 15:44:11,DANG_KY,250419,INPR140285
2026-10-02 15:44:11,VAO_HANG_CHO,250794,INSO321005
2026-10-02 15:44:11,DANG_KY,250205,PRTE230385
2026-10-02 15:44:11,HUY_MON,250406,LLCT120205
2026-10-02 15:44:11,DON_LEN_CHINH_THUC,250712,LLCT120205
2026-10-02 15:44:11,VAO_HANG_CHO,250490,DIPR430685
2026-10-02 15:44:11,HUY_MON,250776,LLCT130105
2026-10-02 15:44:11,DANG_KY,250092,WEPR330479
2026-10-02 15:44:11,HUY_MON,250347,CLCO332779
2026-10-02 15:44:11,DON_LEN_CHINH_THUC,250327,CLCO332779
2026-10-02 15:44:11,VAO_HANG_CHO,250103,DASA230179
2026-10-02 15:44:11,HUY_MON,250093,LLCT120314
2026-10-02 15:44:11,DON_LEN_CHINH_THUC,250513,LLCT120314
2026-10-02 15:44:11,VAO_HANG_CHO,250217,GELA236939
2026-10-02 15:44:11,HUY_MON,250654,ARIN330585
2026-10-02 15:44:11,DANG_KY,250850,ARIN330585
2026-10-02 15:44:11,VAO_HANG_CHO,250429,LLCT120314
2026-10-02 15:44:11,DANG_KY,250780,WEPR330479
2026-10-02 15:44:11,VAO_HANG_CHO,250662,DIPR430685
2026-10-02 15:44:11,VAO_HANG_CHO,250209,CLCO332779
2026-10-02 15:44:11,HUY_MON,250943,PRTE230385
2026-10-02 15:44:11,DANG_KY,250666,INIT130185
2026-10-02 15:44:11,VAO_HANG_CHO,250547,IQMA220205
2026-10-02 15:44:11,VAO_HANG_CHO,250538,MALE431984
2026-10-02 15:44:11,DANG_KY,250549,PRTE230385
2026-10-02 15:44:11,VAO_HANG_CHO,250324,SPPR330885
2026-10-02 15:44:11,VAO_HANG_CHO,250485,CLCO332779
2026-10-02 15:44:11,VAO_HANG_CHO,250164,OOPR230279
2026-10-02 15:44:11,VAO_HANG_CHO,250311,IQMA220205
2026-10-02 15:44:11,VAO_HANG_CHO,250646,INSO321005
2026-10-02 15:44:11,DANG_KY,250681,MATH132501
2026-10-02 15:44:11,HUY_MON,250733,NEES330380
2026-10-02 15:44:11,HUY_MON,250935,DBSY240184
2026-10-02 15:44:11,VAO_HANG_CHO,250643,INOT231780
2026-10-02 15:44:11,DANG_KY,250984,IPPA233277
2026-10-02 15:44:11,DANG_KY,250667,MATH132501
2026-10-02 15:44:11,VAO_HANG_CHO,250506,IVNC320905
2026-10-02 15:44:11,HUY_MON,250814,MALE431984
2026-10-02 15:44:11,DON_LEN_CHINH_THUC,250286,MALE431984
2026-10-02 15:44:11,HUY_MON,250983,PRBE214262
2026-10-02 15:44:11,DON_LEN_CHINH_THUC,250829,PRBE214262
2026-10-02 15:44:11,DANG_KY,250427,FOIT331380
2026-10-02 15:44:11,VAO_HANG_CHO,250866,SPPR330885
2026-10-02 15:44:11,DANG_KY,250546,WEPR330479
2026-10-02 15:44:11,DANG_KY,250069,MATH143001
2026-10-02 15:44:11,VAO_HANG_CHO,250460,INSO321005
2026-10-02 15:44:11,DANG_KY,250263,ECOM430984
2026-10-02 15:44:11,VAO_HANG_CHO,250190,MALE431984
2026-10-02 15:44:11,DANG_KY,250785,INPR140285
2026-10-02 15:44:11,VAO_HANG_CHO,250536,INSO321005
2026-10-02 15:44:11,HUY_MON,250182,DIPR430685
2026-10-02 15:44:11,DON_LEN_CHINH_THUC,250900,DIPR430685
2026-10-02 15:44:11,DANG_KY,250210,INIT130185
2026-10-02 15:44:11,HUY_MON,250256,DIPR430685
2026-10-02 15:44:11,DON_LEN_CHINH_THUC,250260,DIPR430685
2026-10-02 15:44:11,HUY_MON,250987,DBSY240184
2026-10-02 15:44:11,DANG_KY,250823,DBSY240184
2026-10-02 15:44:11,VAO_HANG_CHO,250902,CAAL230180
2026-10-02 15:44:11,VAO_HANG_CHO,250889,INMA220305
2026-10-02 15:44:11,VAO_HANG_CHO,250843,INOT231780
2026-10-02 15:44:11,HUY_MON,250145,GEFC220105
2026-10-02 15:44:11,DON_LEN_CHINH_THUC,250307,GEFC220105
2026-10-02 15:44:11,DANG_KY,250957,INPR140285
2026-10-02 15:44:11,VAO_HANG_CHO,250708,MATH132401
2026-10-02 15:44:11,DANG_KY,250663,DBSY240184
2026-10-02 15:44:11,DANG_KY,250318,IPPA233277
2026-10-02 15:44:11,HUY_MON,250124,LLCT220514
2026-10-02 15:44:11,DON_LEN_CHINH_THUC,250196,LLCT220514
2026-10-02 15:44:11,DANG_KY,250936,ENCS330537
2026-10-02 15:44:11,DANG_KY,250987,DBSY240184
2026-10-02 15:44:11,VAO_HANG_CHO,250290,DIPR430685
2026-10-02 15:44:11,VAO_HANG_CHO,250873,DASA230179
2026-10-02 15:44:11,DANG_KY,250416,IPPA233277
2026-10-02 15:44:11,HUY_MON,250646,ARIN330585
2026-10-02 15:44:11,VAO_HANG_CHO,250306,IPPA233277
2026-10-02 15:44:11,VAO_HANG_CHO,250781,GELA236939
2026-10-02 15:44:11,VAO_HANG_CHO,250708,IPPA233277
2026-10-02 15:44:11,HUY_MON,250266,INSE330380
2026-10-02 15:44:11,DON_LEN_CHINH_THUC,250172,INSE330380
2026-10-02 15:44:11,VAO_HANG_CHO,250702,MATH132901
2026-10-02 15:44:11,DANG_KY,250529,ECOM430984
2026-10-02 15:44:11,HUY_MON,250055,MOPR331279
2026-10-02 15:44:11,DON_LEN_CHINH_THUC,250953,MOPR331279
2026-10-02 15:44:11,DANG_KY,250475,PRTE230385
2026-10-02 15:44:11,VAO_HANG_CHO,250122,OOPR230279
2026-10-02 15:44:11,DANG_KY,250837,FOIT331380
2026-10-02 15:44:11,DANG_KY,250476,DIGR240485
2026-10-02 15:44:11,VAO_HANG_CHO,250375,DASA230179
2026-10-02 15:44:11,VAO_HANG_CHO,250302,DIPR430685
2026-10-02 15:44:11,VAO_HANG_CHO,250987,MOPR331279
2026-10-02 15:44:11,DANG_KY,250018,LLCT130105
2026-10-02 15:44:11,DANG_KY,250251,DBMS330284
2026-10-02 15:44:11,HUY_MON,250696,LLCT220514
2026-10-02 15:44:11,DON_LEN_CHINH_THUC,250514,LLCT220514
2026-10-02 15:44:11,VAO_HANG_CHO,250052,INSE330380
2026-10-02 15:44:11,VAO_HANG_CHO,250703,ENPS220591
2026-10-02 15:44:11,DANG_KY,250828,WEPR330479
2026-10-02 15:44:11,VAO_HANG_CHO,250213,INOT231780
2026-10-02 15:44:11,VAO_HANG_CHO,250322,MATH132901
2026-10-02 15:44:11,VAO_HANG_CHO,250037,CLCO332779
2026-10-02 15:44:11,VAO_HANG_CHO,250012,WOPS120390
2026-10-02 15:44:11,VAO_HANG_CHO,250343,OPSY330280
2026-10-02 15:44:11,HUY_MON,250965,NEES330380
2026-10-02 15:44:11,HUY_MON,250196,INIT130185
2026-10-02 15:44:11,VAO_HANG_CHO,250960,IPPA233277
2026-10-02 15:44:11,VAO_HANG_CHO,250697,INOT231780
2026-10-02 15:44:11,VAO_HANG_CHO,250528,OOPR230279
2026-10-02 15:44:11,DANG_KY,250459,PRTE230385
2026-10-02 15:44:11,HUY_MON,250369,ENPS220591
2026-10-02 15:44:11,DON_LEN_CHINH_THUC,250115,ENPS220591
2026-10-02 15:44:11,HUY_MON,250472,MALE431984
2026-10-02 15:44:11,DON_LEN_CHINH_THUC,250972,MALE431984
2026-10-02 15:44:11,HUY_MON,250235,DASA230179
2026-10-02 15:44:11,DON_LEN_CHINH_THUC,250195,DASA230179
2026-10-02 15:44:11,HUY_MON,250114,ARIN330585
2026-10-02 15:44:11,VAO_HANG_CHO,250986,OOPR230279
2026-10-02 15:44:11,VAO_HANG_CHO,250653,GELA236939
2026-10-02 15:44:11,DANG_KY,250716,ENCS330537
2026-10-02 15:44:11,DANG_KY,250229,MATH143001
2026-10-02 15:44:11,VAO_HANG_CHO,250079,PRTE230385
2026-10-02 15:44:11,VAO_HANG_CHO,250430,OOPR230279
2026-10-02 15:44:11,DANG_KY,250119,DBSY240184
2026-10-02 15:44:11,HUY_MON,250133,GEFC220105
2026-10-02 15:44:11,DON_LEN_CHINH_THUC,250701,GEFC220105
2026-10-02 15:44:11,HUY_MON,250684,INLO220405
2026-10-02 15:44:11,DON_LEN_CHINH_THUC,250928,INLO220405
2026-10-02 15:44:11,DANG_KY,250918,ENCS330537
2026-10-02 15:44:11,VAO_HANG_CHO,250737,PRTE230385
2026-10-02 15:44:11,VAO_HANG_CHO,250568,INLO220405
2026-10-02 15:44:11,VAO_HANG_CHO,250379,OPSY330280
2026-10-02 15:44:11,HUY_MON,250399,DASA230179
2026-10-02 15:44:11,DON_LEN_CHINH_THUC,250447,DASA230179
2026-10-02 15:44:11,VAO_HANG_CHO,250131,PRTE230385
2026-10-02 15:44:11,VAO_HANG_CHO,250898,SPPR330885
2026-10-02 15:44:11,HUY_MON,250296,WIPR230579
2026-10-02 15:44:11,DON_LEN_CHINH_THUC,250514,WIPR230579
2026-10-02 15:44:11,HUY_MON,250489,FOIT331380
2026-10-02 15:44:11,VAO_HANG_CHO,250755,MOPR331279
2026-10-02 15:44:11,VAO_HANG_CHO,250821,ENPS220591
2026-10-02 15:44:11,VAO_HANG_CHO,250836,OOPR230279
2026-10-02 15:44:11,HUY_MON,250098,SPPR330885
2026-10-02 15:44:11,DON_LEN_CHINH_THUC,250332,SPPR330885
2026-10-02 15:44:11,VAO_HANG_CHO,250094,LESK120190
2026-10-02 15:44:11,VAO_HANG_CHO,250705,DASA230179
2026-10-02 15:44:11,DANG_KY,250304,LLCT130105
2026-10-02 15:44:11,DANG_KY,250955,DBMS330284
2026-10-02 15:44:11,VAO_HANG_CHO,250547,CLCO332779
2026-10-02 15:44:11,HUY_MON,250327,MATH132501
2026-10-02 15:44:11,VAO_HANG_CHO,250568,MATH132901
2026-10-02 15:44:11,HUY_MON,250932,IPPA233277
2026-10-02 15:44:11,DON_LEN_CHINH_THUC,250306,IPPA233277
2026-10-02 15:44:11,VAO_HANG_CHO,250888,LLCT220514
2026-10-02 15:44:11,VAO_HANG_CHO,250643,GELA236939
2026-10-02 15:44:11,HUY_MON,250471,LLCT120314
2026-10-02 15:44:11,DON_LEN_CHINH_THUC,250131,LLCT120314
2026-10-02 15:44:11,DANG_KY,250571,DBMS330284
2026-10-02 15:44:11,HUY_MON,250001,LLCT120405
2026-10-02 15:44:11,DON_LEN_CHINH_THUC,250951,LLCT120405
2026-10-02 15:44:11,DANG_KY,250245,ECOM430984
2026-10-02 15:44:11,DANG_KY,250994,ESYS431080
2026-10-02 15:44:11,HUY_MON,250896,OOPR230279
2026-10-02 15:44:11,DON_LEN_CHINH_THUC,250862,OOPR230279
2026-10-02 15:44:11,VAO_HANG_CHO,250234,INSO321005
2026-10-02 15:44:11,VAO_HANG_CHO,250188,WOPS120390
2026-10-02 15:44:11,HUY_MON,250026,WIPR230579
2026-10-02 15:44:11,DON_LEN_CHINH_THUC,250738,WIPR230579
2026-10-02 15:44:11,VAO_HANG_CHO,250556,WIPR230579
2026-10-02 15:44:11,VAO_HANG_CHO,250055,GEFC220105
2026-10-02 15:44:11,HUY_MON,250758,IPPA233277
2026-10-02 15:44:11,DON_LEN_CHINH_THUC,250708,IPPA233277
2026-10-02 15:44:11,VAO_HANG_CHO,250552,INSO321005
2026-10-02 15:44:11,HUY_MON,250534,INSO321005
2026-10-02 15:44:11,DON_LEN_CHINH_THUC,250078,INSO321005
2026-10-02 15:44:11,VAO_HANG_CHO,250645,SOEN330679
2026-10-02 15:44:11,VAO_HANG_CHO,250012,MALE431984
2026-10-02 15:44:11,DANG_KY,250182,ESYS431080
2026-10-02 15:44:11,DANG_KY,250025,INPR140285
2026-10-02 15:44:11,VAO_HANG_CHO,250040,WIPR230579
2026-10-02 15:44:11,DANG_KY,250019,FOIT331380
2026-10-02 15:44:11,HUY_MON,250897,PHYS111202
2026-10-02 15:44:11,DON_LEN_CHINH_THUC,250751,PHYS111202
2026-10-02 15:44:11,DANG_KY,250282,ENCS330537
2026-10-02 15:44:11,HUY_MON,250752,MATH132401
2026-10-02 15:44:11,DON_LEN_CHINH_THUC,250716,MATH132401
2026-10-02 15:44:11,VAO_HANG_CHO,250914,MATH132401
2026-10-02 15:44:11,HUY_MON,250136,LESK120190
2026-10-02 15:44:11,DON_LEN_CHINH_THUC,250632,LESK120190
2026-10-02 15:44:11,VAO_HANG_CHO,250063,MOPR331279
2026-10-02 15:44:11,DANG_KY,250809,FOIT331380
2026-10-02 15:44:11,DANG_KY,250312,WEPR330479
2026-10-02 15:44:11,VAO_HANG_CHO,250611,LLCT120314
2026-10-02 15:44:11,VAO_HANG_CHO,250346,IPPA233277
2026-10-02 15:44:11,VAO_HANG_CHO,250413,ENPS220591
2026-10-02 15:44:11,VAO_HANG_CHO,250932,OOPR230279
2026-10-02 15:44:11,DANG_KY,250765,DBMS330284
2026-10-02 15:44:11,HUY_MON,250235,DBSY240184
2026-10-02 15:44:11,VAO_HANG_CHO,250191,GELA236939
2026-10-02 15:44:11,VAO_HANG_CHO,250593,INMA220305
2026-10-02 15:44:11,HUY_MON,250140,INSE330380
2026-10-02 15:44:11,DON_LEN_CHINH_THUC,250052,INSE330380
2026-10-02 15:44:11,DANG_KY,250736,LLCT130105
2026-10-02 15:44:11,VAO_HANG_CHO,250867,DASA230179
2026-10-02 15:44:11,DANG_KY,250626,ARIN330585
2026-10-02 15:44:11,HUY_MON,250981,INOT231780
2026-10-02 15:44:11,DON_LEN_CHINH_THUC,250551,INOT231780
2026-10-02 15:44:11,HUY_MON,250892,INSO321005
2026-10-02 15:44:11,DON_LEN_CHINH_THUC,250306,INSO321005
2026-10-02 15:44:11,VAO_HANG_CHO,250736,IVNC320905
2026-10-02 15:44:11,VAO_HANG_CHO,250043,MOPR331279
2026-10-02 15:44:11,HUY_MON,250593,MOPR331279
2026-10-02 15:44:11,DON_LEN_CHINH_THUC,250987,MOPR331279
2026-10-02 15:44:11,HUY_MON,250179,MATH143001
2026-10-02 15:44:11,DANG_KY,250951,MATH143001
2026-10-02 15:44:11,VAO_HANG_CHO,250804,WIPR230579
2026-10-02 15:44:11,DANG_KY,250661,NEES330380
2026-10-02 15:44:11,HUY_MON,250683,DASA230179
2026-10-02 15:44:11,DON_LEN_CHINH_THUC,250285,DASA230179
2026-10-02 15:44:11,DANG_KY,250207,MATH132501
2026-10-02 15:44:11,VAO_HANG_CHO,250270,SPPR330885
2026-10-02 15:44:11,DANG_KY,250267,DBSY240184
2026-10-02 15:44:11,VAO_HANG_CHO,250698,MATH132901
2026-10-02 15:44:11,VAO_HANG_CHO,250621,MOPR331279
2026-10-02 15:44:11,DANG_KY,250188,ARIN330585
2026-10-02 15:44:11,HUY_MON,250635,GEFC220105
2026-10-02 15:44:11,DON_LEN_CHINH_THUC,250911,GEFC220105
2026-10-02 15:44:11,HUY_MON,250426,ESYS431080
2026-10-02 15:44:11,VAO_HANG_CHO,250982,LLCT220514
2026-10-02 15:44:11,DANG_KY,250240,ARIN330585
2026-10-02 15:44:11,HUY_MON,250054,LLCT130105
2026-10-02 15:44:11,HUY_MON,250223,EEEN234162
2026-10-02 15:44:11,VAO_HANG_CHO,250323,ENPS220591
2026-10-02 15:44:11,VAO_HANG_CHO,250242,INLO220405
2026-10-02 15:44:11,VAO_HANG_CHO,250461,ENPS220591
2026-10-02 15:44:11,DANG_KY,250340,ARIN330585
2026-10-02 15:44:11,VAO_HANG_CHO,250607,MOPR331279
2026-10-02 15:44:11,VAO_HANG_CHO,250457,SOEN330679
2026-10-02 15:44:11,HUY_MON,250991,MOPR331279
2026-10-02 15:44:11,DON_LEN_CHINH_THUC,250755,MOPR331279
2026-10-02 15:44:11,DANG_KY,250344,ENCS330537
2026-10-02 15:44:11,VAO_HANG_CHO,250225,INOT231780
2026-10-02 15:44:11,HUY_MON,250823,OPSY330280
2026-10-02 15:44:11,DON_LEN_CHINH_THUC,250013,OPSY330280
2026-10-02 15:44:11,HUY_MON,250574,INSO321005
2026-10-02 15:44:11,DON_LEN_CHINH_THUC,250144,INSO321005
2026-10-02 15:44:11,DANG_KY,250586,ESYS431080
2026-10-02 15:44:11,VAO_HANG_CHO,250565,MOPR331279
2026-10-02 15:44:11,VAO_HANG_CHO,250743,INMA220305
2026-10-02 15:44:11,VAO_HANG_CHO,250806,DIPR430685
2026-10-02 15:44:11,VAO_HANG_CHO,250929,GELA236939
2026-10-02 15:44:11,DANG_KY,250248,ENCS330537
2026-10-02 15:44:11,HUY_MON,250462,INLO220405
2026-10-02 15:44:11,DON_LEN_CHINH_THUC,250028,INLO220405
2026-10-02 15:44:11,HUY_MON,250401,LLCT120314
2026-10-02 15:44:11,DON_LEN_CHINH_THUC,250729,LLCT120314
2026-10-02 15:44:11,VAO_HANG_CHO,250117,INOT231780
2026-10-02 15:44:11,HUY_MON,250545,DASA230179
2026-10-02 15:44:11,DON_LEN_CHINH_THUC,250089,DASA230179
2026-10-02 15:44:11,VAO_HANG_CHO,250661,PRTE230385
2026-10-02 15:44:11,HUY_MON,250979,CLCO332779
2026-10-02 15:44:11,DON_LEN_CHINH_THUC,250525,CLCO332779
2026-10-02 15:44:11,VAO_HANG_CHO,250191,PRTE230385
2026-10-02 15:44:11,VAO_HANG_CHO,250950,IPPA233277
2026-10-02 15:44:11,DANG_KY,250409,MATH132501
2026-10-02 15:44:11,VAO_HANG_CHO,250640,IVNC320905
2026-10-02 15:44:11,VAO_HANG_CHO,250715,PHYS111202
2026-10-02 15:44:11,VAO_HANG_CHO,250934,INLO220405
2026-10-02 15:44:11,VAO_HANG_CHO,250953,GEFC220105
2026-10-02 15:44:11,DANG_KY,250568,DIGR240485
2026-10-02 15:44:11,VAO_HANG_CHO,250897,CLCO332779
2026-10-02 15:44:11,HUY_MON,250607,ECOM430984
2026-10-02 15:44:11,DANG_KY,250640,ENCS330537
2026-10-02 15:44:11,DANG_KY,250147,MATH143001
2026-10-02 15:44:11,DANG_KY,250961,MATH132501
2026-10-02 15:44:11,HUY_MON,250728,ENCS330537
2026-10-02 15:44:11,DANG_KY,250290,WEPR330479
2026-10-02 15:44:11,VAO_HANG_CHO,250985,LLCT120405
2026-10-02 15:44:11,HUY_MON,250399,LLCT120314
2026-10-02 15:44:11,DON_LEN_CHINH_THUC,250005,LLCT120314
2026-10-02 15:44:11,VAO_HANG_CHO,250955,IQMA220205
2026-10-02 15:44:11,DANG_KY,250066,ARIN330585
2026-10-02 15:44:11,VAO_HANG_CHO,250997,LLCT120405
2026-10-02 15:44:11,VAO_HANG_CHO,250700,LESK120190
2026-10-02 15:44:11,DANG_KY,250847,NEES330380
2026-10-02 15:44:11,DANG_KY,250249,ECOM430984
2026-10-02 15:44:11,HUY_MON,250823,DBSY240184
2026-10-02 15:44:11,VAO_HANG_CHO,250954,WOPS120390
2026-10-02 15:44:11,VAO_HANG_CHO,250933,OPSY330280
2026-10-02 15:44:11,VAO_HANG_CHO,250540,LLCT120205
2026-10-02 15:44:11,VAO_HANG_CHO,250087,DASA230179
2026-10-02 15:44:11,DANG_KY,250145,MATH132501
2026-10-02 15:44:11,VAO_HANG_CHO,250216,LLCT120205
2026-10-02 15:44:11,VAO_HANG_CHO,250915,IQMA220205
2026-10-02 15:44:11,HUY_MON,250769,SOEN330679
2026-10-02 15:44:11,DON_LEN_CHINH_THUC,250645,SOEN330679
2026-10-02 15:44:11,VAO_HANG_CHO,250741,DASA230179
2026-10-02 15:44:11,DANG_KY,250228,LLCT130105
2026-10-02 15:44:11,VAO_HANG_CHO,250815,DASA230179
2026-10-02 15:44:11,DANG_KY,250702,ENCS330537
2026-10-02 15:44:11,VAO_HANG_CHO,250233,OPSY330280
2026-10-02 15:44:11,VAO_HANG_CHO,250986,INLO220405
2026-10-02 15:44:11,VAO_HANG_CHO,250909,SOEN330679
2026-10-02 15:44:11,DANG_KY,250101,INPR140285
2026-10-02 15:44:11,VAO_HANG_CHO,250330,OOPR230279
2026-10-02 15:44:11,VAO_HANG_CHO,250501,PRBE214262
2026-10-02 15:44:11,DANG_KY,250228,WEPR330479
2026-10-02 15:44:11,DANG_KY,250814,INIT130185
2026-10-02 15:44:11,VAO_HANG_CHO,250601,MOPR331279
2026-10-02 15:44:11,VAO_HANG_CHO,250168,IPPA233277
2026-10-02 15:44:11,DANG_KY,250447,FOIT331380
2026-10-02 15:44:11,VAO_HANG_CHO,250902,INSE330380
2026-10-02 15:44:11,VAO_HANG_CHO,250729,OPSY330280
2026-10-02 15:44:11,VAO_HANG_CHO,250112,MATH132901
2026-10-02 15:44:11,VAO_HANG_CHO,250906,LESK120190
2026-10-02 15:44:11,VAO_HANG_CHO,250827,IQMA220205
2026-10-02 15:44:11,VAO_HANG_CHO,250800,PHYS130902
2026-10-02 15:44:11,VAO_HANG_CHO,250682,MATH132401
2026-10-02 15:44:11,VAO_HANG_CHO,250589,GEFC220105
2026-10-02 15:44:11,HUY_MON,250299,GELA236939
2026-10-02 15:44:11,DON_LEN_CHINH_THUC,250217,GELA236939
2026-10-02 15:44:11,VAO_HANG_CHO,250172,CAAL230180
2026-10-02 15:44:11,VAO_HANG_CHO,250679,PRTE230385
2026-10-02 15:44:11,VAO_HANG_CHO,250206,MALE431984
2026-10-02 15:44:11,VAO_HANG_CHO,250982,MALE431984
2026-10-02 15:44:11,VAO_HANG_CHO,250617,ENPS220591
2026-10-02 15:44:11,VAO_HANG_CHO,250516,OOPR230279
2026-10-02 15:44:11,HUY_MON,250450,MALE431984
2026-10-02 15:44:11,DON_LEN_CHINH_THUC,250872,MALE431984
2026-10-02 15:44:11,VAO_HANG_CHO,250630,SPPR330885
2026-10-02 15:44:11,DANG_KY,250609,MATH132501
2026-10-02 15:44:11,DANG_KY,250512,LLCT130105
2026-10-02 15:44:11,DANG_KY,250803,INPR140285
2026-10-02 15:44:11,HUY_MON,250184,IVNC320905
2026-10-02 15:44:11,DON_LEN_CHINH_THUC,250710,IVNC320905
2026-10-02 15:44:11,VAO_HANG_CHO,250476,INLO220405
2026-10-02 15:44:11,VAO_HANG_CHO,250607,OPSY330280
2026-10-02 15:44:11,DANG_KY,250801,INPR140285
2026-10-02 15:44:11,VAO_HANG_CHO,250419,PRBE214262
2026-10-02 15:44:11,VAO_HANG_CHO,250384,DIPR430685
2026-10-02 15:44:11,VAO_HANG_CHO,250883,LLCT120314
2026-10-02 15:44:11,VAO_HANG_CHO,250754,LLCT120205
2026-10-02 15:44:11,HUY_MON,250283,SOEN330679
2026-10-02 15:44:11,DON_LEN_CHINH_THUC,250457,SOEN330679
2026-10-02 15:44:11,VAO_HANG_CHO,250959,PRTE230385
2026-10-02 15:44:11,DANG_KY,250166,ENCS330537
2026-10-02 15:44:11,VAO_HANG_CHO,250999,MOPR331279
2026-10-02 15:44:11,VAO_HANG_CHO,250446,MATH132901
2026-10-02 15:44:11,VAO_HANG_CHO,250089,ENPS220591
2026-10-02 15:44:11,VAO_HANG_CHO,250536,DIPR430685
2026-10-02 15:44:11,VAO_HANG_CHO,250843,INMA220305
2026-10-02 15:44:11,VAO_HANG_CHO,250832,INLO220405
2026-10-02 15:44:11,HUY_MON,250417,CLCO332779
2026-10-02 15:44:11,DON_LEN_CHINH_THUC,250659,CLCO332779
2026-10-02 15:44:11,VAO_HANG_CHO,250373,MOPR331279
2026-10-02 15:44:11,VAO_HANG_CHO,250036,WIPR230579
2026-10-02 15:44:11,VAO_HANG_CHO,250495,ECOM430984
2026-10-02 15:44:11,HUY_MON,250828,IVNC320905
2026-10-02 15:44:11,DON_LEN_CHINH_THUC,250652,IVNC320905
2026-10-02 15:44:11,DANG_KY,250632,ARIN330585
2026-10-02 15:44:11,DANG_KY,250051,MATH132501
2026-10-02 15:44:11,HUY_MON,250433,EEEN234162
2026-10-02 15:44:11,VAO_HANG_CHO,250219,CLCO332779
2026-10-02 15:44:11,HUY_MON,250153,MOPR331279
2026-10-02 15:44:11,DON_LEN_CHINH_THUC,250063,MOPR331279
2026-10-02 15:44:11,VAO_HANG_CHO,250325,DASA230179
2026-10-02 15:44:11,DANG_KY,250220,ARIN330585
2026-10-02 15:44:11,DANG_KY,250887,MATH132501
2026-10-02 15:44:11,VAO_HANG_CHO,250742,INSE330380
2026-10-02 15:44:11,VAO_HANG_CHO,250921,PRBE214262
2026-10-02 15:44:11,VAO_HANG_CHO,250608,INLO220405
2026-10-02 15:44:11,VAO_HANG_CHO,250945,DBMS330284
2026-10-02 15:44:11,DANG_KY,250496,ENCS330537
2026-10-02 15:44:11,HUY_MON,250396,ENCS330537
2026-10-02 15:44:11,HUY_MON,250487,SOEN330679
2026-10-02 15:44:11,DON_LEN_CHINH_THUC,250909,SOEN330679
2026-10-02 15:44:11,VAO_HANG_CHO,250211,ENPS220591
2026-10-02 15:44:11,VAO_HANG_CHO,250024,SPPR330885
2026-10-02 15:44:11,VAO_HANG_CHO,250939,DBMS330284
2026-10-02 15:44:11,VAO_HANG_CHO,250386,MALE431984
2026-10-02 15:44:11,VAO_HANG_CHO,250490,SPPR330885
2026-10-02 15:44:11,HUY_MON,250998,INSE330380
2026-10-02 15:44:11,DON_LEN_CHINH_THUC,250902,INSE330380
2026-10-02 15:44:11,DANG_KY,250994,DIGR240485
2026-10-02 15:44:11,VAO_HANG_CHO,250133,INMA220305
2026-10-02 15:44:11,VAO_HANG_CHO,250140,SPPR330885
2026-10-02 15:44:11,DANG_KY,250917,EEEN234162
2026-10-02 15:44:11,VAO_HANG_CHO,250764,MATH132401
2026-10-02 15:44:11,DANG_KY,250735,MATH143001
2026-10-02 15:44:11,DANG_KY,250598,WEPR330479
2026-10-02 15:44:11,HUY_MON,250004,ENCS330537
2026-10-02 15:44:11,VAO_HANG_CHO,250912,SPPR330885
2026-10-02 15:44:11,VAO_HANG_CHO,250571,GEFC220105
2026-10-02 15:44:11,DANG_KY,250298,ESYS431080
2026-10-02 15:44:11,VAO_HANG_CHO,250779,INMA220305
2026-10-02 15:44:11,VAO_HANG_CHO,250592,MATH132401
2026-10-02 15:44:11,VAO_HANG_CHO,250979,PRTE230385
2026-10-02 15:44:11,VAO_HANG_CHO,250794,LLCT220514
2026-10-02 15:44:11,DANG_KY,250413,DBSY240184
2026-10-02 15:44:11,HUY_MON,250883,INPR140285
2026-10-02 15:44:11,HUY_MON,250534,LLCT220514
2026-10-02 15:44:11,DON_LEN_CHINH_THUC,250810,LLCT220514
2026-10-02 15:44:11,HUY_MON,250649,MATH132501
2026-10-02 15:44:11,HUY_MON,250416,IPPA233277
2026-10-02 15:44:11,DON_LEN_CHINH_THUC,250960,IPPA233277
2026-10-02 15:44:11,VAO_HANG_CHO,250247,LLCT120405
2026-10-02 15:44:11,VAO_HANG_CHO,250694,CAAL230180
2026-10-02 15:44:11,VAO_HANG_CHO,250265,PHYS111202
2026-10-02 15:44:11,VAO_HANG_CHO,250656,MALE431984
2026-10-02 15:44:11,HUY_MON,250118,ESYS431080
2026-10-02 15:44:11,HUY_MON,250780,WEPR330479
2026-10-02 15:44:11,DANG_KY,250432,ENCS330537
2026-10-02 15:44:11,HUY_MON,250374,DIPR430685
2026-10-02 15:44:11,DON_LEN_CHINH_THUC,250270,DIPR430685
2026-10-02 15:44:11,HUY_MON,250090,ESYS431080
2026-10-02 15:44:11,VAO_HANG_CHO,250556,IPPA233277
2026-10-02 15:44:11,HUY_MON,250218,CAAL230180
2026-10-02 15:44:11,DON_LEN_CHINH_THUC,250982,CAAL230180
2026-10-02 15:44:11,VAO_HANG_CHO,250560,LLCT120205
2026-10-02 15:44:11,VAO_HANG_CHO,250771,ENPS220591
2026-10-02 15:44:11,VAO_HANG_CHO,250706,LLCT220514
2026-10-02 15:44:11,VAO_HANG_CHO,250581,OPSY330280
2026-10-02 15:44:11,VAO_HANG_CHO,250364,LESK120190
2026-10-02 15:44:11,VAO_HANG_CHO,250541,ENPS220591
2026-10-02 15:44:11,DANG_KY,250956,WEPR330479
2026-10-02 15:44:11,HUY_MON,250842,MATH132901
2026-10-02 15:44:11,DON_LEN_CHINH_THUC,250288,MATH132901
2026-10-02 15:44:11,VAO_HANG_CHO,250966,WOPS120390
2026-10-02 15:44:11,VAO_HANG_CHO,250847,PRTE230385
2026-10-02 15:44:11,VAO_HANG_CHO,250190,OOPR230279
2026-10-02 15:44:11,DANG_KY,250577,MATH132501
2026-10-02 15:44:11,DANG_KY,250022,WEPR330479
2026-10-02 15:44:11,HUY_MON,250132,ENCS330537
2026-10-02 15:44:11,DANG_KY,250302,WEPR330479
2026-10-02 15:44:11,HUY_MON,250868,ESYS431080
2026-10-02 15:44:11,HUY_MON,250599,GELA236939
2026-10-02 15:44:11,DON_LEN_CHINH_THUC,250781,GELA236939
2026-10-02 15:44:11,HUY_MON,250244,LESK120190
2026-10-02 15:44:11,DON_LEN_CHINH_THUC,250258,LESK120190
2026-10-02 15:44:11,VAO_HANG_CHO,250096,INSE330380
2026-10-02 15:44:11,VAO_HANG_CHO,250803,ECOM430984
2026-10-02 15:44:11,VAO_HANG_CHO,250099,OPSY330280
2026-10-02 15:44:11,DANG_KY,250418,ENCS330537
2026-10-02 15:44:11,VAO_HANG_CHO,250525,SOEN330679
2026-10-02 15:44:11,DANG_KY,250388,ENCS330537
2026-10-02 15:44:11,VAO_HANG_CHO,250007,FOIT331380
2026-10-02 15:44:11,HUY_MON,250117,LLCT120314
2026-10-02 15:44:11,DON_LEN_CHINH_THUC,250351,LLCT120314
2026-10-02 15:44:11,HUY_MON,250860,CAAL230180
2026-10-02 15:44:11,DON_LEN_CHINH_THUC,250754,CAAL230180
2026-10-02 15:44:11,HUY_MON,250124,ENCS330537
2026-10-02 15:44:11,VAO_HANG_CHO,250072,LESK120190
2026-10-02 15:44:11,DANG_KY,250451,MATH143001
2026-10-02 15:44:11,VAO_HANG_CHO,250418,CAAL230180
2026-10-02 15:44:11,HUY_MON,250176,DIGR240485
2026-10-02 15:44:11,DANG_KY,250660,ESYS431080
2026-10-02 15:44:11,DANG_KY,250806,WEPR330479
2026-10-02 15:44:11,DANG_KY,250406,ENCS330537
2026-10-02 15:44:11,DANG_KY,250129,NEES330380
2026-10-02 15:44:11,VAO_HANG_CHO,250099,DBMS330284
2026-10-02 15:44:11,HUY_MON,250537,EEEN234162
2026-10-02 15:44:11,VAO_HANG_CHO,250405,FOIT331380
2026-10-02 15:44:11,VAO_HANG_CHO,250172,OOPR230279
2026-10-02 15:44:11,VAO_HANG_CHO,250581,PRTE230385
2026-10-02 15:44:11,HUY_MON,250755,MOPR331279
2026-10-02 15:44:11,DON_LEN_CHINH_THUC,250043,MOPR331279
2026-10-02 15:44:11,VAO_HANG_CHO,250295,LLCT120314
2026-10-02 15:44:11,VAO_HANG_CHO,250969,OPSY330280
2026-10-02 15:44:11,VAO_HANG_CHO,250740,INSO321005
2026-10-02 15:44:11,DANG_KY,250271,INPR140285
2026-10-02 15:44:11,DANG_KY,250246,ARIN330585
2026-10-02 15:44:11,DANG_KY,250609,EEEN234162
2026-10-02 15:44:11,VAO_HANG_CHO,250728,CAAL230180
2026-10-02 15:44:11,VAO_HANG_CHO,250411,ENPS220591
2026-10-02 15:44:11,VAO_HANG_CHO,250632,MATH132901
2026-10-02 15:44:11,VAO_HANG_CHO,250858,INSE330380
2026-10-02 15:44:11,VAO_HANG_CHO,250701,GELA236939
2026-10-02 15:44:11,VAO_HANG_CHO,250762,OOPR230279
2026-10-02 15:44:11,DANG_KY,250293,MATH143001
2026-10-02 15:44:11,HUY_MON,250347,EEEN234162
2026-10-02 15:44:11,VAO_HANG_CHO,250543,INMA220305
2026-10-02 15:44:11,VAO_HANG_CHO,250374,WIPR230579
2026-10-02 15:44:11,VAO_HANG_CHO,250897,DASA230179
2026-10-02 15:44:11,HUY_MON,250814,WIPR230579
2026-10-02 15:44:11,DON_LEN_CHINH_THUC,250436,WIPR230579
2026-10-02 15:44:11,VAO_HANG_CHO,250938,WOPS120390
2026-10-02 15:44:11,VAO_HANG_CHO,250709,SOEN330679
2026-10-02 15:44:11,VAO_HANG_CHO,250692,IVNC320905
2026-10-02 15:44:11,HUY_MON,250237,FOIT331380
2026-10-02 15:44:11,DON_LEN_CHINH_THUC,250007,FOIT331380
2026-10-02 15:44:11,VAO_HANG_CHO,250201,GEFC220105
2026-10-02 15:44:11,HUY_MON,250319,DASA230179
2026-10-02 15:44:11,DON_LEN_CHINH_THUC,250249,DASA230179
2026-10-02 15:44:11,DANG_KY,250657,EEEN234162
2026-10-02 15:44:11,DANG_KY,250848,ENCS330537
2026-10-02 15:44:11,DANG_KY,250269,NEES330380
2026-10-02 15:44:11,HUY_MON,250891,INPR140285
2026-10-02 15:44:11,HUY_MON,250586,DIPR430685
2026-10-02 15:44:11,DON_LEN_CHINH_THUC,250258,DIPR430685
2026-10-02 15:44:11,DANG_KY,250574,LLCT130105
2026-10-02 15:44:11,HUY_MON,250772,INIT130185
2026-10-02 15:44:11,VAO_HANG_CHO,250680,DIPR430685
2026-10-02 15:44:11,VAO_HANG_CHO,250169,GEFC220105
2026-10-02 15:44:11,VAO_HANG_CHO,250960,LESK120190
2026-10-02 15:44:11,VAO_HANG_CHO,250219,PRBE214262
2026-10-02 15:44:11,VAO_HANG_CHO,250536,WEPR330479
2026-10-02 15:44:11,VAO_HANG_CHO,250139,INOT231780
2026-10-02 15:44:11,VAO_HANG_CHO,250648,CAAL230180
2026-10-02 15:44:11,VAO_HANG_CHO,250368,CAAL230180
2026-10-02 15:44:11,VAO_HANG_CHO,250131,ECOM430984
2026-10-02 15:44:11,HUY_MON,250945,DASA230179
2026-10-02 15:44:11,DON_LEN_CHINH_THUC,250103,DASA230179
2026-10-02 15:44:11,DANG_KY,250597,MATH143001
2026-10-02 15:44:11,VAO_HANG_CHO,250952,MATH132401
2026-10-02 15:44:11,VAO_HANG_CHO,250827,SOEN330679
2026-10-02 15:44:11,DANG_KY,250986,LLCT130105
2026-10-02 15:44:11,DANG_KY,250239,DBSY240184
2026-10-02 15:44:11,VAO_HANG_CHO,250950,CAAL230180
2026-10-02 15:44:11,VAO_HANG_CHO,250743,IQMA220205
2026-10-02 15:44:11,VAO_HANG_CHO,250022,IPPA233277
2026-10-02 15:44:11,VAO_HANG_CHO,250857,GELA236939
2026-10-02 15:44:11,VAO_HANG_CHO,250441,LLCT120314
2026-10-02 15:44:11,VAO_HANG_CHO,250888,LESK120190
2026-10-02 15:44:11,HUY_MON,250526,SPPR330885
2026-10-02 15:44:11,DON_LEN_CHINH_THUC,250198,SPPR330885
2026-10-02 15:44:11,VAO_HANG_CHO,250154,LLCT220514
2026-10-02 15:44:11,HUY_MON,250160,DIGR240485
2026-10-02 15:44:11,VAO_HANG_CHO,250324,DIPR430685
2026-10-02 15:44:11,VAO_HANG_CHO,250487,IQMA220205
2026-10-02 15:44:11,VAO_HANG_CHO,250670,LLCT120205
2026-10-02 15:44:11,HUY_MON,250233,DASA230179
2026-10-02 15:44:11,DON_LEN_CHINH_THUC,250873,DASA230179
2026-10-02 15:44:11,VAO_HANG_CHO,250277,PRTE230385
2026-10-02 15:44:11,VAO_HANG_CHO,250020,MATH132401
2026-10-02 15:44:11,HUY_MON,250362,INSO321005
2026-10-02 15:44:11,DON_LEN_CHINH_THUC,250228,INSO321005
2026-10-02 15:44:11,VAO_HANG_CHO,250542,INSE330380
2026-10-02 15:44:11,VAO_HANG_CHO,250655,DBMS330284
2026-10-02 15:44:11,VAO_HANG_CHO,250802,PHYS130902
2026-10-02 15:44:11,VAO_HANG_CHO,250965,INMA220305
2026-10-02 15:44:11,VAO_HANG_CHO,250860,INLO220405
2026-10-02 15:44:11,DANG_KY,250807,MATH143001
2026-10-02 15:44:11,HUY_MON,250189,MOPR331279
2026-10-02 15:44:11,DON_LEN_CHINH_THUC,250621,MOPR331279
2026-10-02 15:44:11,VAO_HANG_CHO,250009,PHYS111202
2026-10-02 15:44:11,VAO_HANG_CHO,250168,MATH132401
2026-10-02 15:44:11,VAO_HANG_CHO,250817,GELA236939
2026-10-02 15:44:11,VAO_HANG_CHO,250862,DIPR430685
2026-10-02 15:44:11,VAO_HANG_CHO,250865,SOEN330679
2026-10-02 15:44:11,VAO_HANG_CHO,250278,OOPR230279
2026-10-02 15:44:11,VAO_HANG_CHO,250457,MOPR331279
2026-10-02 15:44:11,HUY_MON,250839,LLCT120314
2026-10-02 15:44:11,DON_LEN_CHINH_THUC,250387,LLCT120314
2026-10-02 15:44:11,HUY_MON,250225,INPR140285
2026-10-02 15:44:11,DANG_KY,250221,EEEN234162
2026-10-02 15:44:11,DANG_KY,250836,ENCS330537
2026-10-02 15:44:11,VAO_HANG_CHO,250758,INSO321005
2026-10-02 15:44:11,VAO_HANG_CHO,250297,PRTE230385
2026-10-02 15:44:11,HUY_MON,250582,LLCT220514
2026-10-02 15:44:11,DON_LEN_CHINH_THUC,250498,LLCT220514
2026-10-02 15:44:11,VAO_HANG_CHO,250082,INSO321005
2026-10-02 15:44:11,VAO_HANG_CHO,250021,MOPR331279
2026-10-02 15:44:11,HUY_MON,250611,ECOM430984
2026-10-02 15:44:11,DON_LEN_CHINH_THUC,250495,ECOM430984
2026-10-02 15:44:11,HUY_MON,250906,IPPA233277
2026-10-02 15:44:11,DON_LEN_CHINH_THUC,250346,IPPA233277
2026-10-02 15:44:11,VAO_HANG_CHO,250026,IPPA233277
2026-10-02 15:44:11,VAO_HANG_CHO,250163,DASA230179
2026-10-02 15:44:11,HUY_MON,250183,GELA236939
2026-10-02 15:44:11,DON_LEN_CHINH_THUC,250653,GELA236939
2026-10-02 15:44:11,DANG_KY,250379,DBSY240184
2026-10-02 15:44:11,VAO_HANG_CHO,250418,LLCT220514
2026-10-02 15:44:11,HUY_MON,250712,DIPR430685
2026-10-02 15:44:11,DON_LEN_CHINH_THUC,250282,DIPR430685
2026-10-02 15:44:11,DANG_KY,250204,ESYS431080
2026-10-02 15:44:11,DANG_KY,250727,MATH143001
2026-10-02 15:44:11,HUY_MON,250019,GELA236939
2026-10-02 15:44:11,DON_LEN_CHINH_THUC,250643,GELA236939
2026-10-02 15:44:11,VAO_HANG_CHO,250159,PRBE214262
2026-10-02 15:44:11,VAO_HANG_CHO,250078,INLO220405
2026-10-02 15:44:11,VAO_HANG_CHO,250841,ENPS220591
2026-10-02 15:44:11,HUY_MON,250903,ENPS220591
2026-10-02 15:44:11,DON_LEN_CHINH_THUC,250259,ENPS220591
2026-10-02 15:44:11,VAO_HANG_CHO,250889,PHYS111202
2026-10-02 15:44:11,VAO_HANG_CHO,250248,INSE330380
2026-10-02 15:44:11,DANG_KY,250467,MATH132501
2026-10-02 15:44:11,VAO_HANG_CHO,250989,INOT231780
2026-10-02 15:44:11,VAO_HANG_CHO,250668,PHYS130902
2026-10-02 15:44:11,HUY_MON,250448,ENCS330537
2026-10-02 15:44:11,VAO_HANG_CHO,250082,OOPR230279
2026-10-02 15:44:11,VAO_HANG_CHO,250397,MOPR331279
2026-10-02 15:44:11,DANG_KY,250666,ESYS431080
2026-10-02 15:44:11,VAO_HANG_CHO,250781,INOT231780
2026-10-02 15:44:11,HUY_MON,250916,LLCT220514
2026-10-02 15:44:11,DON_LEN_CHINH_THUC,250276,LLCT220514
2026-10-02 15:44:11,HUY_MON,250671,DBMS330284
2026-10-02 15:44:11,DON_LEN_CHINH_THUC,250945,DBMS330284
2026-10-02 15:44:11,VAO_HANG_CHO,250315,CLCO332779
2026-10-02 15:44:11,VAO_HANG_CHO,250930,MALE431984
2026-10-02 15:44:11,VAO_HANG_CHO,250125,PRTE230385
2026-10-02 15:44:11,VAO_HANG_CHO,250068,IPPA233277
2026-10-02 15:44:11,HUY_MON,250458,LLCT130105
2026-10-02 15:44:11,VAO_HANG_CHO,250782,LLCT120205
2026-10-02 15:44:11,VAO_HANG_CHO,250567,INOT231780
2026-10-02 15:44:11,VAO_HANG_CHO,250630,MATH132401
2026-10-02 15:44:11,VAO_HANG_CHO,250241,ENPS220591
2026-10-02 15:44:11,VAO_HANG_CHO,250726,INSO321005
2026-10-02 15:44:11,DANG_KY,250313,MATH143001
2026-10-02 15:44:11,DANG_KY,250144,LLCT130105
2026-10-02 15:44:11,VAO_HANG_CHO,250027,DASA230179
2026-10-02 15:44:11,HUY_MON,250953,GELA236939
2026-10-02 15:44:11,DON_LEN_CHINH_THUC,250191,GELA236939
2026-10-02 15:44:11,DANG_KY,250891,DBSY240184
2026-10-02 15:44:11,HUY_MON,250097,NEES330380
2026-10-02 15:44:11,VAO_HANG_CHO,250837,ENPS220591
2026-10-02 15:44:11,HUY_MON,250715,CLCO332779
2026-10-02 15:44:11,DON_LEN_CHINH_THUC,250557,CLCO332779
2026-10-02 15:44:11,HUY_MON,250098,INSO321005
2026-10-02 15:44:11,DON_LEN_CHINH_THUC,250108,INSO321005
2026-10-02 15:44:11,VAO_HANG_CHO,250006,WOPS120390
2026-10-02 15:44:11,HUY_MON,250972,MALE431984
2026-10-02 15:44:11,DON_LEN_CHINH_THUC,250720,MALE431984
2026-10-02 15:44:11,HUY_MON,250599,LLCT120314
2026-10-02 15:44:11,DON_LEN_CHINH_THUC,250249,LLCT120314
2026-10-02 15:44:11,VAO_HANG_CHO,250371,MOPR331279
2026-10-02 15:44:11,HUY_MON,250345,PRBE214262
2026-10-02 15:44:11,DON_LEN_CHINH_THUC,250181,PRBE214262
2026-10-02 15:44:11,VAO_HANG_CHO,250341,OPSY330280
2026-10-02 15:44:11,VAO_HANG_CHO,250844,INLO220405
2026-10-02 15:44:11,VAO_HANG_CHO,250886,CAAL230180
2026-10-02 15:44:11,DANG_KY,250921,NEES330380
2026-10-02 15:44:11,VAO_HANG_CHO,250368,MATH132401
2026-10-02 15:44:11,HUY_MON,250036,INSE330380
2026-10-02 15:44:11,DON_LEN_CHINH_THUC,250742,INSE330380
2026-10-02 15:44:11,HUY_MON,250057,CLCO332779
2026-10-02 15:44:11,DON_LEN_CHINH_THUC,250209,CLCO332779
2026-10-02 15:44:11,VAO_HANG_CHO,250957,INOT231780
2026-10-02 15:44:11,DANG_KY,250124,DIGR240485
2026-10-02 15:44:11,VAO_HANG_CHO,250415,PRTE230385
2026-10-02 15:44:11,VAO_HANG_CHO,250582,MATH132901
2026-10-02 15:44:11,VAO_HANG_CHO,250521,FOIT331380
2026-10-02 15:44:11,VAO_HANG_CHO,250728,LLCT220514
2026-10-02 15:44:11,VAO_HANG_CHO,250891,INMA220305
2026-10-02 15:44:11,DANG_KY,250987,MATH143001
2026-10-02 15:44:11,HUY_MON,250962,CAAL230180
2026-10-02 15:44:11,DON_LEN_CHINH_THUC,250278,CAAL230180
2026-10-02 15:44:11,HUY_MON,250933,INOT231780
2026-10-02 15:44:11,DON_LEN_CHINH_THUC,250979,INOT231780
2026-10-02 15:44:11,VAO_HANG_CHO,250585,PRTE230385
2026-10-02 15:44:11,DANG_KY,250352,LLCT130105
2026-10-02 15:44:11,HUY_MON,250702,MATH132401
2026-10-02 15:44:11,DON_LEN_CHINH_THUC,250474,MATH132401
2026-10-02 15:44:11,VAO_HANG_CHO,250882,INSO321005
2026-10-02 15:44:11,VAO_HANG_CHO,250835,GELA236939
2026-10-02 15:44:11,VAO_HANG_CHO,250641,IQMA220205
2026-10-02 15:44:11,HUY_MON,250063,DBSY240184
2026-10-02 15:44:11,VAO_HANG_CHO,250051,INMA220305
2026-10-02 15:44:11,VAO_HANG_CHO,250762,LESK120190
2026-10-02 15:44:11,VAO_HANG_CHO,250805,PRBE214262
2026-10-02 15:44:11,DANG_KY,250584,ESYS431080
2026-10-02 15:44:11,VAO_HANG_CHO,250786,OOPR230279
2026-10-02 15:44:11,HUY_MON,250432,ENCS330537
2026-10-02 15:44:11,VAO_HANG_CHO,250391,DBMS330284
2026-10-02 15:44:11,VAO_HANG_CHO,250222,OOPR230279
2026-10-02 15:44:11,HUY_MON,250332,CAAL230180
2026-10-02 15:44:11,DON_LEN_CHINH_THUC,250656,CAAL230180
2026-10-02 15:44:11,VAO_HANG_CHO,250440,LLCT120205
2026-10-02 15:44:11,DANG_KY,250267,EEEN234162
2026-10-02 15:44:11,VAO_HANG_CHO,250754,INSO321005
2026-10-02 15:44:11,VAO_HANG_CHO,250533,INOT231780
2026-10-02 15:44:11,VAO_HANG_CHO,250372,INLO220405
2026-10-02 15:44:11,DANG_KY,250645,EEEN234162
2026-10-02 15:44:11,VAO_HANG_CHO,250652,LESK120190
2026-10-02 15:44:11,HUY_MON,250194,IPPA233277
2026-10-02 15:44:11,DON_LEN_CHINH_THUC,250950,IPPA233277
2026-10-02 15:44:11,HUY_MON,250491,DASA230179
2026-10-02 15:44:11,DON_LEN_CHINH_THUC,250375,DASA230179
2026-10-02 15:44:11,HUY_MON,250906,WIPR230579
2026-10-02 15:44:11,DON_LEN_CHINH_THUC,250226,WIPR230579
2026-10-02 15:44:11,VAO_HANG_CHO,250092,ESYS431080
2026-10-02 15:44:11,VAO_HANG_CHO,250135,IQMA220205
2026-10-02 15:44:11,VAO_HANG_CHO,250185,FOIT331380
2026-10-02 15:44:11,VAO_HANG_CHO,250400,PHYS130902
2026-10-02 15:44:11,VAO_HANG_CHO,250873,CLCO332779
2026-10-02 15:44:11,VAO_HANG_CHO,250464,IPPA233277
2026-10-02 15:44:11,VAO_HANG_CHO,250579,MOPR331279
2026-10-02 15:44:11,VAO_HANG_CHO,250776,INSE330380
2026-10-02 15:44:11,VAO_HANG_CHO,250435,ECOM430984
2026-10-02 15:44:11,VAO_HANG_CHO,250802,ESYS431080
2026-10-02 15:44:11,DANG_KY,250429,INPR140285
2026-10-02 15:44:11,VAO_HANG_CHO,250388,IVNC320905
2026-10-02 15:44:11,HUY_MON,250010,PHYS130902
2026-10-02 15:44:11,DON_LEN_CHINH_THUC,250242,PHYS130902
2026-10-02 15:44:11,VAO_HANG_CHO,250710,CAAL230180
2026-10-02 15:44:11,VAO_HANG_CHO,250096,CAAL230180
2026-10-02 15:44:11,HUY_MON,250942,ESYS431080
2026-10-02 15:44:11,DON_LEN_CHINH_THUC,250092,ESYS431080
2026-10-02 15:44:11,HUY_MON,250076,MATH132901
2026-10-02 15:44:11,DON_LEN_CHINH_THUC,250306,MATH132901
2026-10-02 15:44:11,VAO_HANG_CHO,250100,CAAL230180
2026-10-02 15:44:11,VAO_HANG_CHO,250591,LLCT120405
2026-10-02 15:44:11,HUY_MON,250973,IQMA220205
2026-10-02 15:44:11,DON_LEN_CHINH_THUC,250481,IQMA220205
2026-10-02 15:44:11,VAO_HANG_CHO,250988,IVNC320905
2026-10-02 15:44:11,HUY_MON,250240,ARIN330585
2026-10-02 15:44:11,DANG_KY,250591,EEEN234162
2026-10-02 15:44:11,VAO_HANG_CHO,250878,IVNC320905
2026-10-02 15:44:11,VAO_HANG_CHO,250801,ENPS220591
2026-10-02 15:44:11,HUY_MON,250103,DASA230179
2026-10-02 15:44:11,DON_LEN_CHINH_THUC,250705,DASA230179
2026-10-02 15:44:11,VAO_HANG_CHO,250891,FOIT331380
2026-10-02 15:44:11,VAO_HANG_CHO,250789,INOT231780
2026-10-02 15:44:11,VAO_HANG_CHO,250460,MATH132401
2026-10-02 15:44:11,VAO_HANG_CHO,250063,INOT231780
2026-10-02 15:44:11,VAO_HANG_CHO,250918,PHYS130902
2026-10-02 15:44:11,VAO_HANG_CHO,250985,PRBE214262
2026-10-02 15:44:11,HUY_MON,250127,GELA236939
2026-10-02 15:44:11,DON_LEN_CHINH_THUC,250929,GELA236939
2026-10-02 15:44:11,DANG_KY,250787,MATH143001
2026-10-02 15:44:11,VAO_HANG_CHO,250898,MATH132901
2026-10-02 15:44:11,HUY_MON,250301,OPSY330280
2026-10-02 15:44:11,DON_LEN_CHINH_THUC,250819,OPSY330280
2026-10-02 15:44:11,VAO_HANG_CHO,250990,IPPA233277
2026-10-02 15:44:11,VAO_HANG_CHO,250929,MOPR331279
2026-10-02 15:44:11,HUY_MON,250359,GEFC220105
2026-10-02 15:44:11,DON_LEN_CHINH_THUC,250025,GEFC220105
2026-10-02 15:44:11,HUY_MON,250022,DIPR430685
2026-10-02 15:44:11,DON_LEN_CHINH_THUC,250300,DIPR430685
2026-10-02 15:44:11,HUY_MON,250183,PRBE214262
2026-10-02 15:44:11,DON_LEN_CHINH_THUC,250709,PRBE214262
2026-10-02 15:44:11,VAO_HANG_CHO,250010,IPPA233277
2026-10-02 15:44:11,DANG_KY,250293,INPR140285
2026-10-02 15:44:11,HUY_MON,250387,SOEN330679
2026-10-02 15:44:11,DON_LEN_CHINH_THUC,250525,SOEN330679
2026-10-02 15:44:11,VAO_HANG_CHO,250822,MATH132401
2026-10-02 15:44:11,VAO_HANG_CHO,250033,LLCT120405
2026-10-02 15:44:11,VAO_HANG_CHO,250128,LLCT220514
2026-10-02 15:44:11,VAO_HANG_CHO,250763,DASA230179
2026-10-02 15:44:11,VAO_HANG_CHO,250050,PHYS130902
2026-10-02 15:44:11,VAO_HANG_CHO,250291,PHYS111202
2026-10-02 15:44:11,VAO_HANG_CHO,250442,IPPA233277
2026-10-02 15:44:11,HUY_MON,250899,ECOM430984
2026-10-02 15:44:11,DON_LEN_CHINH_THUC,250803,ECOM430984
2026-10-02 15:44:11,VAO_HANG_CHO,250803,GELA236939
2026-10-02 15:44:11,VAO_HANG_CHO,250357,LLCT120405
2026-10-02 15:44:11,HUY_MON,250259,DBMS330284
2026-10-02 15:44:11,DON_LEN_CHINH_THUC,250939,DBMS330284
2026-10-02 15:44:11,VAO_HANG_CHO,250687,PHYS111202
2026-10-02 15:44:11,VAO_HANG_CHO,250190,LLCT220514
2026-10-02 15:44:11,DANG_KY,250391,INPR140285
2026-10-02 15:44:11,HUY_MON,250613,SOEN330679
2026-10-02 15:44:11,DON_LEN_CHINH_THUC,250709,SOEN330679
2026-10-02 15:44:11,HUY_MON,250732,INIT130185
2026-10-02 15:44:11,VAO_HANG_CHO,250199,SOEN330679
2026-10-02 15:44:11,HUY_MON,250101,INPR140285
2026-10-02 15:44:11,HUY_MON,250940,MATH132901
2026-10-02 15:44:11,DON_LEN_CHINH_THUC,250396,MATH132901
2026-10-02 15:44:11,VAO_HANG_CHO,250840,SPPR330885
2026-10-02 15:44:11,DANG_KY,250611,DBSY240184
2026-10-02 15:44:11,VAO_HANG_CHO,250400,LESK120190
2026-10-02 15:44:11,VAO_HANG_CHO,250931,ENPS220591
2026-10-02 15:44:11,DANG_KY,250634,ARIN330585
2026-10-02 15:44:11,VAO_HANG_CHO,250964,PHYS130902
2026-10-02 15:44:11,VAO_HANG_CHO,250927,DBMS330284
2026-10-02 15:44:11,VAO_HANG_CHO,250577,LLCT120405
2026-10-02 15:44:11,VAO_HANG_CHO,250768,LLCT220514
2026-10-02 15:44:11,HUY_MON,250321,PHYS111202
2026-10-02 15:44:11,DON_LEN_CHINH_THUC,250181,PHYS111202
2026-10-02 15:44:11,VAO_HANG_CHO,250493,GELA236939
2026-10-02 15:44:11,HUY_MON,250633,INPR140285
2026-10-02 15:44:11,DANG_KY,250125,INPR140285
2026-10-02 15:44:11,VAO_HANG_CHO,250428,LLCT120205
2026-10-02 15:44:11,VAO_HANG_CHO,250551,ENPS220591
2026-10-02 15:44:11,HUY_MON,250387,OPSY330280
2026-10-02 15:44:11,DON_LEN_CHINH_THUC,250717,OPSY330280
2026-10-02 15:44:11,VAO_HANG_CHO,250351,ENPS220591
2026-10-02 15:44:11,VAO_HANG_CHO,250158,WEPR330479
2026-10-02 15:44:11,VAO_HANG_CHO,250825,LLCT120314
2026-10-02 15:44:11,VAO_HANG_CHO,250819,PHYS111202
2026-10-02 15:44:11,HUY_MON,250930,WEPR330479
2026-10-02 15:44:11,DON_LEN_CHINH_THUC,250536,WEPR330479
2026-10-02 15:44:11,DANG_KY,250622,DIGR240485
2026-10-02 15:44:11,VAO_HANG_CHO,250553,OPSY330280
2026-10-02 15:44:11,VAO_HANG_CHO,250664,INSO321005
2026-10-02 15:44:11,VAO_HANG_CHO,250017,CLCO332779
2026-10-02 15:44:11,DANG_KY,250112,ARIN330585
2026-10-02 15:44:11,VAO_HANG_CHO,250163,SOEN330679
2026-10-02 15:44:11,VAO_HANG_CHO,250878,ESYS431080
2026-10-02 15:44:11,VAO_HANG_CHO,250017,LLCT120314
2026-10-02 15:44:11,DANG_KY,250562,ENCS330537
2026-10-02 15:44:11,VAO_HANG_CHO,250805,ECOM430984
2026-10-02 15:44:11,VAO_HANG_CHO,250372,WIPR230579
2026-10-02 15:44:11,VAO_HANG_CHO,250095,ECOM430984
2026-10-02 15:44:11,DANG_KY,250526,INIT130185
2026-10-02 15:44:11,VAO_HANG_CHO,250009,DBMS330284
2026-10-02 15:44:11,VAO_HANG_CHO,250240,CAAL230180
2026-10-02 15:44:11,DANG_KY,250475,EEEN234162
2026-10-02 15:44:11,VAO_HANG_CHO,250208,OOPR230279
2026-10-02 15:44:11,VAO_HANG_CHO,250163,PHYS111202
2026-10-02 15:44:11,VAO_HANG_CHO,250690,INSO321005
2026-10-02 15:44:11,VAO_HANG_CHO,250037,ENPS220591
2026-10-02 15:44:11,HUY_MON,250027,CLCO332779
2026-10-02 15:44:11,DON_LEN_CHINH_THUC,250485,CLCO332779
2026-10-02 15:44:11,DANG_KY,250349,NEES330380
2026-10-02 15:44:11,HUY_MON,250139,IQMA220205
2026-10-02 15:44:11,DON_LEN_CHINH_THUC,250695,IQMA220205
2026-10-02 15:44:11,VAO_HANG_CHO,250822,LLCT220514
2026-10-02 15:44:11,HUY_MON,250468,LESK120190
2026-10-02 15:44:11,DON_LEN_CHINH_THUC,250080,LESK120190
2026-10-02 15:44:11,VAO_HANG_CHO,250800,INSE330380
2026-10-02 15:44:11,DANG_KY,250521,EEEN234162
2026-10-02 15:44:11,VAO_HANG_CHO,250644,LESK120190
2026-10-02 15:44:11,VAO_HANG_CHO,250652,SPPR330885
2026-10-02 15:44:11,HUY_MON,250546,DIPR430685
2026-10-02 15:44:11,DON_LEN_CHINH_THUC,250756,DIPR430685
2026-10-02 15:44:11,VAO_HANG_CHO,250174,PHYS130902
2026-10-02 15:44:11,DANG_KY,250513,NEES330380
2026-10-02 15:44:11,VAO_HANG_CHO,250384,MATH132901
2026-10-02 15:44:11,VAO_HANG_CHO,250811,ENPS220591
2026-10-02 15:44:11,DANG_KY,250918,INIT130185
2026-10-02 15:44:11,VAO_HANG_CHO,250865,GEFC220105
2026-10-02 15:44:11,HUY_MON,250749,MOPR331279
2026-10-02 15:44:11,DON_LEN_CHINH_THUC,250607,MOPR331279
2026-10-02 15:44:11,VAO_HANG_CHO,250417,FOIT331380
2026-10-02 15:44:11,DANG_KY,250776,DIGR240485
2026-10-02 15:44:11,VAO_HANG_CHO,250827,PRTE230385
2026-10-02 15:44:11,VAO_HANG_CHO,250522,OOPR230279
2026-10-02 15:44:11,VAO_HANG_CHO,250485,ECOM430984
2026-10-02 15:44:11,HUY_MON,250091,DASA230179
2026-10-02 15:44:11,DON_LEN_CHINH_THUC,250867,DASA230179
2026-10-02 15:44:11,VAO_HANG_CHO,250631,SOEN330679
2026-10-02 15:44:11,VAO_HANG_CHO,250078,WOPS120390
2026-10-02 15:44:11,VAO_HANG_CHO,250593,PRBE214262
2026-10-02 15:44:11,HUY_MON,250255,GELA236939
2026-10-02 15:44:11,DON_LEN_CHINH_THUC,250701,GELA236939
2026-10-02 15:44:11,DANG_KY,250650,INIT130185
2026-10-02 15:44:11,DANG_KY,250429,EEEN234162
2026-10-02 15:44:11,VAO_HANG_CHO,250524,SPPR330885
2026-10-02 15:44:11,VAO_HANG_CHO,250532,PHYS130902
2026-10-02 15:44:11,VAO_HANG_CHO,250709,INMA220305
2026-10-02 15:44:11,VAO_HANG_CHO,250605,GELA236939
2026-10-02 15:44:11,DANG_KY,250868,LLCT130105
2026-10-02 15:44:11,VAO_HANG_CHO,250599,INMA220305
2026-10-02 15:44:11,VAO_HANG_CHO,250462,LLCT220514
2026-10-02 15:44:11,DANG_KY,250393,MATH132501
2026-10-02 15:44:11,VAO_HANG_CHO,250328,WEPR330479
2026-10-02 15:44:11,VAO_HANG_CHO,250921,GEFC220105
2026-10-02 15:44:11,HUY_MON,250895,LLCT120405
2026-10-02 15:44:11,DON_LEN_CHINH_THUC,250961,LLCT120405
2026-10-02 15:44:11,DANG_KY,250867,EEEN234162
2026-10-02 15:44:11,VAO_HANG_CHO,250402,INLO220405
2026-10-02 15:44:11,VAO_HANG_CHO,250429,CLCO332779
2026-10-02 15:44:11,VAO_HANG_CHO,250612,ESYS431080
2026-10-02 15:44:11,VAO_HANG_CHO,250415,PRBE214262
2026-10-02 15:44:11,VAO_HANG_CHO,250054,PHYS130902
2026-10-02 15:44:11,DANG_KY,250177,EEEN234162
2026-10-02 15:44:11,VAO_HANG_CHO,250888,CAAL230180
2026-10-02 15:44:11,HUY_MON,250966,ARIN330585
2026-10-02 15:44:11,HUY_MON,250009,PRTE230385
2026-10-02 15:44:11,DON_LEN_CHINH_THUC,250079,PRTE230385
2026-10-02 15:44:11,DANG_KY,250305,MATH143001
2026-10-02 15:44:11,VAO_HANG_CHO,250056,MALE431984
2026-10-02 15:44:11,VAO_HANG_CHO,250731,NEES330380
2026-10-02 15:44:11,HUY_MON,250281,PRBE214262
2026-10-02 15:44:11,DON_LEN_CHINH_THUC,250021,PRBE214262
2026-10-02 15:44:11,VAO_HANG_CHO,250997,MOPR331279
2026-10-02 15:44:11,DANG_KY,250546,INIT130185
2026-10-02 15:44:11,VAO_HANG_CHO,250005,IQMA220205
2026-10-02 15:44:11,VAO_HANG_CHO,250812,WEPR330479
2026-10-02 15:44:11,HUY_MON,250992,IPPA233277
2026-10-02 15:44:11,DON_LEN_CHINH_THUC,250168,IPPA233277
2026-10-02 15:44:11,HUY_MON,250315,INMA220305
2026-10-02 15:44:11,DON_LEN_CHINH_THUC,250429,INMA220305
2026-10-02 15:44:11,VAO_HANG_CHO,250214,INLO220405
2026-10-02 15:44:11,VAO_HANG_CHO,250760,WIPR230579
2026-10-02 15:44:11,VAO_HANG_CHO,250897,PRBE214262
2026-10-02 15:44:11,HUY_MON,250247,INPR140285
2026-10-02 15:44:11,VAO_HANG_CHO,250803,CLCO332779
2026-10-02 15:44:11,DANG_KY,250610,INIT130185
2026-10-02 15:44:11,VAO_HANG_CHO,250413,MATH143001
2026-10-02 15:44:11,VAO_HANG_CHO,250980,IVNC320905
2026-10-02 15:44:11,VAO_HANG_CHO,250695,PHYS111202
2026-10-02 15:44:11,VAO_HANG_CHO,250550,PHYS130902
2026-10-02 15:44:11,VAO_HANG_CHO,250465,MATH132501
2026-10-02 15:44:11,VAO_HANG_CHO,250792,MATH132901
2026-10-02 15:44:11,VAO_HANG_CHO,250715,FOIT331380
2026-10-02 15:44:11,VAO_HANG_CHO,250922,DIPR430685
2026-10-02 15:44:11,VAO_HANG_CHO,250324,LESK120190
2026-10-02 15:44:11,HUY_MON,250970,INSO321005
2026-10-02 15:44:11,DON_LEN_CHINH_THUC,250344,INSO321005
2026-10-02 15:44:11,VAO_HANG_CHO,250182,INSE330380
2026-10-02 15:44:11,VAO_HANG_CHO,250369,GEFC220105
2026-10-02 15:44:11,VAO_HANG_CHO,250579,LLCT120314
2026-10-02 15:44:11,HUY_MON,250961,MATH132501
2026-10-02 15:44:11,DON_LEN_CHINH_THUC,250465,MATH132501
2026-10-02 15:44:11,VAO_HANG_CHO,250226,INSO321005
2026-10-02 15:44:11,VAO_HANG_CHO,250213,PRTE230385
2026-10-02 15:44:11,VAO_HANG_CHO,250085,SOEN330679
2026-10-02 15:44:11,VAO_HANG_CHO,250876,INLO220405
2026-10-02 15:44:11,VAO_HANG_CHO,250069,DBMS330284
2026-10-02 15:44:11,VAO_HANG_CHO,250396,INLO220405
2026-10-02 15:44:11,VAO_HANG_CHO,250479,OPSY330280
2026-10-02 15:44:11,VAO_HANG_CHO,250769,DBMS330284
2026-10-02 15:44:11,VAO_HANG_CHO,250774,IVNC320905
2026-10-02 15:44:11,VAO_HANG_CHO,250441,MATH132501
2026-10-02 15:44:11,HUY_MON,250399,ECOM430984
2026-10-02 15:44:11,DON_LEN_CHINH_THUC,250131,ECOM430984
2026-10-02 15:44:11,VAO_HANG_CHO,250819,NEES330380
2026-10-02 15:44:11,VAO_HANG_CHO,250898,WEPR330479
2026-10-02 15:44:11,HUY_MON,250352,LLCT130105
2026-10-02 15:44:11,VAO_HANG_CHO,250442,WOPS120390
2026-10-02 15:44:11,DANG_KY,250085,DBSY240184
2026-10-02 15:44:11,VAO_HANG_CHO,250212,MATH132901
2026-10-02 15:44:11,VAO_HANG_CHO,250797,INMA220305
2026-10-02 15:44:11,DANG_KY,250900,ARIN330585
2026-10-02 15:44:11,VAO_HANG_CHO,250615,ECOM430984
2026-10-02 15:44:11,HUY_MON,250357,FOIT331380
2026-10-02 15:44:11,DON_LEN_CHINH_THUC,250405,FOIT331380
2026-10-02 15:44:11,VAO_HANG_CHO,250633,MATH143001
2026-10-02 15:44:11,VAO_HANG_CHO,250704,ESYS431080
2026-10-02 15:44:11,VAO_HANG_CHO,250049,IQMA220205
2026-10-02 15:44:11,HUY_MON,250271,PRBE214262
2026-10-02 15:44:11,DON_LEN_CHINH_THUC,250973,PRBE214262
2026-10-02 15:44:11,DANG_KY,250283,INPR140285
2026-10-02 15:44:11,HUY_MON,250127,MATH143001
2026-10-02 15:44:11,DON_LEN_CHINH_THUC,250413,MATH143001
2026-10-02 15:44:11,VAO_HANG_CHO,250555,FOIT331380
2026-10-02 15:44:11,VAO_HANG_CHO,250394,IPPA233277
2026-10-02 15:44:11,VAO_HANG_CHO,250349,GELA236939
2026-10-02 15:44:11,VAO_HANG_CHO,250371,DBMS330284
2026-10-02 15:44:11,HUY_MON,250464,LESK120190
2026-10-02 15:44:11,DON_LEN_CHINH_THUC,250602,LESK120190
2026-10-02 15:44:11,DANG_KY,250596,DIGR240485
2026-10-02 15:44:11,VAO_HANG_CHO,250127,CLCO332779
2026-10-02 15:44:11,VAO_HANG_CHO,250254,DIPR430685
2026-10-02 15:44:11,VAO_HANG_CHO,250321,MATH132501
2026-10-02 15:44:11,VAO_HANG_CHO,250096,IVNC320905
2026-10-02 15:44:11,VAO_HANG_CHO,250737,SOEN330679
2026-10-02 15:44:11,VAO_HANG_CHO,250598,INSO321005
2026-10-02 15:44:11,HUY_MON,250900,ENCS330537
2026-10-02 15:44:11,VAO_HANG_CHO,250304,MALE431984
2026-10-02 15:44:11,HUY_MON,250910,SPPR330885
2026-10-02 15:44:11,DON_LEN_CHINH_THUC,250896,SPPR330885
2026-10-02 15:44:11,VAO_HANG_CHO,250978,WIPR230579
2026-10-02 15:44:11,VAO_HANG_CHO,250252,CAAL230180
2026-10-02 15:44:11,HUY_MON,250266,LLCT130105
2026-10-02 15:44:11,VAO_HANG_CHO,250118,PHYS130902
2026-10-02 15:44:11,VAO_HANG_CHO,250063,FOIT331380
2026-10-02 15:44:11,VAO_HANG_CHO,250398,IVNC320905
2026-10-02 15:44:11,VAO_HANG_CHO,250608,WEPR330479
2026-10-02 15:44:11,VAO_HANG_CHO,250264,ARIN330585
2026-10-02 15:44:11,VAO_HANG_CHO,250199,MATH143001
2026-10-02 15:44:11,DANG_KY,250329,INPR140285
2026-10-02 15:44:11,VAO_HANG_CHO,250848,INLO220405
2026-10-02 15:44:11,VAO_HANG_CHO,250601,PRTE230385
2026-10-02 15:44:11,HUY_MON,250046,WIPR230579
2026-10-02 15:44:11,DON_LEN_CHINH_THUC,250224,WIPR230579
2026-10-02 15:44:11,VAO_HANG_CHO,250282,PHYS130902
2026-10-02 15:44:11,VAO_HANG_CHO,250731,INOT231780
2026-10-02 15:44:11,HUY_MON,250177,EEEN234162
2026-10-02 15:44:11,VAO_HANG_CHO,250388,INLO220405
2026-10-02 15:44:11,VAO_HANG_CHO,250143,MOPR331279
2026-10-02 15:44:11,VAO_HANG_CHO,250854,DIPR430685
2026-10-02 15:44:11,VAO_HANG_CHO,250217,PHYS111202
2026-10-02 15:44:11,VAO_HANG_CHO,250552,CAAL230180
2026-10-02 15:44:11,VAO_HANG_CHO,250321,CLCO332779
2026-10-02 15:44:11,VAO_HANG_CHO,250368,LLCT220514
2026-10-02 15:44:11,VAO_HANG_CHO,250561,SOEN330679
2026-10-02 15:44:11,HUY_MON,250079,PRTE230385
2026-10-02 15:44:11,DON_LEN_CHINH_THUC,250737,PRTE230385
2026-10-02 15:44:11,VAO_HANG_CHO,250274,MATH132901
2026-10-02 15:44:11,VAO_HANG_CHO,250645,MOPR331279
2026-10-02 15:44:11,HUY_MON,250979,DASA230179
2026-10-02 15:44:11,DON_LEN_CHINH_THUC,250087,DASA230179
2026-10-02 15:44:11,VAO_HANG_CHO,250527,MATH132501
2026-10-02 15:44:11,VAO_HANG_CHO,250126,WEPR330479
2026-10-02 15:44:11,VAO_HANG_CHO,250823,INOT231780
2026-10-02 15:44:11,HUY_MON,250485,PRTE230385
2026-10-02 15:44:11,DON_LEN_CHINH_THUC,250131,PRTE230385
2026-10-02 15:44:11,VAO_HANG_CHO,250345,DBMS330284
2026-10-02 15:44:11,VAO_HANG_CHO,250168,PHYS130902
2026-10-02 15:44:11,HUY_MON,250771,FOIT331380
2026-10-02 15:44:11,DON_LEN_CHINH_THUC,250521,FOIT331380
2026-10-02 15:44:11,VAO_HANG_CHO,250439,GEFC220105
2026-10-02 15:44:11,VAO_HANG_CHO,250926,WIPR230579
2026-10-02 15:44:11,VAO_HANG_CHO,250279,LLCT120314
2026-10-02 15:44:11,VAO_HANG_CHO,250062,ESYS431080
2026-10-02 15:44:11,VAO_HANG_CHO,250169,PHYS111202
2026-10-02 15:44:11,VAO_HANG_CHO,250208,IVNC320905
2026-10-02 15:44:11,VAO_HANG_CHO,250443,MATH143001
2026-10-02 15:44:11,VAO_HANG_CHO,250216,WEPR330479
2026-10-02 15:44:11,VAO_HANG_CHO,250067,DBMS330284
2026-10-02 15:44:11,VAO_HANG_CHO,250098,LLCT120205
2026-10-02 15:44:11,HUY_MON,250896,SPPR330885
2026-10-02 15:44:11,DON_LEN_CHINH_THUC,250680,SPPR330885
2026-10-02 15:44:11,DANG_KY,250788,INIT130185
2026-10-02 15:44:11,VAO_HANG_CHO,250582,PHYS130902
2026-10-02 15:44:11,HUY_MON,250727,MATH143001
2026-10-02 15:44:11,DON_LEN_CHINH_THUC,250633,MATH143001
2026-10-02 15:44:11,VAO_HANG_CHO,250333,IQMA220205
2026-10-02 15:44:11,DANG_KY,250708,LLCT130105
2026-10-02 15:44:11,HUY_MON,250138,MALE431984
2026-10-02 15:44:11,DON_LEN_CHINH_THUC,250964,MALE431984
2026-10-02 15:44:11,VAO_HANG_CHO,250510,IPPA233277
2026-10-02 15:44:11,VAO_HANG_CHO,250129,OPSY330280
2026-10-02 15:44:11,DANG_KY,250392,INIT130185
2026-10-02 15:44:11,VAO_HANG_CHO,250139,CLCO332779
2026-10-02 15:44:11,VAO_HANG_CHO,250834,MALE431984
2026-10-02 15:44:11,VAO_HANG_CHO,250907,DASA230179
2026-10-02 15:44:11,VAO_HANG_CHO,250922,LLCT220514
2026-10-02 15:44:11,HUY_MON,250952,WOPS120390
2026-10-02 15:44:11,DON_LEN_CHINH_THUC,250160,WOPS120390
2026-10-02 15:44:11,VAO_HANG_CHO,250764,LESK120190
2026-10-02 15:44:11,VAO_HANG_CHO,250461,IQMA220205
2026-10-02 15:44:11,VAO_HANG_CHO,250324,OOPR230279
2026-10-02 15:44:11,HUY_MON,250042,LESK120190
2026-10-02 15:44:11,DON_LEN_CHINH_THUC,250264,LESK120190
2026-10-02 15:44:11,VAO_HANG_CHO,250966,IVNC320905
2026-10-02 15:44:11,VAO_HANG_CHO,250961,IQMA220205
2026-10-02 15:44:11,VAO_HANG_CHO,250999,MATH143001
2026-10-02 15:44:11,HUY_MON,250957,NEES330380
2026-10-02 15:44:11,DON_LEN_CHINH_THUC,250731,NEES330380
2026-10-02 15:44:11,HUY_MON,250748,INIT130185
2026-10-02 15:44:11,HUY_MON,250925,DASA230179
2026-10-02 15:44:11,DON_LEN_CHINH_THUC,250741,DASA230179
2026-10-02 15:44:11,HUY_MON,250404,WIPR230579
2026-10-02 15:44:11,DON_LEN_CHINH_THUC,250788,WIPR230579
2026-10-02 15:44:11,HUY_MON,250959,ENPS220591
2026-10-02 15:44:11,DON_LEN_CHINH_THUC,250007,ENPS220591
2026-10-02 15:44:11,HUY_MON,250174,ARIN330585
2026-10-02 15:44:11,DON_LEN_CHINH_THUC,250264,ARIN330585
2026-10-02 15:44:11,VAO_HANG_CHO,250077,INOT231780
2026-10-02 15:44:11,HUY_MON,250531,DBSY240184
2026-10-02 15:44:11,HUY_MON,250850,ARIN330585
2026-10-02 15:44:11,HUY_MON,250371,DBSY240184
2026-10-02 15:44:11,DANG_KY,250884,DIGR240485
2026-10-02 15:44:11,VAO_HANG_CHO,250527,DBMS330284
2026-10-02 15:44:11,HUY_MON,250653,LLCT120405
2026-10-02 15:44:11,DON_LEN_CHINH_THUC,250655,LLCT120405
2026-10-02 15:44:11,VAO_HANG_CHO,250604,WIPR230579
2026-10-02 15:44:11,VAO_HANG_CHO,250750,PHYS130902
2026-10-02 15:44:11,DANG_KY,250337,DBSY240184
2026-10-02 15:44:11,VAO_HANG_CHO,250270,CAAL230180
2026-10-02 15:44:11,VAO_HANG_CHO,250057,MATH143001
2026-10-02 15:44:11,DANG_KY,250403,EEEN234162
2026-10-02 15:44:11,VAO_HANG_CHO,250712,INLO220405
2026-10-02 15:44:11,HUY_MON,250406,ENCS330537
2026-10-02 15:44:11,VAO_HANG_CHO,250464,DIPR430685
2026-10-02 15:44:11,VAO_HANG_CHO,250691,NEES330380
2026-10-02 15:44:11,VAO_HANG_CHO,250066,IVNC320905
2026-10-02 15:44:11,VAO_HANG_CHO,250605,GEFC220105
2026-10-02 15:44:11,VAO_HANG_CHO,250852,IPPA233277
2026-10-02 15:44:11,VAO_HANG_CHO,250231,GEFC220105
2026-10-02 15:44:11,VAO_HANG_CHO,250478,WEPR330479
2026-10-02 15:44:11,VAO_HANG_CHO,250777,GEFC220105
2026-10-02 15:44:11,VAO_HANG_CHO,250643,DASA230179
2026-10-02 15:44:11,DANG_KY,250986,ARIN330585
2026-10-02 15:44:11,VAO_HANG_CHO,250245,DASA230179
2026-10-02 15:44:11,VAO_HANG_CHO,250596,SPPR330885
2026-10-02 15:44:11,VAO_HANG_CHO,250943,PRBE214262
2026-10-02 15:44:11,HUY_MON,250733,INMA220305
2026-10-02 15:44:11,DON_LEN_CHINH_THUC,250043,INMA220305
2026-10-02 15:44:11,VAO_HANG_CHO,250881,ECOM430984
2026-10-02 15:44:11,VAO_HANG_CHO,250849,NEES330380
2026-10-02 15:44:11,VAO_HANG_CHO,250024,INSO321005
2026-10-02 15:44:11,VAO_HANG_CHO,250042,INLO220405
2026-10-02 15:44:11,VAO_HANG_CHO,250189,NEES330380
2026-10-02 15:44:11,VAO_HANG_CHO,250122,INSE330380
2026-10-02 15:44:11,VAO_HANG_CHO,250263,DBMS330284
2026-10-02 15:44:11,HUY_MON,250957,IQMA220205
2026-10-02 15:44:11,DON_LEN_CHINH_THUC,250465,IQMA220205
2026-10-02 15:44:11,VAO_HANG_CHO,250113,DASA230179
2026-10-02 15:44:11,VAO_HANG_CHO,250592,DIPR430685
2026-10-02 15:44:11,VAO_HANG_CHO,250075,LLCT120314
2026-10-02 15:44:11,VAO_HANG_CHO,250442,LESK120190
2026-10-02 15:44:11,VAO_HANG_CHO,250492,INLO220405
2026-10-02 15:44:11,HUY_MON,250634,ESYS431080
2026-10-02 15:44:11,DON_LEN_CHINH_THUC,250802,ESYS431080
2026-10-02 15:44:11,VAO_HANG_CHO,250940,LLCT220514
2026-10-02 15:44:11,VAO_HANG_CHO,250463,EEEN234162
2026-10-02 15:44:11,VAO_HANG_CHO,250430,INSO321005
2026-10-02 15:44:11,HUY_MON,250676,SPPR330885
2026-10-02 15:44:11,DON_LEN_CHINH_THUC,250324,SPPR330885
2026-10-02 15:44:11,VAO_HANG_CHO,250846,MATH132401
2026-10-02 15:44:11,VAO_HANG_CHO,250055,FOIT331380
2026-10-02 15:44:11,VAO_HANG_CHO,250774,MATH132901
2026-10-02 15:44:11,HUY_MON,250642,WEPR330479
2026-10-02 15:44:11,DON_LEN_CHINH_THUC,250158,WEPR330479
2026-10-02 15:44:11,HUY_MON,250949,GELA236939
2026-10-02 15:44:11,DON_LEN_CHINH_THUC,250857,GELA236939
2026-10-02 15:44:11,VAO_HANG_CHO,250097,EEEN234162
2026-10-02 15:44:11,VAO_HANG_CHO,250290,PHYS130902
2026-10-02 15:44:11,VAO_HANG_CHO,250981,LLCT120405
2026-10-02 15:44:11,VAO_HANG_CHO,250508,INSE330380
2026-10-02 15:44:11,HUY_MON,250085,MATH143001
2026-10-02 15:44:11,DON_LEN_CHINH_THUC,250199,MATH143001
2026-10-02 15:44:11,VAO_HANG_CHO,250177,PRTE230385
2026-10-02 15:44:11,VAO_HANG_CHO,250168,LLCT120205
2026-10-02 15:44:11,VAO_HANG_CHO,250083,PRBE214262
2026-10-02 15:44:11,VAO_HANG_CHO,250816,IPPA233277
2026-10-02 15:44:11,VAO_HANG_CHO,250707,NEES330380
2026-10-02 15:44:11,HUY_MON,250104,WEPR330479
2026-10-02 15:44:11,DON_LEN_CHINH_THUC,250328,WEPR330479
2026-10-02 15:44:11,VAO_HANG_CHO,250341,MOPR331279
2026-10-02 15:44:11,VAO_HANG_CHO,250796,WOPS120390
2026-10-02 15:44:11,HUY_MON,250482,IVNC320905
2026-10-02 15:44:11,DON_LEN_CHINH_THUC,250342,IVNC320905
2026-10-02 15:44:11,VAO_HANG_CHO,250782,DIPR430685
2026-10-02 15:44:11,VAO_HANG_CHO,250513,PRTE230385
2026-10-02 15:44:11,VAO_HANG_CHO,250848,INSE330380
2026-10-02 15:44:11,VAO_HANG_CHO,250555,GELA236939
2026-10-02 15:44:11,HUY_MON,250225,OPSY330280
2026-10-02 15:44:11,DON_LEN_CHINH_THUC,250979,OPSY330280
2026-10-02 15:44:11,DANG_KY,250645,DBSY240184
2026-10-02 15:44:11,VAO_HANG_CHO,250058,INSE330380
2026-10-02 15:44:11,DANG_KY,250892,DIGR240485
2026-10-02 15:44:11,VAO_HANG_CHO,250631,ECOM430984
2026-10-02 15:44:11,VAO_HANG_CHO,250550,MALE431984
2026-10-02 15:44:11,VAO_HANG_CHO,250969,PRTE230385
2026-10-02 15:44:11,VAO_HANG_CHO,250096,DIPR430685
2026-10-02 15:44:11,VAO_HANG_CHO,250443,IQMA220205
2026-10-02 15:44:11,HUY_MON,250660,ESYS431080
2026-10-02 15:44:11,DON_LEN_CHINH_THUC,250878,ESYS431080
2026-10-02 15:44:11,HUY_MON,250127,NEES330380
2026-10-02 15:44:11,DON_LEN_CHINH_THUC,250819,NEES330380
2026-10-02 15:44:11,HUY_MON,250404,INSE330380
2026-10-02 15:44:11,DON_LEN_CHINH_THUC,250096,INSE330380
2026-10-02 15:44:11,HUY_MON,250255,MATH143001
2026-10-02 15:44:11,DON_LEN_CHINH_THUC,250443,MATH143001
2026-10-02 15:44:11,VAO_HANG_CHO,250307,INOT231780
2026-10-02 15:44:11,VAO_HANG_CHO,250994,INSE330380
2026-10-02 15:44:11,VAO_HANG_CHO,250045,CLCO332779
2026-10-02 15:44:11,HUY_MON,250051,MATH132501
2026-10-02 15:44:11,DON_LEN_CHINH_THUC,250441,MATH132501
2026-10-02 15:44:11,VAO_HANG_CHO,250862,INSE330380
2026-10-02 15:44:11,VAO_HANG_CHO,250609,CLCO332779
2026-10-02 15:44:11,VAO_HANG_CHO,250208,MATH132901
2026-10-02 15:44:11,HUY_MON,250174,MATH132901
2026-10-02 15:44:11,DON_LEN_CHINH_THUC,250752,MATH132901
2026-10-02 15:44:11,HUY_MON,250145,MATH143001
2026-10-02 15:44:11,DON_LEN_CHINH_THUC,250999,MATH143001
2026-10-02 15:44:11,DANG_KY,250461,INPR140285
2026-10-02 15:44:11,DANG_KY,250780,LLCT130105
2026-10-02 15:44:11,DANG_KY,250790,LLCT130105
2026-10-02 15:44:11,VAO_HANG_CHO,250983,ENPS220591
2026-10-02 15:44:11,VAO_HANG_CHO,250324,MATH132901
2026-10-02 15:44:11,VAO_HANG_CHO,250831,NEES330380
2026-10-02 15:44:11,VAO_HANG_CHO,250525,ECOM430984
2026-10-02 15:44:11,VAO_HANG_CHO,250996,OOPR230279
2026-10-02 15:44:11,VAO_HANG_CHO,250751,PRTE230385
2026-10-02 15:44:11,DANG_KY,250094,INIT130185
2026-10-02 15:44:11,VAO_HANG_CHO,250329,SOEN330679
2026-10-02 15:44:11,DANG_KY,250552,DIGR240485
2026-10-02 15:44:11,VAO_HANG_CHO,250627,ENPS220591
2026-10-02 15:44:11,HUY_MON,250762,MATH132401
2026-10-02 15:44:11,DON_LEN_CHINH_THUC,250554,MATH132401
2026-10-02 15:44:11,DANG_KY,250830,LLCT130105
2026-10-02 15:44:11,VAO_HANG_CHO,250632,IVNC320905
2026-10-02 15:44:11,HUY_MON,250244,OOPR230279
2026-10-02 15:44:11,DON_LEN_CHINH_THUC,250870,OOPR230279
2026-10-02 15:44:11,VAO_HANG_CHO,250406,CAAL230180
2026-10-02 15:44:11,HUY_MON,250628,IPPA233277
2026-10-02 15:44:11,DON_LEN_CHINH_THUC,250556,IPPA233277
2026-10-02 15:44:11,DANG_KY,250030,DIGR240485
2026-10-02 15:44:11,HUY_MON,250338,INIT130185
2026-10-02 15:44:11,HUY_MON,250250,INLO220405
2026-10-02 15:44:11,DON_LEN_CHINH_THUC,250956,INLO220405
2026-10-02 15:44:11,HUY_MON,250061,CLCO332779
2026-10-02 15:44:11,DON_LEN_CHINH_THUC,250037,CLCO332779
2026-10-02 15:44:11,HUY_MON,250762,ESYS431080
2026-10-02 15:44:11,DON_LEN_CHINH_THUC,250612,ESYS431080
2026-10-02 15:44:11,VAO_HANG_CHO,250318,LLCT220514
2026-10-02 15:44:11,VAO_HANG_CHO,250263,PRBE214262
2026-10-02 15:44:11,DANG_KY,250198,DIGR240485
2026-10-02 15:44:11,VAO_HANG_CHO,250241,IQMA220205
2026-10-02 15:44:11,VAO_HANG_CHO,250128,INSE330380
2026-10-02 15:44:11,VAO_HANG_CHO,250075,PRBE214262
2026-10-02 15:44:11,VAO_HANG_CHO,250194,WOPS120390
2026-10-02 15:44:11,VAO_HANG_CHO,250101,EEEN234162
2026-10-02 15:44:11,VAO_HANG_CHO,250588,SPPR330885
2026-10-02 15:44:11,VAO_HANG_CHO,250975,NEES330380
2026-10-02 15:44:11,VAO_HANG_CHO,250974,LLCT220514
2026-10-02 15:44:11,VAO_HANG_CHO,250273,PRTE230385
2026-10-02 15:44:11,VAO_HANG_CHO,250166,IPPA233277
2026-10-02 15:44:11,VAO_HANG_CHO,250513,DBMS330284
2026-10-02 15:44:11,VAO_HANG_CHO,250568,OOPR230279
2026-10-02 15:44:11,VAO_HANG_CHO,250226,IVNC320905
2026-10-02 15:44:11,VAO_HANG_CHO,250973,PRTE230385
2026-10-02 15:44:11,DANG_KY,250532,DIGR240485
2026-10-02 15:44:11,DANG_KY,250047,DBSY240184
2026-10-02 15:44:11,HUY_MON,250143,LLCT120314
2026-10-02 15:44:11,DON_LEN_CHINH_THUC,250719,LLCT120314
2026-10-02 15:44:11,VAO_HANG_CHO,250718,IPPA233277
2026-10-02 15:44:11,VAO_HANG_CHO,250222,ESYS431080
2026-10-02 15:44:11,VAO_HANG_CHO,250593,GEFC220105
2026-10-02 15:44:11,DANG_KY,250416,ENCS330537
2026-10-02 15:44:11,HUY_MON,250934,LLCT220514
2026-10-02 15:44:11,DON_LEN_CHINH_THUC,250932,LLCT220514
2026-10-02 15:44:11,VAO_HANG_CHO,250434,PHYS130902
2026-10-02 15:44:11,VAO_HANG_CHO,250109,INOT231780
2026-10-02 15:44:11,VAO_HANG_CHO,250444,LESK120190
2026-10-02 15:44:11,VAO_HANG_CHO,250671,DASA230179
2026-10-02 15:44:11,VAO_HANG_CHO,250978,ESYS431080
2026-10-02 15:44:11,VAO_HANG_CHO,250597,DBMS330284
2026-10-02 15:44:11,HUY_MON,250641,FOIT331380
2026-10-02 15:44:11,DON_LEN_CHINH_THUC,250185,FOIT331380
2026-10-02 15:44:11,HUY_MON,250438,PHYS130902
2026-10-02 15:44:11,DON_LEN_CHINH_THUC,250612,PHYS130902
2026-10-02 15:44:11,DANG_KY,250880,DIGR240485
2026-10-02 15:44:11,VAO_HANG_CHO,250594,MATH132401
2026-10-02 15:44:11,HUY_MON,250776,DIGR240485
2026-10-02 15:44:11,VAO_HANG_CHO,250524,MATH132401
2026-10-02 15:44:11,VAO_HANG_CHO,250286,LLCT120205
2026-10-02 15:44:11,HUY_MON,250716,OOPR230279
2026-10-02 15:44:11,DON_LEN_CHINH_THUC,250764,OOPR230279
2026-10-02 15:44:11,VAO_HANG_CHO,250784,INSE330380
2026-10-02 15:44:11,HUY_MON,250137,OPSY330280
2026-10-02 15:44:11,DON_LEN_CHINH_THUC,250185,OPSY330280
2026-10-02 15:44:11,VAO_HANG_CHO,250757,GELA236939
2026-10-02 15:44:11,VAO_HANG_CHO,250604,INLO220405
2026-10-02 15:44:11,VAO_HANG_CHO,250863,FOIT331380
2026-10-02 15:44:11,VAO_HANG_CHO,250406,PHYS130902
2026-10-02 15:44:11,VAO_HANG_CHO,250560,LLCT220514
2026-10-02 15:44:11,VAO_HANG_CHO,250057,DBMS330284
2026-10-02 15:44:11,HUY_MON,250263,LLCT120314
2026-10-02 15:44:11,DON_LEN_CHINH_THUC,250783,LLCT120314
2026-10-02 15:44:11,VAO_HANG_CHO,250442,LLCT120205
2026-10-02 15:44:11,HUY_MON,250832,MATH132901
2026-10-02 15:44:11,DON_LEN_CHINH_THUC,250702,MATH132901
2026-10-02 15:44:11,HUY_MON,250043,ENPS220591
2026-10-02 15:44:11,DON_LEN_CHINH_THUC,250525,ENPS220591
2026-10-02 15:44:11,VAO_HANG_CHO,250621,EEEN234162
2026-10-02 15:44:11,HUY_MON,250315,PRTE230385
2026-10-02 15:44:11,DON_LEN_CHINH_THUC,250661,PRTE230385
2026-10-02 15:44:11,VAO_HANG_CHO,250164,IPPA233277
2026-10-02 15:44:11,HUY_MON,250384,LLCT130105
2026-10-02 15:44:11,VAO_HANG_CHO,250604,INSE330380
2026-10-02 15:44:11,VAO_HANG_CHO,250047,LLCT120405
2026-10-02 15:44:11,VAO_HANG_CHO,250958,WIPR230579
2026-10-02 15:44:11,HUY_MON,250210,INIT130185
2026-10-02 15:44:11,HUY_MON,250885,MATH132501
2026-10-02 15:44:11,DON_LEN_CHINH_THUC,250321,MATH132501
2026-10-02 15:44:11,VAO_HANG_CHO,250137,INMA220305
2026-10-02 15:44:11,VAO_HANG_CHO,250352,MALE431984
2026-10-02 15:44:11,HUY_MON,250526,DIGR240485
2026-10-02 15:44:11,VAO_HANG_CHO,250314,DIPR430685
2026-10-02 15:44:11,VAO_HANG_CHO,250634,LLCT120205
2026-10-02 15:44:11,VAO_HANG_CHO,250781,OPSY330280
2026-10-02 15:44:11,VAO_HANG_CHO,250274,CAAL230180
2026-10-02 15:44:11,VAO_HANG_CHO,250347,SOEN330679
2026-10-02 15:44:11,VAO_HANG_CHO,250226,WOPS120390
2026-10-02 15:44:11,HUY_MON,250817,INOT231780
2026-10-02 15:44:11,DON_LEN_CHINH_THUC,250751,INOT231780
2026-10-02 15:44:11,VAO_HANG_CHO,250932,PHYS130902
2026-10-02 15:44:11,VAO_HANG_CHO,250295,EEEN234162
2026-10-02 15:44:11,VAO_HANG_CHO,250686,LLCT220514
2026-10-02 15:44:11,VAO_HANG_CHO,250753,MATH132501
2026-10-02 15:44:11,VAO_HANG_CHO,250218,LLCT120205
2026-10-02 15:44:11,HUY_MON,250195,LLCT120405
2026-10-02 15:44:11,DON_LEN_CHINH_THUC,250145,LLCT120405
2026-10-02 15:44:11,VAO_HANG_CHO,250239,GEFC220105
2026-10-02 15:44:11,VAO_HANG_CHO,250022,MALE431984
2026-10-02 15:44:11,VAO_HANG_CHO,250961,SOEN330679
2026-10-02 15:44:11,HUY_MON,250495,SOEN330679
2026-10-02 15:44:11,DON_LEN_CHINH_THUC,250827,SOEN330679
2026-10-02 15:44:11,VAO_HANG_CHO,250944,SPPR330885
2026-10-02 15:44:11,VAO_HANG_CHO,250761,IQMA220205
2026-10-02 15:44:11,HUY_MON,250326,OOPR230279
2026-10-02 15:44:11,DON_LEN_CHINH_THUC,250988,OOPR230279
2026-10-02 15:44:11,HUY_MON,250457,SOEN330679
2026-10-02 15:44:11,DON_LEN_CHINH_THUC,250865,SOEN330679
2026-10-02 15:44:11,DANG_KY,250381,INPR140285
2026-10-02 15:44:11,VAO_HANG_CHO,250308,ARIN330585
2026-10-02 15:44:11,HUY_MON,250146,LESK120190
2026-10-02 15:44:11,DON_LEN_CHINH_THUC,250530,LESK120190
2026-10-02 15:44:11,DANG_KY,250254,DIGR240485
2026-10-02 15:44:11,VAO_HANG_CHO,250233,NEES330380
2026-10-02 15:44:11,VAO_HANG_CHO,250675,NEES330380
2026-10-02 15:44:11,VAO_HANG_CHO,250930,LLCT120205
2026-10-02 15:44:11,VAO_HANG_CHO,250965,PHYS111202
2026-10-02 15:44:11,VAO_HANG_CHO,250780,SPPR330885
2026-10-02 15:44:11,VAO_HANG_CHO,250727,FOIT331380
2026-10-02 15:44:11,VAO_HANG_CHO,250683,PHYS111202
2026-10-02 15:44:11,HUY_MON,250858,DIGR240485
2026-10-02 15:44:11,HUY_MON,250189,INMA220305
2026-10-02 15:44:11,DON_LEN_CHINH_THUC,250771,INMA220305
2026-10-02 15:44:11,VAO_HANG_CHO,250489,IQMA220205
2026-10-02 15:44:11,HUY_MON,250591,EEEN234162
2026-10-02 15:44:11,DON_LEN_CHINH_THUC,250463,EEEN234162
2026-10-02 15:44:11,VAO_HANG_CHO,250371,ENPS220591
2026-10-02 15:44:11,VAO_HANG_CHO,250506,PHYS130902
2026-10-02 15:44:11,VAO_HANG_CHO,250587,DBMS330284
2026-10-02 15:44:11,VAO_HANG_CHO,250441,ECOM430984
2026-10-02 15:44:11,VAO_HANG_CHO,250166,SPPR330885
2026-10-02 15:44:11,HUY_MON,250220,ARIN330585
2026-10-02 15:44:11,DON_LEN_CHINH_THUC,250308,ARIN330585
2026-10-02 15:44:11,VAO_HANG_CHO,250918,INLO220405
2026-10-02 15:44:11,VAO_HANG_CHO,250815,EEEN234162
2026-10-02 15:44:11,VAO_HANG_CHO,250830,WIPR230579
2026-10-02 15:44:11,VAO_HANG_CHO,250903,GELA236939
2026-10-02 15:44:11,HUY_MON,250949,INPR140285
2026-10-02 15:44:11,VAO_HANG_CHO,250614,DIPR430685
2026-10-02 15:44:11,HUY_MON,250188,ARIN330585
2026-10-02 15:44:11,VAO_HANG_CHO,250600,MALE431984
2026-10-02 15:44:11,HUY_MON,250206,ESYS431080
2026-10-02 15:44:11,DON_LEN_CHINH_THUC,250704,ESYS431080
2026-10-02 15:44:11,VAO_HANG_CHO,250114,CAAL230180
2026-10-02 15:44:11,HUY_MON,250331,OPSY330280
2026-10-02 15:44:11,DON_LEN_CHINH_THUC,250861,OPSY330280
2026-10-02 15:44:11,VAO_HANG_CHO,250926,IPPA233277
2026-10-02 15:44:11,VAO_HANG_CHO,250119,LLCT120314
2026-10-02 15:44:11,HUY_MON,250917,CLCO332779
2026-10-02 15:44:11,DON_LEN_CHINH_THUC,250547,CLCO332779
2026-10-02 15:44:11,VAO_HANG_CHO,250641,MATH143001
2026-10-02 15:44:11,HUY_MON,250631,DASA230179
2026-10-02 15:44:11,DON_LEN_CHINH_THUC,250815,DASA230179
2026-10-02 15:44:11,HUY_MON,250534,CAAL230180
2026-10-02 15:44:11,DON_LEN_CHINH_THUC,250902,CAAL230180
2026-10-02 15:44:11,HUY_MON,250281,INPR140285
2026-10-02 15:44:11,VAO_HANG_CHO,250293,INOT231780
2026-10-02 15:44:11,DANG_KY,250308,INIT130185
2026-10-02 15:44:11,DANG_KY,250567,INPR140285
2026-10-02 15:44:11,HUY_MON,250397,DBSY240184
2026-10-02 15:44:11,VAO_HANG_CHO,250497,SOEN330679
2026-10-02 15:44:11,VAO_HANG_CHO,250272,MALE431984
2026-10-02 15:44:11,VAO_HANG_CHO,250947,EEEN234162
2026-10-02 15:44:11,HUY_MON,250281,INOT231780
2026-10-02 15:44:11,DON_LEN_CHINH_THUC,250527,INOT231780
2026-10-02 15:44:11,DANG_KY,250921,DBSY240184
2026-10-02 15:44:11,VAO_HANG_CHO,250318,DIPR430685
2026-10-02 15:44:11,VAO_HANG_CHO,250309,DASA230179
2026-10-02 15:44:11,HUY_MON,250730,WEPR330479
2026-10-02 15:44:11,DON_LEN_CHINH_THUC,250812,WEPR330479
2026-10-02 15:44:11,VAO_HANG_CHO,250750,OOPR230279
2026-10-02 15:44:11,HUY_MON,250392,INSO321005
2026-10-02 15:44:11,DON_LEN_CHINH_THUC,250062,INSO321005
2026-10-02 15:44:11,HUY_MON,250987,MOPR331279
2026-10-02 15:44:11,DON_LEN_CHINH_THUC,250565,MOPR331279
2026-10-02 15:44:11,VAO_HANG_CHO,250447,ECOM430984
2026-10-02 15:44:11,VAO_HANG_CHO,250321,SOEN330679
2026-10-02 15:44:11,VAO_HANG_CHO,250633,EEEN234162
2026-10-02 15:44:11,VAO_HANG_CHO,250336,SPPR330885
2026-10-02 15:44:11,HUY_MON,250918,ENCS330537
2026-10-02 15:44:11,VAO_HANG_CHO,250010,OOPR230279
2026-10-02 15:44:11,VAO_HANG_CHO,250749,NEES330380
2026-10-02 15:44:11,VAO_HANG_CHO,250274,MALE431984
2026-10-02 15:44:11,VAO_HANG_CHO,250781,MATH132501
2026-10-02 15:44:11,VAO_HANG_CHO,250308,DIPR430685
2026-10-02 15:44:11,VAO_HANG_CHO,250325,INMA220305
2026-10-02 15:44:11,VAO_HANG_CHO,250916,ESYS431080
2026-10-02 15:44:11,HUY_MON,250802,ENCS330537
2026-10-02 15:44:11,DANG_KY,250950,INIT130185
2026-10-02 15:44:11,VAO_HANG_CHO,250849,MOPR331279
2026-10-02 15:44:11,HUY_MON,250735,ENPS220591
2026-10-02 15:44:11,DON_LEN_CHINH_THUC,250325,ENPS220591
2026-10-02 15:44:11,HUY_MON,250083,LLCT120405
2026-10-02 15:44:11,DON_LEN_CHINH_THUC,250671,LLCT120405
2026-10-02 15:44:11,VAO_HANG_CHO,250898,IPPA233277
2026-10-02 15:44:11,VAO_HANG_CHO,250141,INOT231780
2026-10-02 15:44:11,HUY_MON,250179,DBSY240184
2026-10-02 15:44:11,VAO_HANG_CHO,250167,NEES330380
2026-10-02 15:44:11,HUY_MON,250091,SOEN330679
2026-10-02 15:44:11,DON_LEN_CHINH_THUC,250199,SOEN330679
2026-10-02 15:44:11,VAO_HANG_CHO,250191,OPSY330280
2026-10-02 15:44:11,HUY_MON,250623,DBMS330284
2026-10-02 15:44:11,DON_LEN_CHINH_THUC,250099,DBMS330284
2026-10-02 15:44:11,DANG_KY,250114,LLCT130105
2026-10-02 15:44:11,DANG_KY,250445,INPR140285
2026-10-02 15:44:11,VAO_HANG_CHO,250482,MALE431984
2026-10-02 15:44:11,VAO_HANG_CHO,250141,OPSY330280
2026-10-02 15:44:11,HUY_MON,250995,LLCT120314
2026-10-02 15:44:11,DON_LEN_CHINH_THUC,250685,LLCT120314
2026-10-02 15:44:11,VAO_HANG_CHO,250799,LLCT120314
2026-10-02 15:44:11,VAO_HANG_CHO,250816,MALE431984
2026-10-02 15:44:11,VAO_HANG_CHO,250002,IPPA233277
2026-10-02 15:44:11,VAO_HANG_CHO,250941,GELA236939
2026-10-02 15:44:11,VAO_HANG_CHO,250421,CLCO332779
2026-10-02 15:44:11,HUY_MON,250075,DASA230179
2026-10-02 15:44:11,DON_LEN_CHINH_THUC,250325,DASA230179
2026-10-02 15:44:11,HUY_MON,250530,LESK120190
2026-10-02 15:44:11,DON_LEN_CHINH_THUC,250638,LESK120190
2026-10-02 15:44:11,VAO_HANG_CHO,250241,GELA236939
2026-10-02 15:44:11,VAO_HANG_CHO,250608,INSE330380
2026-10-02 15:44:11,HUY_MON,250636,LLCT130105
2026-10-02 15:44:11,HUY_MON,250359,OPSY330280
2026-10-02 15:44:11,DON_LEN_CHINH_THUC,250195,OPSY330280
2026-10-02 15:44:11,HUY_MON,250646,LLCT120205
2026-10-02 15:44:11,DON_LEN_CHINH_THUC,250694,LLCT120205
2026-10-02 15:44:11,HUY_MON,250821,DASA230179
2026-10-02 15:44:11,DON_LEN_CHINH_THUC,250897,DASA230179
2026-10-02 15:44:11,VAO_HANG_CHO,250409,CLCO332779
2026-10-02 15:44:11,VAO_HANG_CHO,250662,INLO220405
2026-10-02 15:44:11,HUY_MON,250028,MALE431984
2026-10-02 15:44:11,DON_LEN_CHINH_THUC,250952,MALE431984
2026-10-02 15:44:11,VAO_HANG_CHO,250216,INSE330380
2026-10-02 15:44:11,VAO_HANG_CHO,250819,MOPR331279
2026-10-02 15:44:11,VAO_HANG_CHO,250234,OOPR230279
2026-10-02 15:44:11,VAO_HANG_CHO,250035,OPSY330280
2026-10-02 15:44:11,VAO_HANG_CHO,250385,PRTE230385
2026-10-02 15:44:11,VAO_HANG_CHO,250856,MALE431984
2026-10-02 15:44:11,HUY_MON,250427,DBMS330284
2026-10-02 15:44:11,DON_LEN_CHINH_THUC,250655,DBMS330284
2026-10-02 15:44:11,HUY_MON,250770,CAAL230180
2026-10-02 15:44:11,DON_LEN_CHINH_THUC,250172,CAAL230180
2026-10-02 15:44:11,DANG_KY,250012,ENCS330537
2026-10-02 15:44:11,VAO_HANG_CHO,250258,INSE330380
2026-10-02 15:44:11,HUY_MON,250232,ESYS431080
2026-10-02 15:44:11,DON_LEN_CHINH_THUC,250062,ESYS431080
2026-10-02 15:44:11,VAO_HANG_CHO,250908,MATH132901
2026-10-02 15:44:11,VAO_HANG_CHO,250023,PHYS111202
2026-10-02 15:44:11,HUY_MON,250765,LLCT120405
2026-10-02 15:44:11,DON_LEN_CHINH_THUC,250431,LLCT120405
2026-10-02 15:44:11,VAO_HANG_CHO,250657,NEES330380
2026-10-02 15:44:11,DANG_KY,250416,DIGR240485
2026-10-02 15:44:11,VAO_HANG_CHO,250131,GELA236939
2026-10-02 15:44:11,DANG_KY,250566,ENCS330537
2026-10-02 15:44:11,HUY_MON,250723,LLCT120314
2026-10-02 15:44:11,DON_LEN_CHINH_THUC,250969,LLCT120314
2026-10-02 15:44:11,VAO_HANG_CHO,250647,LLCT120314
2026-10-02 15:44:11,HUY_MON,250973,CLCO332779
2026-10-02 15:44:11,DON_LEN_CHINH_THUC,250897,CLCO332779
2026-10-02 15:44:11,VAO_HANG_CHO,250561,DBMS330284
2026-10-02 15:44:11,VAO_HANG_CHO,250688,MATH132401
2026-10-02 15:44:11,HUY_MON,250332,INSE330380
2026-10-02 15:44:11,DON_LEN_CHINH_THUC,250858,INSE330380
2026-10-02 15:44:11,DANG_KY,250382,ENCS330537
2026-10-02 15:44:11,VAO_HANG_CHO,250849,FOIT331380
2026-10-02 15:44:11,VAO_HANG_CHO,250710,INLO220405
2026-10-02 15:44:11,VAO_HANG_CHO,250287,PRTE230385
2026-10-02 15:44:11,HUY_MON,250331,MOPR331279
2026-10-02 15:44:11,DON_LEN_CHINH_THUC,250601,MOPR331279
2026-10-02 15:44:11,VAO_HANG_CHO,250111,MOPR331279
2026-10-02 15:44:11,VAO_HANG_CHO,250496,OOPR230279
2026-10-02 15:44:11,VAO_HANG_CHO,250011,MATH143001
2026-10-02 15:44:11,VAO_HANG_CHO,250770,IPPA233277
2026-10-02 15:44:11,VAO_HANG_CHO,250709,OPSY330280
2026-10-02 15:44:11,VAO_HANG_CHO,250388,CAAL230180
2026-10-02 15:44:11,VAO_HANG_CHO,250087,IQMA220205
2026-10-02 15:44:11,VAO_HANG_CHO,250854,MATH132401
2026-10-02 15:44:11,VAO_HANG_CHO,250288,INSO321005
2026-10-02 15:44:11,DANG_KY,250707,DBSY240184
2026-10-02 15:44:11,VAO_HANG_CHO,250202,MALE431984
2026-10-02 15:44:11,HUY_MON,250545,LLCT120405
2026-10-02 15:44:11,DON_LEN_CHINH_THUC,250231,LLCT120405
2026-10-02 15:44:11,VAO_HANG_CHO,250653,FOIT331380
2026-10-02 15:44:11,DANG_KY,250644,LLCT130105
2026-10-02 15:44:11,VAO_HANG_CHO,250607,PRTE230385
2026-10-02 15:44:11,HUY_MON,250933,FOIT331380
2026-10-02 15:44:11,DON_LEN_CHINH_THUC,250891,FOIT331380
2026-10-02 15:44:11,VAO_HANG_CHO,250761,ENPS220591
2026-10-02 15:44:11,VAO_HANG_CHO,250936,WOPS120390
2026-10-02 15:44:11,VAO_HANG_CHO,250587,CLCO332779
2026-10-02 15:44:11,VAO_HANG_CHO,250112,WEPR330479
2026-10-02 15:44:11,DANG_KY,250753,INPR140285
2026-10-02 15:44:11,VAO_HANG_CHO,250320,LLCT120205
2026-10-02 15:44:11,VAO_HANG_CHO,250243,NEES330380
2026-10-02 15:44:11,VAO_HANG_CHO,250066,OOPR230279
2026-10-02 15:44:11,HUY_MON,250808,INSO321005
2026-10-02 15:44:11,DON_LEN_CHINH_THUC,250870,INSO321005
2026-10-02 15:44:11,DANG_KY,250628,INIT130185
2026-10-02 15:44:11,VAO_HANG_CHO,250511,LLCT120314
2026-10-02 15:44:11,HUY_MON,250421,DBMS330284
2026-10-02 15:44:11,DON_LEN_CHINH_THUC,250391,DBMS330284
2026-10-02 15:44:11,VAO_HANG_CHO,250177,INMA220305
2026-10-02 15:44:11,VAO_HANG_CHO,250664,WEPR330479
2026-10-02 15:44:11,VAO_HANG_CHO,250521,INOT231780
2026-10-02 15:44:11,VAO_HANG_CHO,250604,LLCT120205
2026-10-02 15:44:11,VAO_HANG_CHO,250455,LLCT120314
2026-10-02 15:44:11,VAO_HANG_CHO,250574,SPPR330885
2026-10-02 15:44:11,VAO_HANG_CHO,250785,OPSY330280
2026-10-02 15:44:11,DANG_KY,250928,LLCT130105
2026-10-02 15:44:11,VAO_HANG_CHO,250305,LLCT120405
2026-10-02 15:44:11,HUY_MON,250175,MOPR331279
2026-10-02 15:44:11,DON_LEN_CHINH_THUC,250999,MOPR331279
2026-10-02 15:44:11,VAO_HANG_CHO,250235,PRBE214262
2026-10-02 15:44:11,HUY_MON,250198,PHYS130902
2026-10-02 15:44:11,DON_LEN_CHINH_THUC,250494,PHYS130902
2026-10-02 15:44:11,VAO_HANG_CHO,250066,INSE330380
2026-10-02 15:44:11,DANG_KY,250365,INPR140285
2026-10-02 15:44:11,HUY_MON,250331,GELA236939
2026-10-02 15:44:11,DON_LEN_CHINH_THUC,250817,GELA236939
2026-10-02 15:44:11,VAO_HANG_CHO,250391,LLCT120405
2026-10-02 15:44:11,HUY_MON,250085,LLCT120405
2026-10-02 15:44:11,DON_LEN_CHINH_THUC,250681,LLCT120405
2026-10-02 15:44:11,VAO_HANG_CHO,250537,EEEN234162
2026-10-02 15:44:11,VAO_HANG_CHO,250518,INSE330380
2026-10-02 15:44:11,HUY_MON,250586,ENCS330537
2026-10-02 15:44:11,VAO_HANG_CHO,250366,MATH132901
2026-10-02 15:44:11,DANG_KY,250137,INPR140285
2026-10-02 15:44:11,VAO_HANG_CHO,250240,ESYS431080
2026-10-02 15:44:11,VAO_HANG_CHO,250155,NEES330380
2026-10-02 15:44:11,DANG_KY,250370,ARIN330585
2026-10-02 15:44:11,DANG_KY,250724,ENCS330537
2026-10-02 15:44:11,HUY_MON,250352,INIT130185
2026-10-02 15:44:11,VAO_HANG_CHO,250604,MATH132401
2026-10-02 15:44:11,VAO_HANG_CHO,250487,LLCT120405
2026-10-02 15:44:11,VAO_HANG_CHO,250313,MATH132501
2026-10-02 15:44:11,VAO_HANG_CHO,250937,GEFC220105
2026-10-02 15:44:11,VAO_HANG_CHO,250864,IPPA233277
2026-10-02 15:44:11,HUY_MON,250494,PHYS130902
2026-10-02 15:44:11,DON_LEN_CHINH_THUC,250316,PHYS130902
2026-10-02 15:44:11,VAO_HANG_CHO,250314,IVNC320905
2026-10-02 15:44:11,VAO_HANG_CHO,250737,GELA236939
2026-10-02 15:44:11,HUY_MON,250751,INOT231780
2026-10-02 15:44:11,DON_LEN_CHINH_THUC,250369,INOT231780
2026-10-02 15:44:11,HUY_MON,250369,MATH143001
2026-10-02 15:44:11,DON_LEN_CHINH_THUC,250057,MATH143001
2026-10-02 15:44:11,VAO_HANG_CHO,250909,GELA236939
2026-10-02 15:44:11,HUY_MON,250195,DBMS330284
2026-10-02 15:44:11,DON_LEN_CHINH_THUC,250927,DBMS330284
2026-10-02 15:44:11,VAO_HANG_CHO,250567,INMA220305
2026-10-02 15:44:11,VAO_HANG_CHO,250870,MALE431984
2026-10-02 15:44:11,VAO_HANG_CHO,250307,INMA220305
2026-10-02 15:44:11,VAO_HANG_CHO,250074,LLCT120205
2026-10-02 15:44:11,VAO_HANG_CHO,250141,INMA220305
2026-10-02 15:44:11,VAO_HANG_CHO,250471,ECOM430984
2026-10-02 15:44:11,VAO_HANG_CHO,250630,LLCT120205
2026-10-02 15:44:11,HUY_MON,250271,ECOM430984
2026-10-02 15:44:11,DON_LEN_CHINH_THUC,250435,ECOM430984
2026-10-02 15:44:11,VAO_HANG_CHO,250499,PRBE214262
2026-10-02 15:44:11,VAO_HANG_CHO,250290,IVNC320905
2026-10-02 15:44:11,VAO_HANG_CHO,250845,FOIT331380
2026-10-02 15:44:11,VAO_HANG_CHO,250548,INSE330380
2026-10-02 15:44:11,HUY_MON,250610,INIT130185
2026-10-02 15:44:11,VAO_HANG_CHO,250630,LESK120190
2026-10-02 15:44:11,HUY_MON,250924,LESK120190
2026-10-02 15:44:11,DON_LEN_CHINH_THUC,250516,LESK120190
2026-10-02 15:44:11,VAO_HANG_CHO,250312,MALE431984
2026-10-02 15:44:11,VAO_HANG_CHO,250851,GELA236939
2026-10-02 15:44:11,VAO_HANG_CHO,250010,CAAL230180
2026-10-02 15:44:11,VAO_HANG_CHO,250221,FOIT331380
2026-10-02 15:44:11,VAO_HANG_CHO,250711,CLCO332779
2026-10-02 15:44:11,DANG_KY,250372,INIT130185
2026-10-02 15:44:11,DANG_KY,250255,DBSY240184
2026-10-02 15:44:11,DANG_KY,250894,INIT130185
2026-10-02 15:44:11,VAO_HANG_CHO,250217,OPSY330280
2026-10-02 15:44:11,VAO_HANG_CHO,250480,ESYS431080
2026-10-02 15:44:11,VAO_HANG_CHO,250899,PRBE214262
2026-10-02 15:44:11,VAO_HANG_CHO,250026,MATH132901
2026-10-02 15:44:11,HUY_MON,250224,WIPR230579
2026-10-02 15:44:11,DON_LEN_CHINH_THUC,250578,WIPR230579
2026-10-02 15:44:11,HUY_MON,250529,ECOM430984
2026-10-02 15:44:11,DON_LEN_CHINH_THUC,250805,ECOM430984
2026-10-02 15:44:11,VAO_HANG_CHO,250541,LLCT120405
2026-10-02 15:44:11,VAO_HANG_CHO,250434,MATH132401
2026-10-02 15:44:11,VAO_HANG_CHO,250388,DIPR430685
2026-10-02 15:44:11,DANG_KY,250767,DBSY240184
2026-10-02 15:44:11,VAO_HANG_CHO,250102,INSO321005
2026-10-02 15:44:11,DANG_KY,250433,INPR140285
2026-10-02 15:44:11,VAO_HANG_CHO,250630,MALE431984
2026-10-02 15:44:11,VAO_HANG_CHO,250193,PRTE230385
2026-10-02 15:44:11,VAO_HANG_CHO,250358,LLCT220514
2026-10-02 15:44:11,VAO_HANG_CHO,250721,FOIT331380
2026-10-02 15:44:11,VAO_HANG_CHO,250798,WIPR230579
2026-10-02 15:44:11,VAO_HANG_CHO,250553,MATH143001
2026-10-02 15:44:11,VAO_HANG_CHO,250832,WEPR330479
2026-10-02 15:44:11,VAO_HANG_CHO,250651,GELA236939
2026-10-02 15:44:11,HUY_MON,250833,PRTE230385
2026-10-02 15:44:11,DON_LEN_CHINH_THUC,250191,PRTE230385
2026-10-02 15:44:11,VAO_HANG_CHO,250844,PHYS130902
2026-10-02 15:44:11,VAO_HANG_CHO,250447,INMA220305
2026-10-02 15:44:11,VAO_HANG_CHO,250054,DIPR430685
2026-10-02 15:44:11,VAO_HANG_CHO,250224,ARIN330585
2026-10-02 15:44:11,VAO_HANG_CHO,250954,INLO220405
2026-10-02 15:44:11,VAO_HANG_CHO,250125,MATH132501
2026-10-02 15:44:11,VAO_HANG_CHO,250948,ESYS431080
2026-10-02 15:44:11,VAO_HANG_CHO,250191,DBMS330284
2026-10-02 15:44:11,VAO_HANG_CHO,250137,DBMS330284
2026-10-02 15:44:11,VAO_HANG_CHO,250760,ESYS431080
2026-10-02 15:44:11,HUY_MON,250489,PHYS111202
2026-10-02 15:44:11,DON_LEN_CHINH_THUC,250727,PHYS111202
2026-10-02 15:44:11,HUY_MON,250912,INSE330380
2026-10-02 15:44:11,DON_LEN_CHINH_THUC,250542,INSE330380
2026-10-02 15:44:11,VAO_HANG_CHO,250764,CAAL230180
2026-10-02 15:44:11,VAO_HANG_CHO,250071,INMA220305
2026-10-02 15:44:11,HUY_MON,250261,DBMS330284
2026-10-02 15:44:11,DON_LEN_CHINH_THUC,250009,DBMS330284
2026-10-02 15:44:11,VAO_HANG_CHO,250689,OPSY330280
2026-10-02 15:44:11,DANG_KY,250808,LLCT130105
2026-10-02 15:44:11,VAO_HANG_CHO,250587,INOT231780
2026-10-02 15:44:11,VAO_HANG_CHO,250716,INLO220405
2026-10-02 15:44:11,VAO_HANG_CHO,250247,PRTE230385
2026-10-02 15:44:11,HUY_MON,250867,DBSY240184
2026-10-02 15:44:11,VAO_HANG_CHO,250150,IVNC320905
2026-10-02 15:44:11,VAO_HANG_CHO,250689,LLCT120405
2026-10-02 15:44:11,HUY_MON,250079,OPSY330280
2026-10-02 15:44:11,DON_LEN_CHINH_THUC,250835,OPSY330280
2026-10-02 15:44:11,VAO_HANG_CHO,250875,SOEN330679
2026-10-02 15:44:11,VAO_HANG_CHO,250122,LLCT220514
2026-10-02 15:44:11,HUY_MON,250160,WOPS120390
2026-10-02 15:44:11,DON_LEN_CHINH_THUC,250176,WOPS120390
2026-10-02 15:44:11,VAO_HANG_CHO,250204,IPPA233277
2026-10-02 15:44:11,VAO_HANG_CHO,250359,PRTE230385
2026-10-02 15:44:11,DANG_KY,250822,DIGR240485
2026-10-02 15:44:11,HUY_MON,250223,GEFC220105
2026-10-02 15:44:11,DON_LEN_CHINH_THUC,250447,GEFC220105
2026-10-02 15:44:11,VAO_HANG_CHO,250651,FOIT331380
2026-10-02 15:44:11,DANG_KY,250962,INIT130185
2026-10-02 15:44:11,VAO_HANG_CHO,250405,MATH143001
2026-10-02 15:44:11,VAO_HANG_CHO,250852,LLCT120205
2026-10-02 15:44:11,VAO_HANG_CHO,250911,MATH143001
2026-10-02 15:44:11,VAO_HANG_CHO,250540,LESK120190
2026-10-02 15:44:11,VAO_HANG_CHO,250543,ECOM430984
2026-10-02 15:44:11,VAO_HANG_CHO,250318,LLCT120205
2026-10-02 15:44:11,VAO_HANG_CHO,250793,NEES330380
2026-10-02 15:44:11,VAO_HANG_CHO,250912,WOPS120390
2026-10-02 15:44:11,VAO_HANG_CHO,250605,PHYS111202
2026-10-02 15:44:11,VAO_HANG_CHO,250212,WIPR230579
2026-10-02 15:44:11,VAO_HANG_CHO,250182,PHYS130902
2026-10-02 15:44:11,VAO_HANG_CHO,250473,DASA230179
2026-10-02 15:44:11,DANG_KY,250768,INIT130185
2026-10-02 15:44:11,VAO_HANG_CHO,250663,CLCO332779
2026-10-02 15:44:11,HUY_MON,250645,INMA220305
2026-10-02 15:44:11,DON_LEN_CHINH_THUC,250535,INMA220305
2026-10-02 15:44:11,HUY_MON,250316,WEPR330479
2026-10-02 15:44:11,DON_LEN_CHINH_THUC,250898,WEPR330479
2026-10-02 15:44:11,VAO_HANG_CHO,250192,MALE431984
2026-10-02 15:44:11,VAO_HANG_CHO,250515,ENPS220591
2026-10-02 15:44:11,VAO_HANG_CHO,250850,DIPR430685
2026-10-02 15:44:11,DANG_KY,250173,DBSY240184
2026-10-02 15:44:11,HUY_MON,250339,NEES330380
2026-10-02 15:44:11,DON_LEN_CHINH_THUC,250691,NEES330380
2026-10-02 15:44:11,VAO_HANG_CHO,250302,LESK120190
2026-10-02 15:44:11,VAO_HANG_CHO,250841,NEES330380
2026-10-02 15:44:11,VAO_HANG_CHO,250595,INMA220305
2026-10-02 15:44:11,VAO_HANG_CHO,250762,LLCT220514
2026-10-02 15:44:11,VAO_HANG_CHO,250125,ECOM430984
2026-10-02 15:44:11,HUY_MON,250035,INMA220305
2026-10-02 15:44:11,DON_LEN_CHINH_THUC,250085,INMA220305
2026-10-02 15:44:11,HUY_MON,250275,INOT231780
2026-10-02 15:44:11,DON_LEN_CHINH_THUC,250643,INOT231780
2026-10-02 15:44:11,VAO_HANG_CHO,250079,LLCT120405
2026-10-02 15:44:11,HUY_MON,250805,CLCO332779
2026-10-02 15:44:11,DON_LEN_CHINH_THUC,250219,CLCO332779
2026-10-02 15:44:11,VAO_HANG_CHO,250505,FOIT331380
2026-10-02 15:44:11,VAO_HANG_CHO,250328,WOPS120390
2026-10-02 15:44:11,VAO_HANG_CHO,250850,WIPR230579
2026-10-02 15:44:11,VAO_HANG_CHO,250365,PRTE230385
2026-10-02 15:44:11,VAO_HANG_CHO,250012,INSO321005
2026-10-02 15:44:11,HUY_MON,250287,LLCT120314
2026-10-02 15:44:11,DON_LEN_CHINH_THUC,250601,LLCT120314
2026-10-02 15:44:11,HUY_MON,250182,ESYS431080
2026-10-02 15:44:11,DON_LEN_CHINH_THUC,250222,ESYS431080
2026-10-02 15:44:11,VAO_HANG_CHO,250157,PRTE230385
2026-10-02 15:44:11,VAO_HANG_CHO,250604,IVNC320905
2026-10-02 15:44:11,VAO_HANG_CHO,250743,MATH143001
2026-10-02 15:44:11,VAO_HANG_CHO,250062,WIPR230579
2026-10-02 15:44:11,HUY_MON,250492,WIPR230579
2026-10-02 15:44:11,DON_LEN_CHINH_THUC,250032,WIPR230579
2026-10-02 15:44:11,VAO_HANG_CHO,250942,WOPS120390
2026-10-02 15:44:11,HUY_MON,250396,SPPR330885
2026-10-02 15:44:11,DON_LEN_CHINH_THUC,250866,SPPR330885
2026-10-02 15:44:11,HUY_MON,250159,INPR140285
2026-10-02 15:44:11,VAO_HANG_CHO,250707,EEEN234162
2026-10-02 15:44:11,VAO_HANG_CHO,250730,SPPR330885
2026-10-02 15:44:11,VAO_HANG_CHO,250213,OPSY330280
2026-10-02 15:44:11,VAO_HANG_CHO,250813,INOT231780
2026-10-02 15:44:11,VAO_HANG_CHO,250044,WOPS120390
2026-10-02 15:44:11,DANG_KY,250198,LLCT130105
2026-10-02 15:44:11,VAO_HANG_CHO,250903,OPSY330280
2026-10-02 15:44:11,VAO_HANG_CHO,250598,ARIN330585
2026-10-02 15:44:11,VAO_HANG_CHO,250673,OPSY330280
2026-10-02 15:44:11,HUY_MON,250839,ECOM430984
2026-10-02 15:44:11,DON_LEN_CHINH_THUC,250095,ECOM430984
2026-10-02 15:44:11,VAO_HANG_CHO,250243,IQMA220205
2026-10-02 15:44:11,VAO_HANG_CHO,250626,LESK120190
2026-10-02 15:44:11,VAO_HANG_CHO,250165,PHYS111202
2026-10-02 15:44:11,VAO_HANG_CHO,250308,IPPA233277
2026-10-02 15:44:11,HUY_MON,250962,ENCS330537
2026-10-02 15:44:11,VAO_HANG_CHO,250614,IPPA233277
2026-10-02 15:44:11,VAO_HANG_CHO,250441,EEEN234162
2026-10-02 15:44:11,VAO_HANG_CHO,250744,INSE330380
2026-10-02 15:44:11,VAO_HANG_CHO,250235,LLCT120314
2026-10-02 15:44:11,HUY_MON,250001,CLCO332779
2026-10-02 15:44:11,DON_LEN_CHINH_THUC,250315,CLCO332779
2026-10-02 15:44:11,VAO_HANG_CHO,250237,ENPS220591
2026-10-02 15:44:11,HUY_MON,250977,MATH132501
2026-10-02 15:44:11,DON_LEN_CHINH_THUC,250527,MATH132501
2026-10-02 15:44:11,HUY_MON,250384,LLCT220514
2026-10-02 15:44:11,DON_LEN_CHINH_THUC,250376,LLCT220514
2026-10-02 15:44:11,VAO_HANG_CHO,250124,SPPR330885
2026-10-02 15:44:11,VAO_HANG_CHO,250935,MATH143001
2026-10-02 15:44:11,HUY_MON,250917,EEEN234162
2026-10-02 15:44:11,DON_LEN_CHINH_THUC,250097,EEEN234162
2026-10-02 15:44:11,VAO_HANG_CHO,250976,MALE431984
2026-10-02 15:44:11,VAO_HANG_CHO,250275,ENPS220591
2026-10-02 15:44:11,VAO_HANG_CHO,250978,MATH132901
2026-10-02 15:44:11,VAO_HANG_CHO,250717,ENPS220591
2026-10-02 15:44:11,HUY_MON,250665,GELA236939
2026-10-02 15:44:11,DON_LEN_CHINH_THUC,250835,GELA236939
2026-10-02 15:44:11,DANG_KY,250005,INPR140285
2026-10-02 15:44:11,VAO_HANG_CHO,250084,MATH132901
2026-10-02 15:44:11,VAO_HANG_CHO,250383,MOPR331279
2026-10-02 15:44:11,VAO_HANG_CHO,250862,WEPR330479
2026-10-02 15:44:11,VAO_HANG_CHO,250689,EEEN234162
2026-10-02 15:44:11,HUY_MON,250367,DASA230179
2026-10-02 15:44:11,DON_LEN_CHINH_THUC,250163,DASA230179
2026-10-02 15:44:11,VAO_HANG_CHO,250011,INOT231780
2026-10-02 15:44:11,VAO_HANG_CHO,250554,LESK120190
2026-10-02 15:44:11,VAO_HANG_CHO,250467,INOT231780
2026-10-02 15:44:11,VAO_HANG_CHO,250882,INLO220405
2026-10-02 15:44:11,VAO_HANG_CHO,250677,INOT231780
2026-10-02 15:44:11,HUY_MON,250962,INIT130185
2026-10-02 15:44:11,VAO_HANG_CHO,250921,LLCT120314
2026-10-02 15:44:11,HUY_MON,250365,FOIT331380
2026-10-02 15:44:11,DON_LEN_CHINH_THUC,250417,FOIT331380
2026-10-02 15:44:11,HUY_MON,250804,SPPR330885
2026-10-02 15:44:11,DON_LEN_CHINH_THUC,250898,SPPR330885
2026-10-02 15:44:11,VAO_HANG_CHO,250152,CAAL230180
2026-10-02 15:44:11,VAO_HANG_CHO,250949,INOT231780
2026-10-02 15:44:11,DANG_KY,250636,DIGR240485
2026-10-02 15:44:11,VAO_HANG_CHO,250239,INOT231780
2026-10-02 15:44:11,VAO_HANG_CHO,250198,ARIN330585
2026-10-02 15:44:11,VAO_HANG_CHO,250961,LLCT120314
2026-10-02 15:44:11,VAO_HANG_CHO,250936,MATH132901
2026-10-02 15:44:11,VAO_HANG_CHO,250659,DBMS330284
2026-10-02 15:44:11,VAO_HANG_CHO,250482,INSE330380
2026-10-02 15:44:11,VAO_HANG_CHO,250797,ENPS220591
2026-10-02 15:44:11,HUY_MON,250411,NEES330380
2026-10-02 15:44:11,DON_LEN_CHINH_THUC,250849,NEES330380
2026-10-02 15:44:11,HUY_MON,250122,SPPR330885
2026-10-02 15:44:11,DON_LEN_CHINH_THUC,250270,SPPR330885
2026-10-02 15:44:11,VAO_HANG_CHO,250358,IPPA233277
2026-10-02 15:44:11,VAO_HANG_CHO,250313,MOPR331279
2026-10-02 15:44:11,VAO_HANG_CHO,250048,MATH132401
2026-10-02 15:44:11,HUY_MON,250060,DIGR240485
2026-10-02 15:44:11,VAO_HANG_CHO,250006,LLCT120205
2026-10-02 15:44:11,HUY_MON,250468,CAAL230180
2026-10-02 15:44:11,DON_LEN_CHINH_THUC,250694,CAAL230180
2026-10-02 15:44:11,HUY_MON,250919,CLCO332779
2026-10-02 15:44:11,DON_LEN_CHINH_THUC,250873,CLCO332779
2026-10-02 15:44:11,VAO_HANG_CHO,250939,LLCT120314
2026-10-02 15:44:11,VAO_HANG_CHO,250298,WEPR330479
2026-10-02 15:44:11,VAO_HANG_CHO,250021,GELA236939
2026-10-02 15:44:11,HUY_MON,250299,NEES330380
2026-10-02 15:44:11,DON_LEN_CHINH_THUC,250189,NEES330380
2026-10-02 15:44:11,VAO_HANG_CHO,250727,DASA230179
2026-10-02 15:44:11,VAO_HANG_CHO,250881,GELA236939
2026-10-02 15:44:11,VAO_HANG_CHO,250840,DIPR430685
2026-10-02 15:44:11,VAO_HANG_CHO,250331,PRTE230385
2026-10-02 15:44:11,VAO_HANG_CHO,250434,INLO220405
2026-10-02 15:44:11,VAO_HANG_CHO,250834,IPPA233277
2026-10-02 15:44:11,HUY_MON,250147,PRBE214262
2026-10-02 15:44:11,DON_LEN_CHINH_THUC,250873,PRBE214262
2026-10-02 15:44:11,VAO_HANG_CHO,250951,OPSY330280
2026-10-02 15:44:11,VAO_HANG_CHO,250873,ECOM430984
2026-10-02 15:44:11,DANG_KY,250912,ENCS330537
2026-10-02 15:44:11,HUY_MON,250502,OOPR230279
2026-10-02 15:44:11,DON_LEN_CHINH_THUC,250838,OOPR230279
2026-10-02 15:44:11,VAO_HANG_CHO,250522,IPPA233277
2026-10-02 15:44:11,VAO_HANG_CHO,250026,SPPR330885
2026-10-02 15:44:11,VAO_HANG_CHO,250013,ECOM430984
2026-10-02 15:44:11,VAO_HANG_CHO,250988,PHYS130902
2026-10-02 15:44:11,VAO_HANG_CHO,250431,LLCT120314
2026-10-02 15:44:11,VAO_HANG_CHO,250078,CAAL230180
2026-10-02 15:44:11,HUY_MON,250700,INSO321005
2026-10-02 15:44:11,DON_LEN_CHINH_THUC,250328,INSO321005
2026-10-02 15:44:11,HUY_MON,250936,ENCS330537
2026-10-02 15:44:11,VAO_HANG_CHO,250940,SPPR330885
2026-10-02 15:44:11,VAO_HANG_CHO,250839,INOT231780
2026-10-02 15:44:11,VAO_HANG_CHO,250078,MATH132901
2026-10-02 15:44:11,VAO_HANG_CHO,250273,MATH132501
2026-10-02 15:44:11,VAO_HANG_CHO,250192,INSO321005
2026-10-02 15:44:11,VAO_HANG_CHO,250843,ENPS220591
2026-10-02 15:44:11,VAO_HANG_CHO,250786,LLCT220514
2026-10-02 15:44:11,HUY_MON,251000,ESYS431080
2026-10-02 15:44:11,DON_LEN_CHINH_THUC,250978,ESYS431080
2026-10-02 15:44:11,VAO_HANG_CHO,250908,DIPR430685
2026-10-02 15:44:11,VAO_HANG_CHO,250438,DIPR430685
2026-10-02 15:44:11,VAO_HANG_CHO,250629,PRTE230385
2026-10-02 15:44:11,HUY_MON,250451,MATH143001
2026-10-02 15:44:11,DON_LEN_CHINH_THUC,250641,MATH143001
2026-10-02 15:44:11,DANG_KY,250535,INPR140285
2026-10-02 15:44:11,HUY_MON,250245,ECOM430984
2026-10-02 15:44:11,DON_LEN_CHINH_THUC,250485,ECOM430984
2026-10-02 15:44:11,VAO_HANG_CHO,251000,LESK120190
2026-10-02 15:44:11,VAO_HANG_CHO,250123,MATH143001
2026-10-02 15:44:11,VAO_HANG_CHO,250394,MATH132901
2026-10-02 15:44:11,VAO_HANG_CHO,250725,CLCO332779
2026-10-02 15:44:11,DANG_KY,250820,DIGR240485
2026-10-02 15:44:11,VAO_HANG_CHO,250239,DBMS330284
2026-10-02 15:44:11,VAO_HANG_CHO,250486,MALE431984
2026-10-02 15:44:11,VAO_HANG_CHO,250489,GELA236939
2026-10-02 15:44:11,VAO_HANG_CHO,250512,DIGR240485
2026-10-02 15:44:11,HUY_MON,250169,MOPR331279
2026-10-02 15:44:11,DON_LEN_CHINH_THUC,250373,MOPR331279
2026-10-02 15:44:11,VAO_HANG_CHO,250445,OPSY330280
2026-10-02 15:44:11,VAO_HANG_CHO,250372,DIPR430685
2026-10-02 15:44:11,HUY_MON,250138,WEPR330479
2026-10-02 15:44:11,DON_LEN_CHINH_THUC,250608,WEPR330479
2026-10-02 15:44:11,VAO_HANG_CHO,250454,WOPS120390
2026-10-02 15:44:11,VAO_HANG_CHO,250183,LLCT120405
2026-10-02 15:44:11,VAO_HANG_CHO,250996,WEPR330479
2026-10-02 15:44:11,VAO_HANG_CHO,250177,MATH132501
2026-10-02 15:44:11,VAO_HANG_CHO,250609,OPSY330280
2026-10-02 15:44:11,VAO_HANG_CHO,250960,MATH132401
2026-10-02 15:44:11,DANG_KY,250259,INPR140285
2026-10-02 15:44:11,VAO_HANG_CHO,250778,CAAL230180
2026-10-02 15:44:11,VAO_HANG_CHO,250492,CAAL230180
2026-10-02 15:44:11,HUY_MON,250738,OOPR230279
2026-10-02 15:44:11,DON_LEN_CHINH_THUC,250034,OOPR230279
2026-10-02 15:44:11,VAO_HANG_CHO,250193,ENPS220591
2026-10-02 15:44:11,VAO_HANG_CHO,250497,GEFC220105
2026-10-02 15:44:11,HUY_MON,250556,IPPA233277
2026-10-02 15:44:11,DON_LEN_CHINH_THUC,250022,IPPA233277
2026-10-02 15:44:11,VAO_HANG_CHO,250288,MATH132401
2026-10-02 15:44:11,VAO_HANG_CHO,250427,ENPS220591
2026-10-02 15:44:11,HUY_MON,250521,EEEN234162
2026-10-02 15:44:11,DON_LEN_CHINH_THUC,250101,EEEN234162
2026-10-02 15:44:11,HUY_MON,250272,INSE330380
2026-10-02 15:44:11,DON_LEN_CHINH_THUC,250248,INSE330380
2026-10-02 15:44:11,VAO_HANG_CHO,250332,WIPR230579
2026-10-02 15:44:11,VAO_HANG_CHO,250277,GEFC220105
2026-10-02 15:44:11,VAO_HANG_CHO,250316,CAAL230180
2026-10-02 15:44:11,HUY_MON,250813,LLCT120314
2026-10-02 15:44:11,DON_LEN_CHINH_THUC,250973,LLCT120314
2026-10-02 15:44:11,VAO_HANG_CHO,250776,CAAL230180
2026-10-02 15:44:11,HUY_MON,250410,DIGR240485
2026-10-02 15:44:11,DON_LEN_CHINH_THUC,250512,DIGR240485
2026-10-02 15:44:11,VAO_HANG_CHO,250566,PHYS130902
2026-10-02 15:44:11,VAO_HANG_CHO,250905,GELA236939
2026-10-02 15:44:11,HUY_MON,250375,INPR140285
2026-10-02 15:44:11,VAO_HANG_CHO,250345,FOIT331380
2026-10-02 15:44:11,VAO_HANG_CHO,250208,WOPS120390
2026-10-02 15:44:11,VAO_HANG_CHO,250321,DBMS330284
2026-10-02 15:44:11,VAO_HANG_CHO,250481,INOT231780
2026-10-02 15:44:11,VAO_HANG_CHO,250786,WOPS120390
2026-10-02 15:44:11,VAO_HANG_CHO,250789,DASA230179
2026-10-02 15:44:11,HUY_MON,250634,PHYS130902
2026-10-02 15:44:11,DON_LEN_CHINH_THUC,250926,PHYS130902
2026-10-02 15:44:11,VAO_HANG_CHO,250156,INSO321005
2026-10-02 15:44:11,VAO_HANG_CHO,250886,INSE330380
2026-10-02 15:44:11,VAO_HANG_CHO,250143,MATH143001
2026-10-02 15:44:11,DANG_KY,250030,ENCS330537
2026-10-02 15:44:11,HUY_MON,250060,LESK120190
2026-10-02 15:44:11,DON_LEN_CHINH_THUC,250796,LESK120190
2026-10-02 15:44:11,VAO_HANG_CHO,250782,OOPR230279
2026-10-02 15:44:11,HUY_MON,250810,LESK120190
2026-10-02 15:44:11,DON_LEN_CHINH_THUC,250546,LESK120190
2026-10-02 15:44:11,HUY_MON,250509,DASA230179
2026-10-02 15:44:11,DON_LEN_CHINH_THUC,250027,DASA230179
2026-10-02 15:44:11,VAO_HANG_CHO,250639,SOEN330679
2026-10-02 15:44:11,VAO_HANG_CHO,250617,PRTE230385
2026-10-02 15:44:11,VAO_HANG_CHO,250640,INSO321005
2026-10-02 15:44:11,HUY_MON,250230,INSE330380
2026-10-02 15:44:11,DON_LEN_CHINH_THUC,250776,INSE330380
2026-10-02 15:44:11,VAO_HANG_CHO,250218,OOPR230279
2026-10-02 15:44:11,VAO_HANG_CHO,250749,CLCO332779
2026-10-02 15:44:11,DANG_KY,250095,DBSY240184
2026-10-02 15:44:11,HUY_MON,250405,FOIT331380
2026-10-02 15:44:11,DON_LEN_CHINH_THUC,250715,FOIT331380
2026-10-02 15:44:11,VAO_HANG_CHO,250154,INSE330380
2026-10-02 15:44:11,VAO_HANG_CHO,250341,LLCT120405
2026-10-02 15:44:11,VAO_HANG_CHO,250239,ENPS220591
2026-10-02 15:44:11,VAO_HANG_CHO,250390,DIPR430685
2026-10-02 15:44:11,VAO_HANG_CHO,250601,PRBE214262
2026-10-02 15:44:11,VAO_HANG_CHO,250460,LLCT220514
2026-10-02 15:44:11,VAO_HANG_CHO,250967,EEEN234162
2026-10-02 15:44:11,VAO_HANG_CHO,250369,SOEN330679
2026-10-02 15:44:11,VAO_HANG_CHO,250368,MATH132901
2026-10-02 15:44:11,VAO_HANG_CHO,250177,IQMA220205
2026-10-02 15:44:11,VAO_HANG_CHO,250704,MALE431984
2026-10-02 15:44:11,DANG_KY,250795,DBSY240184
2026-10-02 15:44:11,VAO_HANG_CHO,250778,INSO321005
2026-10-02 15:44:11,VAO_HANG_CHO,250645,OPSY330280
2026-10-02 15:44:11,HUY_MON,250515,MATH132501
2026-10-02 15:44:11,DON_LEN_CHINH_THUC,250753,MATH132501
2026-10-02 15:44:11,VAO_HANG_CHO,250055,MOPR331279
2026-10-02 15:44:11,HUY_MON,250628,INIT130185
2026-10-02 15:44:11,VAO_HANG_CHO,250792,ARIN330585
2026-10-02 15:44:11,VAO_HANG_CHO,250395,EEEN234162
2026-10-02 15:44:11,VAO_HANG_CHO,250733,GEFC220105
2026-10-02 15:44:11,HUY_MON,250779,MATH132501
2026-10-02 15:44:11,DON_LEN_CHINH_THUC,250781,MATH132501
