GETSV,2501119
GETHP,DIGR240485
GETHP,ARIN330585
GETSV,2505673
GETHP,MATH132901
GETSV,2501877
GETSV,2505187
GETSV,2504145
GETHP,MATH132401
GETSV,2501805
GETSV,2502251
GETSV,2507673
GETSV,2501175
GETSV,2507413
GETSV,2500707
GETHP,SPPR330885
GETSV,2504127
GETHP,MATH132401
GETHP,OOPR230279
GETHP,IPPA233277
GETSV,2502695
GETHP,MATH132401
GETSV,2502675
GETSV,2504289
GETHP,MALE431984
GETSV,2504333
GETHP,LLCT220514
GETHP,INIT130185
GETHP,LLCT220514
GETHP,LLCT130105
GETSV,2502947
GETHP,MATH132901
GETHP,LLCT130105
GETSV,2501277
GETSV,2509275
GETSV,2503929
GETSV,2504199
GETHP,DIGR240485
GETSV,2501299
GETHP,MALE431984
GETSV,2500255
GETHP,MATH132401
GETSV,2509675
GETSV,2504793
GETSV,2506135
GETSV,2507893
GETSV,2504499
GETHP,DIGR240485
GETHP,IVNC320905
GETHP,ARIN330585
GETSV,2501787
GETHP,OOPR230279
GETSV,2506023
GETSV,2502885
GETHP,MATH132901
GETHP,WEPR330479
GETHP,ESYS431080
GETSV,2504061
GETSV,2500059
GETHP,IPPA233277
GETSV,2509063
GETSV,2501797
GETHP,LLCT130105
GETHP,DIGR240485
GETSV,2509711
GETHP,IPPA233277
GETSV,2500027
GETSV,2504313
GETHP,LESK120190
GETHP,IPPA233277
GETHP,MALE431984
GETHP,INIT130185
GETHP,ARIN330585
GETHP,WIPR230579
GETHP,ARIN330585
GETSV,2503065
GETSV,2501047
GETHP,INSE330380
GETHP,LLCT220514
GETHP,ENCS330537
GETHP,ENCS330537
GETHP,SPPR330885
GETSV,2507195
GETSV,2502889
GETSV,2509735
GETHP,LESK120190
GETHP,LLCT120205
GETHP,LLCT120205
GETHP,WIPR230579
GETSV,2505069
GETSV,2504571
GETHP,WOPS120390
GETSV,2501911
GETHP,ARIN330585
GETHP,MALE431984
GETSV,2503857
GETSV,2503887
GETSV,2503549
GETHP,ENCS330537
GETHP,SPPR330885
GETSV,2503031
GETSV,2504501
GETSV,2509939
GETHP,MALE431984
GETHP,LESK120190
GETSV,2501629
GETSV,2500987
GETHP,WOPS120390
GETHP,LLCT120205
GETHP,LLCT220514
GETHP,INIT130185
GETSV,2507105
GETSV,2500847
GETHP,OOPR230279
GETSV,2503131
GETSV,2503065
GETHP,ESYS431080
GETSV,2507925
GETHP,ARIN330585
GETHP,WIPR230579
GETSV,2503311
GETHP,SPPR330885
GETSV,2508139
GETHP,LLCT220514
GETHP,IPPA233277
GETSV,2502325
GETSV,2501395
GETHP,OOPR230279
GETHP,INSO321005
GETHP,SPPR330885
GETHP,MATH132401
GETSV,2504937
GETSV,2502855
GETSV,2503205
GETSV,2501699
GETSV,2509585
GETSV,2502319
GETHP,MATH132401
GETSV,2500475
GETHP,INIT130185
GETHP,DIGR240485
GETHP,IPPA233277
GETSV,2504403
GETHP,INLO220405
GETSV,2504991
GETSV,2500973
GETSV,2500555
GETHP,ESYS431080
GETSV,2503991
GETHP,OOPR230279
GETSV,2506403
GETSV,2508401
GETHP,ARIN330585
GETHP,MATH132401
GETHP,INSE330380
GETSV,2508153
GETSV,2508215
GETSV,2505445
GETSV,2509795
GETSV,2506049
GETHP,LLCT130105
GETHP,INIT130185
GETSV,2506363
GETSV,2507353
GETHP,INSO321005
GETHP,WOPS120390
GETHP,SPPR330885
GETSV,2502881
GETHP,MATH132401
GETSV,2507293
GETHP,INSO321005
GETHP,LLCT120205
GETHP,ENCS330537
GETHP,LLCT130105
GETSV,2509571
GETHP,WEPR330479
GETHP,WEPR330479
GETHP,ESYS431080
GETHP,ESYS431080
GETHP,DIPR430685
GETHP,OOPR230279
GETHP,LLCT220514
GETSV,2503331
GETHP,INLO220405
GETHP,LLCT120205
GETSV,2500701
GETSV,2505467
GETHP,INSO321005
GETHP,INLO220405
GETHP,WEPR330479
GETSV,2502323
GETSV,2503857
GETHP,OOPR230279
GETHP,ESYS431080
GETHP,SPPR330885
GETHP,DIPR430685
GETSV,2504791
GETSV,2500293
GETSV,2502739
GETHP,INSE330380
GETSV,2508335
GETSV,2504093
GETSV,2502027
GETHP,INIT130185
GETHP,CAAL230180
GETHP,MATH132401
GETHP,INSE330380
GETHP,WIPR230579
GETSV,2500207
GETSV,2507997
GETHP,LESK120190
GETSV,2509849
GETHP,SPPR330885
GETSV,2506101
GETHP,IVNC320905
GETHP,INLO220405
GETHP,INSE330380
GETHP,CAAL230180
GETSV,2503003
GETSV,2500377
GETSV,2507607
GETHP,MALE431984
GETHP,WIPR230579
GETSV,2508817
GETHP,OOPR230279
GETHP,WOPS120390
GETHP,MATH132401
GETSV,2507337
GETSV,2504775
GETSV,2507685
GETHP,LLCT220514
GETHP,ENCS330537
GETHP,ENCS330537
GETSV,2505613
GETSV,2506043
GETHP,DIPR430685
GETHP,OOPR230279
GETHP,IPPA233277
GETSV,2507699
GETHP,SPPR330885
GETSV,2507311
GETHP,MALE431984
GETSV,2507083
GETHP,DIGR240485
GETHP,INSO321005
GETHP,IVNC320905
GETSV,2509795
GETHP,MATH132901
GETHP,ENCS330537
GETHP,CAAL230180
GETHP,DIPR430685
GETSV,2501689
GETSV,2502743
GETSV,2505685
GETHP,OOPR230279
GETSV,2507921
GETSV,2505535
GETHP,CAAL230180
GETSV,2507131
GETSV,2500729
GETHP,INSO321005
GETHP,CAAL230180
GETSV,2501539
GETSV,2508737
GETHP,SPPR330885
GETHP,WOPS120390
GETSV,2504443
GETSV,2506313
GETHP,INIT130185
GETHP,INSE330380
GETSV,2505331
GETHP,SPPR330885
GETHP,LLCT220514
GETHP,OOPR230279
GETSV,2500315
GETSV,2500089
GETHP,SPPR330885
GETHP,MATH132401
GETSV,2500387
GETHP,WEPR330479
GETHP,DIGR240485
GETSV,2508013
GETHP,LLCT130105
GETHP,LLCT120205
GETSV,2505223
GETSV,2504101
GETSV,2504451
GETSV,2507281
GETSV,2508383
GETSV,2504509
GETHP,WIPR230579
GETHP,ESYS431080
GETHP,LLCT130105
GETHP,LLCT120205
GETHP,WOPS120390
GETSV,2506625
GETSV,2507535
GETHP,SPPR330885
GETSV,2503643
GETSV,2502361
GETHP,MATH132901
GETHP,INLO220405
GETSV,2503027
GETHP,WEPR330479
GETSV,2502511
GETSV,2508525
GETHP,WEPR330479
GETHP,IPPA233277
GETSV,2507527
GETHP,INIT130185
GETSV,2504451
GETHP,ESYS431080
GETSV,2507727
GETHP,IPPA233277
GETHP,IPPA233277
GETSV,2505641
GETHP,CAAL230180
GETSV,2503285
GETHP,WIPR230579
GETHP,MALE431984
GETSV,2509391
GETHP,WEPR330479
GETHP,LESK120190
GETHP,INSE330380
GETSV,2502551
GETSV,2506533
GETSV,2505027
GETHP,INLO220405
GETSV,2504575
GETSV,2506189
GETHP,IPPA233277
GETSV,2509209
GETHP,LLCT130105
GETSV,2508773
GETHP,LESK120190
GETHP,INSO321005
GETSV,2506639
GETHP,OOPR230279
GETSV,2500571
GETHP,MATH132401
GETSV,2508583
GETHP,LLCT120205
GETHP,CAAL230180
GETSV,2508929
GETSV,2503487
GETHP,ARIN330585
GETHP,MALE431984
GETSV,2505017
GETSV,2505255
GETHP,LESK120190
GETHP,INLO220405
GETHP,MATH132401
GETHP,DIPR430685
GETHP,INLO220405
GETHP,MALE431984
GETSV,2503977
GETSV,2507831
GETHP,LESK120190
GETSV,2507459
GETSV,2505617
GETSV,2502879
GETHP,INLO220405
GETSV,2502059
GETSV,2500697
GETSV,2505351
GETHP,DIPR430685
GETHP,WOPS120390
GETHP,SPPR330885
GETHP,LESK120190
GETSV,2508957
GETHP,WOPS120390
GETHP,LLCT130105
GETSV,2503623
GETSV,2507861
GETHP,IPPA233277
GETHP,INSO321005
GETSV,2504991
GETSV,2509517
GETSV,2503163
GETHP,INSO321005
GETSV,2507943
GETSV,2504677
GETSV,2508083
GETHP,MALE431984
GETHP,LESK120190
GETHP,INSO321005
GETHP,DIPR430685
GETHP,MATH132401
GETHP,IVNC320905
GETSV,2500453
GETHP,OOPR230279
GETHP,DIGR240485
GETSV,2500479
GETHP,CAAL230180
GETSV,2503227
GETHP,DIPR430685
GETHP,ARIN330585
GETSV,2503909
GETHP,INLO220405
GETHP,MALE431984
GETSV,2500831
GETSV,2501453
GETHP,OOPR230279
GETHP,PHYS130902
GETSV,2509287
GETHP,DIPR430685
GETHP,ESYS431080
GETSV,2506785
GETSV,2502063
GETSV,2500845
GETHP,LLCT130105
GETHP,PHYS130902
GETHP,WEPR330479
GETSV,2506805
GETSV,2503283
GETSV,2503537
GETHP,OOPR230279
GETSV,2505933
GETSV,2509371
GETSV,2503577
GETHP,SPPR330885
GETHP,SPPR330885
GETSV,2504515
GETSV,2504337
GETSV,2507231
GETSV,2503997
GETSV,2506395
GETSV,2501945
GETHP,INSO321005
GETHP,CAAL230180
GETHP,INSE330380
GETSV,2507889
GETHP,IPPA233277
GETSV,2500541
GETSV,2504747
GETHP,MALE431984
GETSV,2507687
GETHP,ARIN330585
GETSV,2506051
GETHP,IPPA233277
GETHP,DIPR430685
GETHP,IVNC320905
GETHP,INLO220405
GETSV,2504041
GETSV,2506535
GETHP,WEPR330479
GETHP,INSE330380
GETHP,MALE431984
GETSV,2505663
GETHP,ARIN330585
GETSV,2504235
GETHP,LESK120190
GETHP,LESK120190
GETSV,2500517
GETHP,MATH132901
GETSV,2503489
GETHP,PHYS130902
GETHP,ESYS431080
GETHP,SPPR330885
GETSV,2502969
GETHP,DIPR430685
GETHP,OOPR230279
GETSV,2509795
GETHP,DIGR240485
GETSV,2500047
GETHP,INIT130185
GETSV,2509243
GETHP,INSO321005
GETHP,IVNC320905
GETHP,OOPR230279
GETSV,2508131
GETSV,2500033
GETSV,2504159
GETHP,INSO321005
GETHP,IVNC320905
GETSV,2503417
GETSV,2507575
GETSV,2507813
GETSV,2504659
GETSV,2501569
GETSV,2501551
GETSV,2504045
GETHP,WOPS120390
GETSV,2509641
GETSV,2502215
GETHP,SPPR330885
GETSV,2502227
GETHP,LLCT220514
GETHP,INSO321005
GETHP,OOPR230279
GETHP,LLCT220514
GETHP,IVNC320905
GETHP,ENCS330537
GETHP,WOPS120390
GETHP,CAAL230180
GETSV,2506529
GETSV,2509119
GETSV,2506541
GETSV,2508747
GETSV,2501689
GETHP,INLO220405
GETHP,LESK120190
GETHP,LLCT120205
GETSV,2501073
GETHP,SPPR330885
GETSV,2503997
GETHP,LESK120190
GETSV,2501433
GETSV,2507143
GETHP,DIGR240485
GETSV,2500979
GETHP,LESK120190
GETSV,2503759
GETHP,PHYS130902
GETSV,2500779
GETHP,DIGR240485
GETHP,LESK120190
GETSV,2509109
GETSV,2502083
GETSV,2504593
GETHP,PHYS130902
GETHP,MATH132401
GETHP,WEPR330479
GETHP,CAAL230180
GETSV,2500695
GETSV,2505765
GETHP,LLCT120205
GETSV,2508305
GETHP,ESYS431080
GETHP,DIGR240485
GETHP,MATH132401
GETHP,DIGR240485
GETSV,2502375
GETSV,2506037
GETSV,2503651
GETHP,DIPR430685
GETHP,WIPR230579
GETSV,2505533
GETHP,LLCT120205
GETSV,2509193
GETSV,2505543
GETHP,PHYS130902
GETSV,2502659
GETSV,2504833
GETHP,IPPA233277
GETSV,2502701
GETHP,CAAL230180
GETSV,2509113
GETSV,2500519
GETHP,WEPR330479
GETHP,MATH132901
GETHP,WIPR230579
GETHP,CAAL230180
GETSV,2506909
GETHP,ENCS330537
GETHP,MATH132901
GETHP,DIGR240485
GETSV,2500293
GETHP,LLCT130105
GETHP,DIPR430685
GETSV,2509007
GETHP,INIT130185
GETHP,OOPR230279
GETHP,INLO220405
GETSV,2502023
GETHP,WOPS120390
GETHP,LLCT120205
GETSV,2508817
GETSV,2506623
GETSV,2508605
GETHP,IPPA233277
GETSV,2502329
GETHP,INLO220405
GETHP,ARIN330585
GETSV,2502035
GETSV,2507873
GETSV,2501967
GETHP,INSE330380
GETSV,2505035
GETHP,WOPS120390
GETSV,2506791
GETSV,2508613
GETSV,2501843
GETSV,2506401
GETHP,DIPR430685
GETSV,2507437
GETSV,2507563
GETHP,LESK120190
GETSV,2502871
GETSV,2500901
GETHP,IVNC320905
GETHP,OOPR230279
GETHP,SPPR330885
GETSV,2509021
GETSV,2504395
GETHP,DIPR430685
GETHP,INSE330380
GETSV,2509701
GETSV,2503539
GETSV,2505889
GETHP,MATH132901
GETHP,CAAL230180
GETHP,INIT130185
GETSV,2508297
GETSV,2507287
GETHP,DIGR240485
GETSV,2506915
GETHP,SPPR330885
GETSV,2503119
GETHP,INIT130185
GETSV,2504555
GETHP,WEPR330479
GETHP,SPPR330885
GETHP,MATH132401
GETHP,CAAL230180
GETSV,2503713
GETSV,2508143
GETHP,ESYS431080
GETHP,WEPR330479
GETSV,2503289
GETSV,2501799
GETHP,SPPR330885
GETSV,2504051
GETHP,INLO220405
GETSV,2509903
GETSV,2509565
GETSV,2505547
GETSV,2504393
GETSV,2504327
GETSV,2508325
GETHP,WOPS120390
GETSV,2505633
GETSV,2505679
GETHP,ENCS330537
GETHP,INSO321005
GETHP,IPPA233277
GETSV,2509415
GETHP,PHYS130902
GETHP,ARIN330585
GETHP,SPPR330885
GETSV,2507247
GETHP,ENCS330537
GETSV,2509403
GETSV,2508249
GETSV,2502343
GETSV,2501413
GETHP,CAAL230180
GETHP,ENCS330537
GETHP,LLCT220514
GETHP,LLCT130105
GETHP,LESK120190
GETHP,PHYS130902
GETSV,2506967
GETSV,2502021
GETSV,2506131
GETSV,2505857
GETHP,DIGR240485
GETSV,2508237
GETHP,WIPR230579
GETHP,WIPR230579
GETHP,WOPS120390
GETSV,2504757
GETSV,2502019
GETHP,MALE431984
GETSV,2509967
GETHP,DIPR430685
GETSV,2500939
GETHP,CAAL230180
GETSV,2504295
GETHP,IPPA233277
GETSV,2501651
GETHP,WIPR230579
GETHP,WEPR330479
GETHP,INSE330380
GETSV,2506923
GETSV,2503225
GETHP,ESYS431080
GETSV,2508949
GETHP,DIGR240485
GETSV,2505249
GETSV,2509631
GETSV,2502253
GETSV,2504331
GETSV,2507257
GETSV,2507767
GETSV,2500629
GETHP,WEPR330479
GETHP,ARIN330585
GETHP,PHYS130902
GETSV,2501357
GETHP,IVNC320905
GETHP,WEPR330479
GETHP,INSO321005
GETHP,IPPA233277
GETSV,2508867
GETHP,INSE330380
GETHP,WOPS120390
GETSV,2507245
GETHP,INLO220405
GETSV,2506873
GETSV,2506759
GETSV,2500325
GETHP,LLCT120205
GETSV,2508209
GETSV,2508319
GETSV,2500573
GETSV,2506283
GETSV,2502217
GETSV,2506007
GETHP,MALE431984
GETSV,2509107
GETHP,MATH132401
GETHP,INIT130185
GETSV,2502973
GETSV,2506939
GETHP,INLO220405
GETSV,2501767
GETSV,2501509
GETHP,INSO321005
GETHP,INIT130185
GETHP,DIGR240485
GETSV,2507069
GETHP,SPPR330885
GETHP,DIPR430685
GETSV,2507047
GETHP,WIPR230579
GETHP,LLCT130105
GETHP,LLCT130105
GETHP,MALE431984
GETSV,2505549
GETHP,ENCS330537
GETHP,CAAL230180
GETHP,INSO321005
GETSV,2502389
GETSV,2503795
GETHP,PHYS130902
GETSV,2500415
GETHP,WOPS120390
GETSV,2507531
GETHP,IVNC320905
GETSV,2502199
GETSV,2507429
GETSV,2508323
GETSV,2504817
GETSV,2507503
GETHP,ARIN330585
GETHP,SPPR330885
GETSV,2506969
GETSV,2501063
GETSV,2503269
GETHP,IPPA233277
GETSV,2500049
GETHP,OOPR230279
GETHP,ESYS431080
GETHP,LLCT220514
GETHP,LLCT220514
GETSV,2508407
GETSV,2506821
GETHP,INSE330380
GETSV,2507905
GETSV,2500895
GETSV,2506045
GETHP,CAAL230180
GETHP,INIT130185
GETSV,2501127
GETHP,DIGR240485
GETSV,2504067
GETSV,2505073
GETHP,DIPR430685
GETSV,2508413
GETHP,WOPS120390
GETSV,2503833
GETSV,2505623
GETSV,2507381
GETSV,2506819
GETHP,LESK120190
GETSV,2506287
GETSV,2507357
GETHP,SPPR330885
GETSV,2500009
GETSV,2504167
GETHP,ESYS431080
GETHP,DIGR240485
GETSV,2502417
GETSV,2508911
GETHP,WOPS120390
GETSV,2504075
GETSV,2500009
GETSV,2507623
GETHP,OOPR230279
GETHP,DIGR240485
GETSV,2503393
GETSV,2507311
GETSV,2509597
GETHP,LLCT120205
GETHP,MALE431984
GETSV,2508167
GETSV,2506533
GETSV,2500275
GETHP,PHYS130902
GETSV,2502399
GETHP,IVNC320905
GETHP,WOPS120390
GETSV,2505929
GETHP,SPPR330885
GETSV,2501989
GETSV,2505123
GETHP,ENCS330537
GETHP,PHYS130902
GETSV,2506397
GETHP,LLCT120205
GETSV,2505721
GETHP,CAAL230180
GETSV,2502853
GETHP,IPPA233277
GETSV,2505121
GETSV,2503391
GETSV,2502893
GETHP,DIPR430685
GETSV,2502521
GETHP,LESK120190
GETSV,2501141
GETSV,2509171
GETHP,IVNC320905
GETSV,2509087
GETHP,DIPR430685
GETHP,INIT130185
GETSV,2504041
GETSV,2500359
GETSV,2501237
GETSV,2504755
GETSV,2509265
GETSV,2503791
GETSV,2505261
GETHP,SPPR330885
GETHP,MALE431984
GETSV,2502679
GETSV,2501669
GETSV,2505587
GETHP,ESYS431080
GETSV,2500943
GETSV,2508429
GETSV,2505243
GETSV,2508825
GETSV,2509303
GETHP,MATH132901
GETSV,2506931
GETHP,WIPR230579
GETSV,2507567
GETSV,2504877
GETSV,2505019
GETHP,IPPA233277
GETSV,2508951
GETHP,LESK120190
GETSV,2501939
GETSV,2502737
GETSV,2506991
GETSV,2501149
GETHP,WIPR230579
GETHP,MATH132901
GETHP,INSO321005
GETSV,2500997
GETHP,DIGR240485
GETSV,2507761
GETHP,INSO321005
GETSV,2507517
GETHP,IPPA233277
GETHP,WEPR330479
GETSV,2506887
GETSV,2508661
GETHP,MALE431984
GETHP,OOPR230279
GETHP,IVNC320905
GETSV,2507053
GETSV,2502139
GETHP,LESK120190
GETSV,2508295
GETSV,2505413
GETHP,PHYS130902
GETHP,CAAL230180
GETHP,LLCT130105
GETSV,2507405
GETSV,2508331
GETSV,2507689
GETHP,LESK120190
GETHP,LLCT130105
GETHP,MALE431984
GETHP,INSO321005
GETHP,MATH132901
GETSV,2506349
GETHP,IPPA233277
GETHP,INLO220405
GETSV,2508647
GETSV,2502565
GETSV,2506995
GETSV,2509553
GETHP,LLCT130105
GETHP,IPPA233277
GETSV,2509387
GETHP,INSE330380
GETHP,LLCT130105
GETSV,2506085
GETSV,2505987
GETHP,WEPR330479
GETSV,2506143
GETSV,2500397
GETHP,CAAL230180
GETHP,SPPR330885
GETSV,2501367
GETHP,INIT130185
GETSV,2508627
GETHP,LLCT220514
GETSV,2501599
GETSV,2502269
GETSV,2509387
GETSV,2507993
GETHP,MATH132901
GETSV,2502117
GETSV,2507715
GETSV,2508721
GETSV,2506895
GETHP,LESK120190
GETSV,2503803
GETHP,INSO321005
GETSV,2507175
GETSV,2501813
GETHP,LLCT120205
GETHP,INLO220405
GETHP,LESK120190
GETHP,CAAL230180
GETHP,MATH132901
GETHP,DIPR430685
GETHP,SPPR330885
GETSV,2509829
GETSV,2505155
GETHP,LLCT130105
GETSV,2502415
GETSV,2502061
GETSV,2504315
GETHP,ARIN330585
GETSV,2507911
GETSV,2503333
GETSV,2508691
GETHP,IPPA233277
GETHP,WOPS120390
GETSV,2502141
GETSV,2508267
GETSV,2507305
GETSV,2509047
GETHP,WIPR230579
GETHP,IPPA233277
GETSV,2502289
GETHP,LESK120190
GETSV,2502621
GETHP,DIGR240485
GETHP,IVNC320905
GETSV,2501127
GETSV,2502789
GETSV,2507715
GETHP,LESK120190
GETSV,2508399
GETHP,DIGR240485
GETHP,ESYS431080
GETHP,DIGR240485
GETHP,IPPA233277
GETHP,MATH132401
GETSV,2504947
GETHP,DIGR240485
GETSV,2507903
GETSV,2503821
GETHP,ESYS431080
GETSV,2509881
GETHP,DIPR430685
GETSV,2506357
GETHP,ENCS330537
GETSV,2500577
GETSV,2504319
GETSV,2508813
GETHP,IPPA233277
GETHP,INLO220405
GETHP,PHYS130902
GETHP,ARIN330585
GETSV,2500371
GETHP,MATH132401
GETSV,2506687
GETSV,2500893
GETSV,2502843
GETHP,LLCT120205
GETHP,INLO220405
GETSV,2505013
GETHP,LLCT120205
GETSV,2509281
GETSV,2506719
GETSV,2504189
GETSV,2509163
GETHP,OOPR230279
GETHP,IPPA233277
GETSV,2504229
GETHP,WEPR330479
GETHP,PHYS130902
GETHP,DIGR240485
GETHP,IPPA233277
GETSV,2503883
GETSV,2504585
GETHP,INIT130185
GETSV,2502645
GETSV,2509907
GETHP,LLCT220514
GETHP,MALE431984
GETHP,INSO321005
GETSV,2507051
GETHP,MATH132401
GETSV,2503159
GETSV,2504885
GETHP,INSO321005
GETSV,2506465
GETSV,2504671
GETSV,2501917
GETHP,ENCS330537
GETSV,2505081
GETSV,2508343
GETSV,2505237
GETSV,2507491
GETHP,INLO220405
GETSV,2503391
GETSV,2503693
GETSV,2509835
GETSV,2505529
GETSV,2508647
GETHP,MALE431984
GETHP,ESYS431080
GETSV,2503745
GETHP,MALE431984
GETHP,INLO220405
GETSV,2503211
GETHP,MATH132401
GETSV,2508583
GETSV,2501685
GETHP,WOPS120390
GETHP,ARIN330585
GETSV,2508095
GETSV,2505069
GETHP,DIPR430685
GETSV,2506713
GETSV,2503143
GETHP,WEPR330479
GETSV,2500483
GETHP,MALE431984
GETSV,2502383
GETSV,2500205
GETHP,MATH132401
GETHP,ESYS431080
GETSV,2500391
GETHP,ARIN330585
GETSV,2504595
GETHP,IVNC320905
GETHP,SPPR330885
GETHP,DIGR240485
GETHP,INLO220405
GETSV,2507993
GETSV,2500663
GETSV,2501541
GETHP,ARIN330585
GETSV,2501265
GETSV,2501679
GETSV,2505613
GETHP,WEPR330479
GETSV,2501513
GETSV,2508343
GETSV,2502085
GETSV,2506051
GETHP,MATH132901
GETHP,INIT130185
GETHP,DIGR240485
GETSV,2506139
GETHP,DIGR240485
GETSV,2507287
GETHP,WIPR230579
GETHP,INSO321005
GETHP,INSO321005
GETSV,2505119
GETHP,DIPR430685
GETSV,2506235
GETHP,WOPS120390
GETHP,WOPS120390
GETSV,2501349
GETSV,2506899
GETSV,2508065
GETSV,2508511
GETHP,INIT130185
GETHP,LLCT120205
GETHP,DIGR240485
GETSV,2502919
GETHP,ESYS431080
GETHP,INSO321005
GETHP,WEPR330479
GETHP,DIGR240485
GETHP,DIGR240485
GETHP,LLCT130105
GETSV,2502297
GETHP,MATH132401
GETSV,2503333
GETHP,MALE431984
GETHP,DIPR430685
GETHP,WEPR330479
GETHP,ESYS431080
GETSV,2506091
GETSV,2504809
GETSV,2503175
GETSV,2504229
GETSV,2504979
GETHP,LLCT130105
GETSV,2509999
GETSV,2503853
GETSV,2502219
GETHP,INSE330380
GETSV,2500119
GETSV,2500805
GETHP,INIT130185
GETSV,2507201
GETHP,MATH132401
GETHP,DIGR240485
GETHP,INLO220405
GETSV,2502681
GETSV,2501143
GETSV,2500501
GETSV,2505203
GETHP,MATH132401
GETSV,2508911
GETSV,2508925
GETHP,SPPR330885
GETHP,LESK120190
GETHP,WIPR230579
GETSV,2504037
GETSV,2507699
GETSV,2500305
GETHP,LESK120190
GETHP,IPPA233277
GETSV,2504283
GETHP,LLCT220514
GETSV,2509271
GETSV,2507189
GETSV,2505859
GETHP,MALE431984
GETSV,2505967
GETHP,MATH132401
GETHP,DIGR240485
GETHP,LLCT120205
GETHP,ENCS330537
GETHP,LLCT220514
GETSV,2509219
GETSV,2504753
GETHP,IPPA233277
GETSV,2509885
GETSV,2507547
GETSV,2500729
GETHP,WOPS120390
GETSV,2504469
GETSV,2502467
GETSV,2503537
GETSV,2503647
GETHP,INSO321005
GETSV,2507323
GETHP,PHYS130902
GETHP,ARIN330585
GETHP,ARIN330585
GETHP,DIPR430685
GETHP,OOPR230279
GETHP,PHYS130902
GETHP,LLCT220514
GETSV,2502619
GETHP,INSE330380
GETHP,INSO321005
GETHP,PHYS130902
GETHP,INSE330380
GETSV,2502273
GETSV,2502847
GETHP,DIPR430685
GETSV,2503707
GETHP,PHYS130902
GETHP,WOPS120390
GETHP,INIT130185
GETSV,2505731
GETSV,2505889
GETSV,2509583
GETSV,2505549
GETSV,2508363
GETSV,2500089
GETHP,INSO321005
GETHP,MALE431984
GETSV,2502227
GETSV,2508145
GETSV,2509231
GETHP,MATH132901
GETHP,LLCT220514
GETSV,2501577
GETHP,MALE431984
GETSV,2504533
GETSV,2505427
GETHP,MATH132901
GETHP,LLCT220514
GETSV,2502893
GETHP,ARIN330585
GETHP,PHYS130902
GETSV,2506951
GETHP,INIT130185
GETHP,ARIN330585
GETSV,2509633
GETSV,2509583
GETSV,2502733
GETHP,ENCS330537
GETSV,2502137
GETHP,MALE431984
GETSV,2503285
GETSV,2501379
GETHP,DIPR430685
GETSV,2503199
GETHP,MATH132401
GETHP,CAAL230180
GETSV,2506409
GETHP,PHYS130902
GETSV,2501637
GETHP,MALE431984
GETSV,2504545
GETHP,ESYS431080
GETHP,WIPR230579
GETHP,CAAL230180
GETHP,WIPR230579
GETSV,2501079
GETHP,LLCT130105
GETSV,2502419
GETSV,2509809
GETHP,LLCT220514
GETHP,DIPR430685
GETHP,WOPS120390
GETSV,2505897
GETSV,2508231
GETSV,2505013
GETHP,ENCS330537
GETSV,2502721
GETSV,2503295
GETHP,WEPR330479
GETHP,WOPS120390
GETHP,ESYS431080
GETHP,DIGR240485
GETSV,2504741
GETHP,CAAL230180
GETSV,2504241
GETHP,MATH132401
GETSV,2503069
GETHP,OOPR230279
GETHP,MATH132401
GETSV,2509799
GETSV,2500197
GETHP,INSE330380
GETHP,CAAL230180
GETHP,LLCT220514
GETSV,2509661
GETHP,IVNC320905
GETHP,IVNC320905
GETHP,WIPR230579
GETHP,INLO220405
GETSV,2502515
GETSV,2506145
GETSV,2502751
GETSV,2507277
GETSV,2500043
GETSV,2506521
GETSV,2501815
GETSV,2508949
GETSV,2505011
GETSV,2503105
GETSV,2502927
GETHP,LESK120190
GETSV,2504443
GETSV,2508985
GETHP,MALE431984
GETHP,OOPR230279
GETSV,2507603
GETHP,LESK120190
GETSV,2502095
GETSV,2507565
GETSV,2508891
GETSV,2506105
GETSV,2506935
GETHP,INSE330380
GETHP,MATH132401
GETSV,2507041
GETHP,ARIN330585
GETHP,DIGR240485
GETSV,2507179
GETHP,WEPR330479
GETHP,WIPR230579
GETHP,IPPA233277
GETHP,WIPR230579
GETHP,INLO220405
GETHP,SPPR330885
GETHP,ENCS330537
GETHP,IPPA233277
GETSV,2501833
GETHP,ENCS330537
GETSV,2509829
GETHP,SPPR330885
GETSV,2509585
GETHP,IVNC320905
GETHP,LLCT220514
GETHP,DIPR430685
GETSV,2507657
GETHP,DIGR240485
GETSV,2505621
GETSV,2508323
GETHP,IPPA233277
GETSV,2508879
GETSV,2503389
GETHP,IVNC320905
GETSV,2505305
GETHP,IVNC320905
GETHP,SPPR330885
GETHP,IVNC320905
GETHP,IPPA233277
GETSV,2504143
GETHP,IVNC320905
GETSV,2500811
GETSV,2502793
GETSV,2500823
GETSV,2504341
GETHP,WIPR230579
GETHP,ESYS431080
GETSV,2505823
GETSV,2509837
GETHP,MATH132401
GETHP,DIPR430685
GETSV,2508055
GETSV,2502629
GETSV,2505219
GETHP,OOPR230279
GETHP,LLCT130105
GETSV,2504557
GETHP,WIPR230579
GETSV,2501593
GETSV,2509175
GETSV,2501317
GETHP,LLCT130105
GETHP,PHYS130902
GETSV,2508831
GETHP,WEPR330479
GETSV,2505643
GETHP,INIT130185
GETSV,2501159
GETSV,2505301
GETSV,2506563
GETHP,MALE431984
GETHP,DIGR240485
GETHP,LLCT120205
GETHP,INSE330380
GETSV,2500329
GETHP,IVNC320905
GETSV,2503637
GETHP,ENCS330537
GETHP,MALE431984
GETSV,2508223
GETHP,OOPR230279
GETHP,INIT130185
GETHP,WEPR330479
GETSV,2506759
GETHP,IVNC320905
GETSV,2506307
GETHP,INSE330380
GETSV,2502943
GETSV,2509485
GETHP,LLCT120205
GETSV,2508249
GETSV,2500919
GETHP,WIPR230579
GETSV,2507603
GETHP,DIGR240485
GETHP,WIPR230579
GETHP,MATH132401
GETSV,2500795
GETSV,2503353
GETSV,2509767
GETSV,2509685
GETHP,INIT130185
GETHP,MATH132901
GETSV,2504415
GETHP,INSO321005
GETSV,2502171
GETSV,2505689
GETHP,WOPS120390
GETHP,MATH132901
GETHP,IPPA233277
GETHP,DIPR430685
GETSV,2501279
GETHP,WOPS120390
GETSV,2507051
GETSV,2500489
GETSV,2507159
GETHP,INSE330380
GETHP,ARIN330585
GETHP,IPPA233277
GETHP,MATH132901
GETHP,IPPA233277
GETHP,OOPR230279
GETHP,IVNC320905
GETHP,WOPS120390
GETHP,ENCS330537
GETSV,2506307
GETHP,LLCT120205
GETSV,2500367
GETHP,INSO321005
GETHP,ENCS330537
GETSV,2504377
GETHP,WOPS120390
GETHP,MATH132401
GETHP,LESK120190
GETSV,2507921
GETHP,DIGR240485
GETHP,LLCT220514
GETSV,2501851
GETHP,WEPR330479
GETHP,LLCT130105
GETHP,ARIN330585
GETHP,ARIN330585
GETSV,2500385
GETHP,WEPR330479
GETSV,2507485
GETSV,2501739
GETHP,MATH132901
GETSV,2509543
GETSV,2503877
GETHP,INSE330380
GETSV,2502097
GETSV,2507823
GETHP,ESYS431080
GETSV,2500651
GETHP,LLCT130105
GETHP,MATH132401
GETHP,IPPA233277
GETSV,2505091
GETHP,ENCS330537
GETHP,INSO321005
GETSV,2506557
GETSV,2508603
GETHP,INLO220405
GETHP,PHYS130902
GETSV,2500885
GETHP,INSE330380
GETSV,2500129
GETSV,2506431
GETSV,2506333
GETHP,WIPR230579
GETHP,ENCS330537
GETHP,INLO220405
GETHP,WOPS120390
GETSV,2504755
GETSV,2507665
GETSV,2507839
GETHP,DIGR240485
GETHP,IVNC320905
GETHP,SPPR330885
GETHP,LLCT130105
GETSV,2504805
GETHP,ARIN330585
GETHP,LLCT130105
GETHP,ESYS431080
GETHP,ARIN330585
GETSV,2507915
GETSV,2504569
GETSV,2501351
GETSV,2508165
GETSV,2506291
GETHP,MATH132401
GETSV,2505423
GETSV,2503917
GETSV,2501419
GETSV,2503193
GETSV,2508743
GETSV,2506709
GETHP,MALE431984
GETHP,LLCT120205
GETHP,DIPR430685
GETHP,IPPA233277
GETSV,2504123
GETSV,2508681
GETSV,2505815
GETHP,LLCT120205
GETHP,LESK120190
GETSV,2507809
GETHP,LLCT130105
GETHP,MATH132401
GETHP,INLO220405
GETHP,INIT130185
GETHP,CAAL230180
GETSV,2501525
GETSV,2502115
GETHP,INSE330380
GETSV,2501663
GETHP,ESYS431080
GETSV,2502747
GETHP,INIT130185
GETSV,2505143
GETSV,2508869
GETHP,MATH132401
GETHP,LLCT120205
GETSV,2500703
GETHP,PHYS130902
GETSV,2506027
GETHP,INIT130185
GETSV,2507415
GETHP,ARIN330585
GETSV,2507203
GETHP,MATH132901
GETSV,2508911
GETHP,ENCS330537
GETSV,2502315
GETHP,OOPR230279
GETHP,INSE330380
GETSV,2506853
GETSV,2500451
GETSV,2505073
GETHP,INIT130185
GETHP,LLCT220514
GETSV,2508027
GETSV,2504073
GETSV,2508023
GETHP,DIGR240485
GETHP,DIPR430685
GETHP,CAAL230180
GETSV,2502015
GETHP,WOPS120390
GETHP,ESYS431080
GETHP,OOPR230279
GETHP,PHYS130902
GETHP,WIPR230579
GETHP,LLCT120205
GETHP,INSE330380
GETSV,2507311
GETSV,2500029
GETSV,2507947
GETSV,2505561
GETSV,2504135
GETSV,2500821
GETHP,CAAL230180
GETSV,2505249
GETHP,MATH132401
GETSV,2502333
GETSV,2501355
GETSV,2505241
GETHP,WIPR230579
GETSV,2505173
GETHP,DIPR430685
GETSV,2509185
GETSV,2504671
GETHP,CAAL230180
GETHP,MATH132901
GETSV,2509017
GETSV,2504999
GETSV,2504885
GETHP,DIGR240485
GETSV,2506177
GETSV,2507775
GETSV,2505645
GETHP,MALE431984
GETSV,2502025
GETHP,WEPR330479
GETHP,SPPR330885
GETHP,IVNC320905
GETHP,INSE330380
GETSV,2505087
GETSV,2501421
GETSV,2504523
GETSV,2507865
GETSV,2504631
GETHP,INIT130185
GETHP,WIPR230579
GETHP,LLCT130105
GETHP,DIGR240485
GETHP,PHYS130902
GETHP,LLCT220514
GETSV,2508617
GETSV,2504263
GETSV,2509621
GETSV,2501091
GETSV,2505345
GETHP,MATH132901
GETSV,2508701
GETSV,2500971
GETSV,2504857
GETHP,INIT130185
GETHP,INSO321005
GETHP,ESYS431080
GETSV,2500017
GETSV,2507887
GETHP,WOPS120390
GETHP,OOPR230279
GETSV,2501081
GETHP,INSE330380
GETSV,2503845
GETHP,INIT130185
GETSV,2507889
GETSV,2502047
GETHP,LLCT220514
GETHP,PHYS130902
GETHP,PHYS130902
GETSV,2501047
GETHP,WOPS120390
GETHP,DIPR430685
GETSV,2501041
GETHP,ESYS431080
GETHP,WOPS120390
GETHP,SPPR330885
GETSV,2506569
GETSV,2504327
GETHP,WOPS120390
GETSV,2505363
GETSV,2509633
GETSV,2508111
GETHP,PHYS130902
GETSV,2502283
GETSV,2506329
GETSV,2503351
GETHP,MALE431984
GETSV,2502275
GETSV,2509089
GETHP,PHYS130902
GETHP,SPPR330885
GETHP,INSE330380
GETSV,2502505
GETSV,2500407
GETHP,SPPR330885
GETHP,ENCS330537
GETSV,2503761
GETSV,2505327
GETSV,2502509
GETHP,WEPR330479
GETHP,LESK120190
GETSV,2509111
GETHP,LESK120190
GETSV,2504371
GETSV,2506945
GETHP,INIT130185
GETSV,2503709
GETSV,2502507
GETHP,DIPR430685
GETHP,PHYS130902
GETSV,2504917
GETSV,2506307
GETSV,2507249
GETHP,PHYS130902
GETSV,2507965
GETHP,WIPR230579
GETHP,DIPR430685
GETSV,2507127
GETHP,INIT130185
GETHP,MATH132401
GETHP,DIGR240485
GETHP,OOPR230279
GETHP,MALE431984
GETSV,2504715
GETSV,2502873
GETSV,2505735
GETHP,LESK120190
GETSV,2505555
GETHP,WEPR330479
GETHP,DIPR430685
GETSV,2501197
GETSV,2501099
GETHP,OOPR230279
GETHP,LLCT130105
GETHP,PHYS130902
GETHP,CAAL230180
GETHP,WEPR330479
GETSV,2504351
GETHP,OOPR230279
GETSV,2508411
GETHP,INSO321005
GETHP,LLCT130105
GETHP,INIT130185
GETHP,WEPR330479
GETSV,2504273
GETHP,IVNC320905
GETHP,MATH132901
GETHP,WEPR330479
GETHP,WEPR330479
GETSV,2508023
GETSV,2501925
GETHP,LESK120190
GETSV,2504545
GETHP,CAAL230180
GETHP,DIGR240485
GETSV,2500987
GETSV,2502345
GETSV,2508823
GETHP,IVNC320905
GETHP,ARIN330585
GETHP,SPPR330885
GETSV,2501087
GETHP,SPPR330885
GETSV,2503387
GETSV,2500649
GETSV,2508695
GETSV,2508357
GETSV,2508931
GETSV,2501569
GETHP,MATH132401
GETSV,2500797
GETSV,2500075
GETHP,INSO321005
GETHP,INSO321005
GETHP,IPPA233277
GETHP,MATH132901
GETSV,2502257
GETSV,2500287
GETSV,2503357
GETHP,WOPS120390
GETHP,ENCS330537
GETSV,2504503
GETSV,2507061
GETSV,2502979
GETHP,DIPR430685
GETSV,2508655
GETHP,LLCT130105
GETSV,2502603
GETSV,2500201
GETHP,IVNC320905
GETSV,2504725
GETSV,2508803
GETSV,2501217
GETSV,2508719
GETHP,MATH132901
GETHP,CAAL230180
GETHP,MATH132901
GETSV,2504439
GETSV,2500933
GETSV,2509443
GETHP,WOPS120390
GETSV,2500943
GETHP,ENCS330537
GETSV,2505739
GETHP,INSO321005
GETSV,2502407
GETHP,SPPR330885
GETHP,LESK120190
GETHP,OOPR230279
GETSV,2500319
GETHP,PHYS130902
GETHP,INLO220405
GETSV,2507657
GETHP,IVNC320905
GETHP,PHYS130902
GETHP,INLO220405
GETHP,INIT130185
GETSV,2508143
GETSV,2508957
GETSV,2506891
GETHP,DIPR430685
GETSV,2509431
GETSV,2503749
GETHP,CAAL230180
GETHP,DIGR240485
GETSV,2502031
GETHP,ESYS431080
GETSV,2501259
GETHP,MATH132901
GETHP,PHYS130902
GETHP,INSE330380
GETSV,2501891
GETHP,LESK120190
GETSV,2508639
GETHP,ESYS431080
GETHP,INIT130185
GETSV,2505705
GETHP,INSO321005
GETHP,ENCS330537
GETSV,2507363
GETHP,WIPR230579
GETHP,IPPA233277
GETSV,2509085
GETSV,2501003
GETHP,MATH132901
GETHP,ENCS330537
GETSV,2503189
GETHP,INIT130185
GETHP,PHYS130902
GETSV,2509231
GETHP,PHYS130902
GETHP,SPPR330885
GETSV,2500009
GETHP,INSE330380
GETSV,2505221
GETHP,ENCS330537
GETSV,2506385
GETSV,2502687
GETHP,ARIN330585
GETHP,INLO220405
GETSV,2503897
GETHP,ESYS431080
GETHP,MALE431984
GETSV,2508627
GETSV,2504721
GETHP,WIPR230579
GETHP,INSO321005
GETSV,2509387
GETSV,2506713
GETSV,2506679
GETSV,2502373
GETHP,ESYS431080
GETSV,2508369
GETHP,INIT130185
GETHP,MALE431984
GETHP,CAAL230180
GETHP,MATH132401
GETSV,2501335
GETSV,2501365
GETHP,INSE330380
GETSV,2507217
GETHP,WEPR330479
GETSV,2503181
GETSV,2503803
GETSV,2505049
GETHP,PHYS130902
GETHP,MATH132401
GETSV,2502243
GETHP,INSE330380
GETHP,CAAL230180
GETHP,INIT130185
GETSV,2505211
GETSV,2502025
GETSV,2504535
GETHP,ENCS330537
GETHP,WOPS120390
GETSV,2500945
GETSV,2508399
GETSV,2506221
GETHP,MATH132901
GETSV,2509929
GETSV,2508663
GETSV,2501573
GETSV,2503411
GETSV,2504769
GETHP,INLO220405
GETSV,2509357
GETHP,INLO220405
GETSV,2503401
GETSV,2509511
GETSV,2506229
GETHP,DIPR430685
GETHP,MATH132901
GETSV,2504623
GETSV,2509165
GETHP,IVNC320905
GETHP,DIPR430685
GETHP,MATH132901
GETSV,2506229
GETHP,WOPS120390
GETHP,MATH132401
GETSV,2504511
GETHP,MALE431984
GETHP,WEPR330479
GETSV,2505353
GETSV,2508935
GETSV,2500133
GETHP,IVNC320905
GETSV,2506289
GETHP,LLCT120205
GETHP,INLO220405
GETHP,INLO220405
GETHP,LLCT130105
GETHP,IPPA233277
GETHP,LLCT130105
GETHP,CAAL230180
GETHP,MATH132401
GETHP,INLO220405
GETSV,2505181
GETSV,2501051
GETSV,2507465
GETHP,LLCT220514
GETHP,INSE330380
GETHP,OOPR230279
GETSV,2507377
GETHP,MALE431984
GETHP,WEPR330479
GETSV,2506827
GETSV,2508153
GETSV,2504935
GETSV,2505685
GETHP,INSO321005
GETHP,ARIN330585
GETSV,2507183
GETHP,LLCT220514
GETSV,2500347
GETSV,2504057
GETHP,PHYS130902
GETSV,2507381
GETSV,2509779
GETSV,2502289
GETHP,INLO220405
GETHP,PHYS130902
GETHP,IVNC320905
GETHP,OOPR230279
GETSV,2507463
GETHP,PHYS130902
GETSV,2506339
GETHP,MATH132401
GETSV,2503743
GETSV,2504733
GETHP,MALE431984
GETHP,MATH132901
GETHP,MATH132901
GETSV,2508565
GETSV,2501155
GETHP,LESK120190
GETSV,2508143
GETHP,LLCT120205
GETSV,2503771
GETHP,IVNC320905
GETSV,2504247
GETSV,2500133
GETHP,MATH132401
GETHP,WOPS120390
GETSV,2500207
GETHP,LLCT220514
GETSV,2500139
GETHP,ENCS330537
GETHP,WEPR330479
GETHP,WEPR330479
GETHP,LLCT220514
GETHP,LLCT220514
GETSV,2501199
GETHP,MALE431984
GETSV,2500651
GETSV,2509273
GETHP,WIPR230579
GETSV,2508021
GETSV,2508275
GETSV,2507841
GETHP,INIT130185
GETHP,IVNC320905
GETHP,ENCS330537
GETHP,LLCT220514
GETHP,LLCT120205
GETHP,MATH132901
GETHP,INIT130185
GETHP,MATH132401
GETSV,2501199
GETSV,2500205
GETSV,2508363
GETHP,IVNC320905
GETHP,INSO321005
GETHP,DIPR430685
GETHP,IVNC320905
GETSV,2509425
GETSV,2507071
GETSV,2505277
GETSV,2509067
GETHP,INIT130185
GETHP,PHYS130902
GETHP,INIT130185
GETSV,2505859
GETHP,DIGR240485
GETSV,2501983
GETHP,INIT130185
GETHP,INIT130185
GETHP,ESYS431080
GETSV,2503495
GETHP,PHYS130902
GETHP,OOPR230279
GETHP,SPPR330885
GETSV,2508799
GETHP,LLCT130105
GETSV,2501563
GETSV,2509577
GETSV,2500503
GETSV,2508933
GETHP,DIGR240485
GETHP,INIT130185
GETSV,2505807
GETSV,2500541
GETSV,2507051
GETSV,2509033
GETHP,LLCT220514
GETHP,MATH132901
GETHP,MATH132401
GETSV,2502753
GETHP,WIPR230579
GETSV,2503981
GETSV,2509947
GETHP,WIPR230579
GETHP,INSO321005
GETSV,2501605
GETHP,SPPR330885
GETHP,INSE330380
GETHP,WEPR330479
GETHP,MATH132401
GETHP,PHYS130902
GETSV,2505721
GETSV,2504503
GETHP,INIT130185
GETSV,2503923
GETHP,MATH132401
GETHP,SPPR330885
GETHP,LLCT130105
GETHP,WOPS120390
GETHP,CAAL230180
GETSV,2509767
GETSV,2508853
GETSV,2503363
GETSV,2500001
GETSV,2502735
GETSV,2507773
GETSV,2507163
GETSV,2500697
GETSV,2506935
GETSV,2503029
GETHP,LLCT220514
GETSV,2500833
GETHP,LLCT120205
GETSV,2507645
GETHP,PHYS130902
GETHP,WIPR230579
GETHP,CAAL230180
GETHP,LESK120190
GETSV,2504403
GETHP,ESYS431080
GETHP,INSE330380
GETHP,LLCT120205
GETHP,SPPR330885
GETHP,ARIN330585
GETHP,LLCT220514
GETSV,2500453
GETSV,2509603
GETSV,2501041
GETHP,WIPR230579
GETHP,CAAL230180
GETSV,2505323
GETSV,2509913
GETSV,2502151
GETSV,2507013
GETSV,2505011
GETSV,2502449
GETSV,2507279
GETHP,MALE431984
GETSV,2501499
GETSV,2500777
GETSV,2508583
GETSV,2505221
GETSV,2502659
GETHP,LLCT220514
GETSV,2508223
GETSV,2508029
GETSV,2501467
GETHP,INIT130185
GETSV,2501623
GETHP,SPPR330885
GETHP,MATH132901
GETSV,2505457
GETHP,LLCT120205
GETSV,2502493
GETSV,2501275
GETHP,INLO220405
GETSV,2509463
GETSV,2509877
GETSV,2500595
GETHP,INLO220405
GETSV,2500975
GETHP,WOPS120390
GETSV,2508091
GETSV,2509577
GETHP,MALE431984
GETSV,2506565
GETHP,INLO220405
GETHP,IVNC320905
GETSV,2502911
GETHP,INLO220405
GETHP,WOPS120390
GETSV,2506729
GETSV,2506103
GETHP,LLCT130105
GETHP,INSE330380
GETHP,OOPR230279
GETSV,2509791
GETHP,INIT130185
GETHP,MATH132901
GETHP,ARIN330585
GETHP,PHYS130902
GETSV,2508661
GETSV,2509635
GETSV,2501553
GETHP,WIPR230579
GETSV,2505293
GETHP,MATH132401
GETHP,ARIN330585
GETSV,2500375
GETHP,ESYS431080
GETHP,WEPR330479
GETSV,2502065
GETHP,WOPS120390
GETHP,INSO321005
GETSV,2505771
GETSV,2506729
GETHP,LLCT120205
GETHP,WIPR230579
GETSV,2504163
GETHP,MALE431984
GETSV,2508575
GETSV,2507661
GETSV,2503163
GETSV,2507833
GETHP,PHYS130902
GETHP,MATH132901
GETSV,2505123
GETSV,2506401
GETSV,2506223
GETSV,2503357
GETHP,LLCT220514
GETHP,SPPR330885
GETHP,CAAL230180
GETHP,LESK120190
GETHP,DIPR430685
GETSV,2501889
GETSV,2505935
GETSV,2504829
GETHP,INLO220405
GETSV,2502729
GETSV,2507607
GETHP,SPPR330885
GETHP,MATH132901
GETSV,2509793
GETHP,INSO321005
GETHP,LLCT220514
GETHP,DIGR240485
GETHP,IVNC320905
GETSV,2508263
GETHP,MALE431984
GETHP,PHYS130902
GETHP,LLCT120205
GETSV,2507743
GETHP,DIGR240485
GETSV,2500619
GETSV,2507897
GETSV,2508151
GETHP,SPPR330885
GETSV,2502179
GETSV,2500833
GETHP,IVNC320905
GETHP,WEPR330479
GETSV,2509659
GETSV,2507737
GETHP,LLCT220514
GETSV,2502245
GETSV,2508483
GETSV,2504353
GETSV,2505999
GETHP,LLCT120205
GETSV,2501115
GETSV,2506441
GETSV,2500551
GETSV,2501541
GETHP,CAAL230180
GETHP,MALE431984
GETSV,2509087
GETSV,2502381
GETSV,2504363
GETHP,DIGR240485
GETSV,2501543
GETSV,2502197
GETSV,2505251
GETHP,INLO220405
GETSV,2505711
GETHP,LESK120190
GETHP,SPPR330885
GETHP,ESYS431080
GETHP,MATH132401
GETHP,LLCT120205
GETSV,2509587
GETHP,DIGR240485
GETHP,LLCT220514
GETSV,2500525
GETHP,INLO220405
GETSV,2505897
GETSV,2506455
GETHP,IPPA233277
GETSV,2504899
GETHP,LLCT220514
GETHP,LESK120190
GETHP,ENCS330537
GETSV,2501275
GETHP,ARIN330585
GETSV,2500423
GETHP,INSO321005
GETHP,IPPA233277
GETHP,WIPR230579
GETSV,2501567
GETSV,2508189
GETSV,2509963
GETHP,IVNC320905
GETHP,CAAL230180
GETSV,2501413
GETHP,WIPR230579
GETSV,2508257
GETSV,2503247
GETHP,INSO321005
GETHP,OOPR230279
GETHP,DIPR430685
GETSV,2507271
GETHP,LLCT120205
GETSV,2501507
GETHP,DIGR240485
GETHP,INLO220405
GETSV,2509341
GETHP,WEPR330479
GETHP,LLCT120205
GETHP,IVNC320905
GETHP,ESYS431080
GETHP,CAAL230180
GETHP,MATH132901
GETHP,ARIN330585
GETSV,2504381
GETHP,SPPR330885
GETSV,2501353
GETHP,LLCT130105
GETHP,MATH132401
GETSV,2507475
GETHP,WIPR230579
GETSV,2507023
GETHP,SPPR330885
GETSV,2503499
GETHP,IPPA233277
GETSV,2501319
GETHP,LLCT130105
GETHP,LLCT220514
GETHP,PHYS130902
GETHP,SPPR330885
GETHP,SPPR330885
GETSV,2501259
GETSV,2501065
GETSV,2504999
GETHP,ESYS431080
GETSV,2500275
GETHP,PHYS130902
GETHP,WOPS120390
GETHP,WEPR330479
GETHP,ARIN330585
GETHP,LLCT120205
GETHP,LLCT220514
GETSV,2508725
GETHP,LESK120190
GETSV,2502769
GETSV,2502495
GETSV,2505917
GETSV,2509627
GETHP,DIGR240485
GETHP,IVNC320905
GETSV,2504245
GETHP,MALE431984
GETSV,2500769
GETHP,LESK120190
GETHP,LLCT220514
GETSV,2509579
GETHP,MATH132901
GETHP,INIT130185
GETHP,LLCT130105
GETSV,2507331
GETHP,ESYS431080
GETSV,2509087
GETHP,WEPR330479
GETHP,MATH132401
GETHP,LLCT130105
GETHP,LLCT120205
GETHP,LESK120190
GETSV,2500051
GETSV,2509953
GETHP,INIT130185
GETSV,2506365
GETHP,MATH132901
GETHP,LLCT130105
GETHP,MATH132901
GETSV,2508453
GETSV,2508387
GETSV,2500177
GETHP,INLO220405
GETHP,WEPR330479
GETSV,2509771
GETSV,2503817
GETHP,MATH132901
GETHP,IVNC320905
GETSV,2507171
GETSV,2508081
GETHP,LLCT220514
GETHP,MATH132901
GETHP,ARIN330585
GETSV,2508201
GETSV,2503719
GETHP,WIPR230579
GETHP,WEPR330479
GETSV,2508705
GETSV,2509807
GETSV,2509581
GETHP,DIPR430685
GETSV,2503833
GETHP,INIT130185
GETHP,MALE431984
GETSV,2500467
GETSV,2504193
GETHP,DIGR240485
GETSV,2503565
GETHP,OOPR230279
GETSV,2500857
GETHP,INSO321005
GETHP,DIPR430685
GETHP,INLO220405
GETSV,2507457
GETHP,LLCT120205
GETSV,2503085
GETSV,2507019
GETSV,2506073
GETHP,WIPR230579
GETSV,2504037
GETSV,2505139
GETHP,LLCT220514
GETHP,IVNC320905
GETHP,SPPR330885
GETSV,2504219
GETHP,LLCT220514
GETSV,2502119
GETSV,2506837
GETHP,IPPA233277
GETHP,MALE431984
GETSV,2501279
GETHP,IPPA233277
GETHP,CAAL230180
GETSV,2503417
GETHP,ARIN330585
GETSV,2501061
GETSV,2502035
GETSV,2501409
GETHP,INSE330380
GETHP,CAAL230180
GETHP,LLCT120205
GETHP,WIPR230579
GETHP,MALE431984
GETHP,WEPR330479
GETHP,SPPR330885
GETHP,WEPR330479
GETHP,INSE330380
GETHP,WEPR330479
GETSV,2505083
GETSV,2500777
GETSV,2503047
GETHP,DIPR430685
GETHP,WEPR330479
GETSV,2509937
GETHP,WEPR330479
GETSV,2507805
GETSV,2507467
GETHP,WIPR230579
GETHP,OOPR230279
GETHP,MALE431984
GETSV,2507651
GETSV,2503777
GETHP,ESYS431080
GETHP,LLCT130105
GETHP,INLO220405
GETHP,ESYS431080
GETSV,2504647
GETHP,LLCT130105
GETHP,WIPR230579
GETHP,WEPR330479
GETSV,2500831
GETSV,2507853
GETHP,LLCT220514
GETSV,2503113
GETHP,INIT130185
GETSV,2506165
GETHP,MATH132401
GETSV,2507841
GETHP,DIPR430685
GETSV,2502397
GETSV,2502203
GETHP,SPPR330885
GETSV,2503415
GETHP,LLCT130105
GETSV,2500851
GETSV,2502113
GETSV,2508719
GETHP,INSE330380
GETHP,ARIN330585
GETHP,DIPR430685
GETSV,2506583
GETSV,2508005
GETSV,2503555
GETHP,INSO321005
GETSV,2503135
GETSV,2500221
GETSV,2508715
GETSV,2509033
GETSV,2506407
GETHP,INSE330380
GETSV,2500739
GETSV,2508209
GETSV,2507743
GETSV,2501229
GETSV,2500779
GETSV,2502105
GETHP,LLCT120205
GETSV,2508101
GETSV,2506835
GETHP,INSE330380
GETHP,ENCS330537
GETHP,WEPR330479
GETHP,WIPR230579
GETHP,WOPS120390
GETSV,2503687
GETHP,DIGR240485
GETHP,INIT130185
GETHP,OOPR230279
GETSV,2501407
GETHP,LESK120190
GETHP,LLCT120205
GETHP,ENCS330537
GETHP,WEPR330479
GETSV,2506357
GETHP,IVNC320905
GETSV,2500209
GETSV,2505935
GETSV,2508621
GETHP,LLCT120205
GETSV,2508153
GETSV,2509143
GETSV,2509813
GETHP,MATH132901
GETHP,ESYS431080
GETHP,ENCS330537
GETHP,MATH132401
GETSV,2501803
GETSV,2508713
GETSV,2501655
GETHP,MATH132901
GETSV,2504163
GETSV,2502689
GETHP,WIPR230579
GETSV,2508061
GETHP,OOPR230279
GETHP,MALE431984
GETHP,IPPA233277
GETHP,IPPA233277
GETHP,LLCT120205
GETSV,2500369
GETHP,INIT130185
GETSV,2506525
GETHP,IPPA233277
GETHP,WEPR330479
GETSV,2505095
GETHP,LLCT220514
GETSV,2505843
GETHP,PHYS130902
GETSV,2500671
GETHP,WOPS120390
GETHP,INSE330380
GETSV,2506265
GETHP,INSO321005
GETSV,2504069
GETHP,MALE431984
GETSV,2505473
GETSV,2500447
GETHP,INSE330380
GETSV,2506763
GETSV,2503113
GETHP,DIPR430685
GETHP,MATH132401
GETHP,CAAL230180
GETHP,ARIN330585
GETSV,2506367
GETSV,2503501
GETSV,2507787
GETSV,2500425
GETHP,OOPR230279
GETHP,INLO220405
GETSV,2501763
GETHP,OOPR230279
GETHP,LESK120190
GETSV,2502397
GETSV,2507691
GETSV,2502185
GETHP,LLCT120205
GETHP,MATH132901
GETHP,WOPS120390
GETHP,PHYS130902
GETHP,INSE330380
GETSV,2506093
GETHP,IPPA233277
GETSV,2502649
GETSV,2503287
GETSV,2504357
GETSV,2509235
GETHP,IPPA233277
GETSV,2504095
GETHP,INLO220405
GETHP,ARIN330585
GETHP,LLCT220514
GETHP,PHYS130902
GETHP,ESYS431080
GETHP,IPPA233277
GETHP,CAAL230180
GETHP,LLCT120205
GETHP,INSE330380
GETHP,LLCT120205
GETHP,ESYS431080
GETSV,2501559
GETSV,2509093
GETHP,LLCT130105
GETSV,2503841
GETHP,LLCT220514
GETSV,2509373
GETHP,LLCT120205
GETHP,DIPR430685
GETSV,2505495
GETHP,DIGR240485
GETSV,2504115
GETHP,IVNC320905
GETHP,LLCT220514
GETSV,2505069
GETSV,2502443
GETSV,2508409
GETSV,2506183
GETSV,2503845
GETHP,MATH132401
GETSV,2504673
GETHP,MATH132401
GETHP,INLO220405
GETHP,LLCT220514
GETHP,LESK120190
GETSV,2507911
GETSV,2506613
GETHP,DIPR430685
GETHP,LLCT120205
GETSV,2505599
GETSV,2505773
GETHP,ARIN330585
GETSV,2503353
GETSV,2502663
GETHP,DIPR430685
GETHP,DIGR240485
GETHP,INLO220405
GETHP,LLCT130105
GETHP,PHYS130902
GETHP,INSE330380
GETSV,2502185
GETSV,2502839
GETHP,LLCT130105
GETHP,INLO220405
GETHP,WIPR230579
GETSV,2506815
GETHP,ESYS431080
GETSV,2501387
GETHP,IPPA233277
GETSV,2503975
GETSV,2502933
GETHP,INIT130185
GETSV,2508753
GETSV,2503423
GETHP,WEPR330479
GETSV,2500395
GETHP,ARIN330585
GETHP,INSO321005
GETSV,2508277
GETSV,2509235
GETHP,LLCT130105
GETSV,2506943
GETHP,ENCS330537
GETSV,2502971
GETHP,INSO321005
GETSV,2508807
GETHP,SPPR330885
GETSV,2507731
GETSV,2500353
GETHP,INLO220405
GETHP,MALE431984
GETHP,INLO220405
GETSV,2508393
GETSV,2509271
GETSV,2502181
GETSV,2501651
GETSV,2507025
GETSV,2500495
GETHP,MALE431984
GETHP,ENCS330537
GETSV,2502409
GETHP,DIGR240485
GETHP,WEPR330479
GETSV,2504691
GETSV,2500929
GETSV,2506959
GETSV,2506797
GETSV,2502651
GETSV,2505993
GETSV,2504039
GETHP,WOPS120390
GETSV,2507523
GETHP,INIT130185
GETSV,2501343
GETHP,MATH132901
GETSV,2502827
GETHP,INIT130185
GETHP,WOPS120390
GETSV,2506517
GETSV,2508755
GETHP,ARIN330585
GETSV,2501295
GETHP,DIPR430685
GETSV,2506891
GETHP,ARIN330585
GETSV,2504199
GETHP,WOPS120390
GETSV,2503059
GETSV,2503329
GETSV,2509887
GETSV,2503389
GETHP,INSE330380
GETSV,2503737
GETHP,MALE431984
GETHP,CAAL230180
GETHP,WOPS120390
GETSV,2504545
GETSV,2504687
GETSV,2503677
GETHP,MALE431984
GETHP,WEPR330479
GETHP,LLCT120205
GETHP,WEPR330479
GETSV,2503763
GETSV,2507793
GETSV,2503183
GETSV,2509709
GETHP,MALE431984
GETSV,2500777
GETSV,2509255
GETSV,2503333
GETHP,MATH132401
GETSV,2505025
GETSV,2508335
GETHP,ARIN330585
GETHP,SPPR330885
GETHP,INSE330380
GETSV,2504263
GETSV,2505077
GETSV,2509027
GETHP,LLCT220514
GETSV,2502111
GETSV,2508605
GETSV,2501115
GETHP,INIT130185
GETHP,LLCT120205
GETHP,LLCT120205
GETHP,DIPR430685
GETHP,INIT130185
GETHP,ESYS431080
GETHP,MATH132401
GETHP,INSO321005
GETHP,INLO220405
GETHP,LLCT130105
GETHP,LLCT220514
GETSV,2504835
GETSV,2508641
GETSV,2505967
GETSV,2501901
GETSV,2509675
GETSV,2508249
GETHP,MATH132901
GETHP,IVNC320905
GETSV,2504755
GETSV,2500881
GETHP,IVNC320905
GETHP,PHYS130902
GETHP,INLO220405
GETHP,PHYS130902
GETHP,PHYS130902
GETHP,WEPR330479
GETSV,2506467
GETSV,2500865
GETSV,2508815
GETHP,OOPR230279
GETSV,2507675
GETSV,2503273
GETHP,IPPA233277
GETHP,LLCT130105
GETSV,2507667
GETSV,2501425
GETSV,2507551
GETHP,LLCT130105
GETHP,PHYS130902
GETSV,2502233
GETSV,2507591
GETHP,OOPR230279
GETSV,2503091
GETSV,2508865
GETSV,2506783
GETSV,2504621
GETSV,2505915
GETHP,ESYS431080
GETSV,2503447
GETSV,2505973
GETSV,2505347
GETHP,IPPA233277
GETHP,IVNC320905
GETSV,2508461
GETSV,2504027
GETSV,2507673
GETSV,2504663
GETSV,2501189
GETSV,2503171
GETSV,2509761
GETHP,DIGR240485
GETHP,MATH132901
GETSV,2501787
GETHP,DIGR240485
GETHP,CAAL230180
GETSV,2504053
GETSV,2509555
GETHP,DIPR430685
GETHP,MALE431984
GETHP,MATH132901
GETHP,WOPS120390
GETHP,SPPR330885
GETSV,2503191
GETHP,LESK120190
GETSV,2505411
GETSV,2506353
GETSV,2509135
GETHP,PHYS130902
GETHP,CAAL230180
GETHP,LESK120190
GETSV,2502023
GETSV,2506245
GETSV,2502291
GETHP,LLCT130105
GETHP,INIT130185
GETSV,2504717
GETHP,INSE330380
GETSV,2503401
GETSV,2501047
GETSV,2503189
GETSV,2508755
GETSV,2508065
GETHP,MATH132401
GETHP,CAAL230180
GETSV,2502603
GETSV,2501081
GETHP,PHYS130902
GETSV,2509397
GETHP,DIPR430685
GETHP,MATH132401
GETSV,2508031
GETHP,IPPA233277
GETHP,ESYS431080
GETSV,2503049
GETHP,DIGR240485
GETSV,2504069
GETSV,2507795
GETSV,2505409
GETHP,INSO321005
GETSV,2505981
GETHP,WEPR330479
GETHP,LESK120190
GETHP,LLCT130105
GETSV,2505157
GETSV,2507955
GETSV,2505681
GETSV,2500879
GETHP,ARIN330585
GETSV,2501595
GETSV,2509593
GETHP,INSO321005
GETSV,2502901
GETHP,LESK120190
GETHP,PHYS130902
GETSV,2502479
GETSV,2503549
GETSV,2507451
GETHP,DIGR240485
GETHP,IPPA233277
GETHP,OOPR230279
GETHP,ESYS431080
GETSV,2507697
GETHP,INSO321005
GETSV,2501421
GETSV,2500267
GETSV,2501913
GETSV,2501895
GETSV,2503941
GETSV,2503475
GETHP,MATH132901
GETHP,LESK120190
GETSV,2503645
GETSV,2506731
GETHP,MALE431984
GETHP,OOPR230279
GETHP,LLCT130105
GETSV,2508291
GETSV,2507569
GETHP,ARIN330585
GETHP,ARIN330585
GETHP,ARIN330585
GETSV,2501865
GETHP,INIT130185
GETSV,2505301
GETSV,2503203
GETSV,2502753
GETSV,2508303
GETSV,2504685
GETSV,2502779
GETHP,INLO220405
GETSV,2506519
GETSV,2504293
GETHP,ESYS431080
GETHP,ENCS330537
GETHP,WIPR230579
GETSV,2504061
GETSV,2501211
GETSV,2503337
GETHP,MATH132901
GETHP,DIPR430685
GETSV,2504803
GETHP,DIPR430685
GETHP,CAAL230180
GETSV,2505293
GETHP,OOPR230279
GETHP,LLCT130105
GETSV,2509015
GETHP,DIGR240485
GETHP,LLCT130105
GETHP,INSO321005
GETHP,CAAL230180
GETHP,INLO220405
GETSV,2506907
GETSV,2502249
GETHP,WEPR330479
GETSV,2506245
GETSV,2503123
GETHP,IVNC320905
GETHP,INSO321005
GETSV,2505245
GETHP,LESK120190
GETSV,2506409
GETHP,LLCT120205
GETSV,2503765
GETHP,LLCT120205
GETSV,2507841
GETHP,INIT130185
GETSV,2503277
GETHP,MATH132901
GETHP,ESYS431080
GETSV,2504119
GETHP,CAAL230180
GETHP,INLO220405
GETSV,2502817
GETHP,INSO321005
GETHP,CAAL230180
GETSV,2507147
GETSV,2501689
GETHP,CAAL230180
GETHP,LESK120190
GETSV,2506035
GETSV,2508353
GETHP,ARIN330585
GETSV,2508829
GETHP,ESYS431080
GETHP,INSO321005
GETSV,2507511
GETSV,2503413
GETSV,2500387
GETHP,SPPR330885
GETHP,WEPR330479
GETSV,2504269
GETHP,SPPR330885
GETSV,2501049
GETSV,2507655
GETHP,MALE431984
GETSV,2502947
GETSV,2507905
GETHP,MALE431984
GETHP,OOPR230279
GETSV,2500219
GETSV,2500041
GETSV,2506839
GETSV,2507045
GETHP,MALE431984
GETHP,DIPR430685
GETSV,2502847
GETHP,LLCT130105
GETSV,2508075
GETHP,DIGR240485
GETSV,2502423
GETSV,2503637
GETHP,LESK120190
GETHP,WOPS120390
GETHP,INLO220405
GETSV,2508493
GETSV,2506011
GETHP,WOPS120390
GETSV,2504951
GETHP,INLO220405
GETHP,INSE330380
GETSV,2500481
GETHP,CAAL230180
GETHP,LLCT130105
GETSV,2507819
GETSV,2504537
GETHP,ARIN330585
GETHP,WEPR330479
GETSV,2500643
GETHP,DIPR430685
GETHP,DIGR240485
GETHP,ESYS431080
GETSV,2504795
GETHP,DIPR430685
GETHP,IVNC320905
GETSV,2508197
GETSV,2502483
GETSV,2504513
GETSV,2509247
GETHP,PHYS130902
GETSV,2502923
GETHP,ESYS431080
GETHP,LLCT220514
GETHP,IVNC320905
GETHP,ESYS431080
GETSV,2509393
GETHP,CAAL230180
GETHP,DIGR240485
GETSV,2501131
GETSV,2501129
GETSV,2507479
GETSV,2509909
GETHP,ENCS330537
GETHP,CAAL230180
GETSV,2507999
GETSV,2500285
GETHP,LLCT130105
GETHP,LLCT220514
GETHP,LLCT130105
GETHP,MATH132901
GETSV,2509475
GETSV,2508449
GETHP,LLCT220514
GETSV,2508989
GETSV,2502523
GETHP,INSO321005
GETHP,MATH132401
GETSV,2509797
GETSV,2504387
GETHP,OOPR230279
GETSV,2500639
GETHP,MATH132401
GETSV,2509931
GETHP,ESYS431080
GETSV,2504583
GETSV,2501349
GETHP,INIT130185
GETHP,DIGR240485
GETHP,WIPR230579
GETHP,ESYS431080
GETHP,INIT130185
GETSV,2504841
GETSV,2506327
GETSV,2506421
GETSV,2504227
GETSV,2506273
GETSV,2506239
GETSV,2500829
GETSV,2500027
GETHP,LLCT120205
GETSV,2504615
GETHP,SPPR330885
GETHP,SPPR330885
GETHP,ARIN330585
GETHP,WIPR230579
GETSV,2502237
GETSV,2508043
GETHP,INLO220405
GETSV,2509543
GETSV,2506789
GETSV,2500931
GETSV,2504129
GETSV,2505935
GETSV,2506397
GETHP,INIT130185
GETHP,INIT130185
GETSV,2505255
GETSV,2507733
GETSV,2502707
GETHP,INLO220405
GETSV,2501727
GETSV,2507005
GETHP,WIPR230579
GETHP,CAAL230180
GETSV,2509959
GETHP,MATH132901
GETHP,CAAL230180
GETSV,2505649
GETHP,INSE330380
GETSV,2506941
GETSV,2506091
GETHP,INIT130185
GETHP,LLCT220514
GETSV,2508821
GETSV,2509955
GETHP,ENCS330537
GETSV,2503039
GETHP,SPPR330885
GETSV,2506875
GETHP,INSE330380
GETHP,INSE330380
GETSV,2509589
GETHP,LLCT130105
GETHP,LLCT130105
GETSV,2503167
GETHP,WEPR330479
GETSV,2509803
GETSV,2502761
GETHP,ENCS330537
GETSV,2508789
GETHP,LLCT120205
GETHP,MALE431984
GETSV,2508687
GETSV,2503181
GETSV,2508715
GETSV,2501369
GETSV,2505959
GETSV,2505317
GETSV,2504371
GETSV,2505649
GETSV,2503167
GETHP,ENCS330537
GETHP,INSE330380
GETHP,DIPR430685
GETHP,INSE330380
GETSV,2504965
GETHP,SPPR330885
GETSV,2509025
GETSV,2500143
GETHP,INSO321005
GETHP,INIT130185
GETHP,CAAL230180
GETHP,MATH132901
GETHP,INSE330380
GETHP,OOPR230279
GETHP,ENCS330537
GETHP,WEPR330479
GETHP,IVNC320905
GETHP,DIGR240485
GETHP,ARIN330585
GETSV,2504567
GETHP,OOPR230279
GETHP,WEPR330479
GETSV,2506369
GETSV,2509999
GETHP,SPPR330885
GETHP,MATH132901
GETHP,WIPR230579
GETSV,2506439
GETHP,INSE330380
GETSV,2504931
GETHP,DIPR430685
GETHP,PHYS130902
GETHP,ESYS431080
GETHP,MATH132401
GETHP,IPPA233277
GETHP,ESYS431080
GETSV,2509125
GETSV,2507667
GETHP,INSE330380
GETHP,MATH132401
GETSV,2509021
GETSV,2508379
GETHP,MATH132901
GETSV,2509895
GETHP,LLCT220514
GETSV,2504563
GETSV,2501985
GETHP,DIPR430685
GETHP,INSO321005
GETSV,2506443
GETHP,LLCT120205
GETSV,2500167
GETHP,WIPR230579
GETSV,2508003
GETSV,2506721
GETHP,MATH132401
GETSV,2503901
GETSV,2503467
GETSV,2501817
GETHP,INSE330380
GETHP,ARIN330585
GETSV,2500147
GETHP,ARIN330585
GETHP,PHYS130902
GETHP,WEPR330479
GETSV,2508603
GETSV,2509065
GETHP,INSE330380
GETHP,PHYS130902
GETHP,LLCT130105
GETSV,2509441
GETSV,2502943
GETSV,2501069
GETSV,2507563
GETSV,2504249
GETSV,2505831
GETHP,CAAL230180
GETSV,2504003
GETHP,LLCT220514
GETHP,ARIN330585
GETHP,INLO220405
GETHP,MALE431984
GETSV,2504905
GETHP,OOPR230279
GETSV,2502229
GETSV,2501379
GETSV,2505249
GETHP,LESK120190
GETHP,INSO321005
GETSV,2500683
GETSV,2503417
GETHP,LESK120190
GETHP,ENCS330537
GETSV,2509635
GETHP,ENCS330537
GETSV,2502767
GETHP,LESK120190
GETSV,2503547
GETSV,2506089
GETHP,WIPR230579
GETHP,LESK120190
GETSV,2503187
GETHP,CAAL230180
GETHP,WEPR330479
GETHP,INSO321005
GETSV,2509435
GETSV,2500457
GETHP,OOPR230279
GETHP,MATH132901
GETSV,2502547
GETSV,2506049
GETHP,WIPR230579
GETSV,2508973
GETHP,LLCT120205
GETSV,2500713
GETHP,MATH132901
GETSV,2503333
GETSV,2507043
GETHP,OOPR230279
GETHP,INSE330380
GETHP,MATH132401
GETSV,2509723
GETHP,IPPA233277
GETHP,SPPR330885
GETHP,SPPR330885
GETSV,2504835
GETHP,DIPR430685
GETHP,CAAL230180
GETHP,MATH132401
GETHP,CAAL230180
GETHP,INLO220405
GETSV,2509655
GETHP,LESK120190
GETHP,ENCS330537
GETSV,2504753
GETHP,IVNC320905
GETSV,2507325
GETHP,MALE431984
GETSV,2508521
GETSV,2502311
GETSV,2509733
GETSV,2509779
GETHP,IVNC320905
GETSV,2507471
GETHP,INSO321005
GETSV,2501835
GETSV,2500121
GETSV,2509735
GETHP,INIT130185
GETSV,2508243
GETSV,2501217
GETSV,2500223
GETHP,WEPR330479
GETHP,PHYS130902
GETSV,2504809
GETHP,INIT130185
GETHP,LLCT120205
GETHP,LESK120190
GETHP,INSE330380
GETHP,WIPR230579
GETHP,MALE431984
GETHP,INSE330380
GETSV,2509497
GETSV,2502519
GETHP,LLCT130105
GETHP,DIPR430685
GETSV,2501969
GETHP,MALE431984
GETHP,CAAL230180
GETHP,ESYS431080
GETHP,MALE431984
GETSV,2500727
GETSV,2504229
GETHP,SPPR330885
GETSV,2500481
GETSV,2508511
GETSV,2503293
GETHP,WOPS120390
GETSV,2501497
GETSV,2508487
GETHP,IVNC320905
GETHP,LLCT120205
GETHP,INSE330380
GETHP,LLCT130105
GETHP,ENCS330537
GETHP,ENCS330537
GETSV,2505897
GETSV,2506439
GETHP,SPPR330885
GETHP,INLO220405
GETHP,INLO220405
GETHP,ARIN330585
GETSV,2509405
GETSV,2505307
GETSV,2502617
GETSV,2500183
GETSV,2506309
GETSV,2503475
GETSV,2502785
GETSV,2505791
GETHP,WIPR230579
GETHP,LLCT120205
GETSV,2503689
GETHP,LLCT120205
GETSV,2500149
GETSV,2505187
GETSV,2501361
GETHP,MATH132901
GETSV,2500173
GETSV,2507451
GETHP,WOPS120390
GETHP,MATH132901
GETHP,LLCT130105
GETSV,2505715
GETSV,2505745
GETSV,2501503
GETHP,LESK120190
GETHP,DIPR430685
GETSV,2505657
GETSV,2503687
GETSV,2504421
GETSV,2506339
GETHP,CAAL230180
GETSV,2501503
GETSV,2507645
GETHP,INSE330380
GETHP,DIPR430685
GETHP,OOPR230279
GETSV,2502629
GETSV,2505363
GETSV,2507841
GETSV,2505471
GETHP,IPPA233277
GETSV,2504267
GETHP,DIGR240485
GETHP,WOPS120390
GETHP,INSO321005
GETHP,ESYS431080
GETHP,IVNC320905
GETSV,2505679
GETHP,IPPA233277
GETSV,2509083
GETSV,2502745
GETHP,LLCT220514
GETHP,WIPR230579
GETHP,IVNC320905
GETHP,DIGR240485
GETHP,IPPA233277
GETSV,2509117
GETHP,INLO220405
GETSV,2502473
GETSV,2501143
GETHP,LLCT130105
GETHP,DIPR430685
GETHP,INSE330380
GETSV,2501967
GETHP,CAAL230180
GETSV,2505851
GETHP,MALE431984
GETHP,INSO321005
GETSV,2505301
GETSV,2509619
GETHP,LLCT220514
GETSV,2501519
GETHP,DIGR240485
GETHP,DIPR430685
GETSV,2503049
GETSV,2501143
GETSV,2502453
GETHP,IVNC320905
GETSV,2508193
GETSV,2506047
GETSV,2508605
GETSV,2503643
GETSV,2507529
GETSV,2508327
GETHP,CAAL230180
GETHP,MATH132901
GETHP,IVNC320905
GETSV,2500367
GETHP,MATH132901
GETSV,2501803
GETHP,INLO220405
GETHP,LLCT130105
GETHP,PHYS130902
GETHP,WEPR330479
GETHP,DIGR240485
GETSV,2501071
GETSV,2505085
GETHP,LLCT120205
GETSV,2506233
GETHP,INLO220405
GETHP,CAAL230180
GETSV,2505875
GETSV,2507761
GETSV,2501951
GETHP,MATH132901
GETSV,2501899
GETHP,ENCS330537
GETSV,2505831
GETSV,2504197
GETSV,2508515
GETSV,2506337
GETHP,INLO220405
GETHP,ENCS330537
GETHP,INIT130185
GETSV,2507753
GETSV,2505911
GETSV,2503717
GETHP,ARIN330585
GETHP,INSE330380
GETSV,2500223
GETHP,LLCT130105
GETSV,2507739
GETSV,2503449
GETHP,LLCT220514
GETHP,MALE431984
GETHP,PHYS130902
GETSV,2504161
GETSV,2502287
GETSV,2501485
GETSV,2502859
GETHP,IPPA233277
GETHP,PHYS130902
GETSV,2506773
GETHP,MALE431984
GETHP,WOPS120390
GETSV,2503903
GETHP,LLCT130105
GETHP,CAAL230180
GETSV,2506249
GETSV,2502823
GETSV,2505381
GETSV,2509907
GETSV,2502721
GETHP,MATH132401
GETHP,MATH132401
GETHP,LESK120190
GETSV,2509961
GETSV,2505095
GETHP,LLCT130105
GETSV,2504787
GETSV,2500017
GETHP,CAAL230180
GETHP,WOPS120390
GETSV,2502347
GETSV,2501609
GETSV,2507703
GETHP,ESYS431080
GETSV,2500803
GETSV,2505937
GETHP,LESK120190
GETSV,2504765
GETHP,OOPR230279
GETSV,2506153
GETHP,WEPR330479
GETHP,MALE431984
GETSV,2509203
GETSV,2509553
GETHP,WEPR330479
GETSV,2505469
GETHP,MALE431984
GETSV,2502489
GETHP,DIGR240485
GETHP,PHYS130902
GETHP,ARIN330585
GETSV,2504353
GETHP,INLO220405
GETSV,2504573
GETSV,2509371
GETHP,MATH132901
GETSV,2509799
GETSV,2508773
GETSV,2509459
GETSV,2502721
GETSV,2501775
GETHP,LLCT120205
GETHP,ENCS330537
GETSV,2504825
GETHP,INLO220405
GETSV,2502197
GETHP,MATH132901
GETHP,DIPR430685
GETSV,2507711
GETHP,WIPR230579
GETHP,ENCS330537
GETHP,LLCT130105
GETSV,2505367
GETSV,2500405
GETHP,LLCT130105
GETSV,2502641
GETSV,2502607
GETSV,2507453
GETSV,2506043
GETSV,2503881
GETHP,ENCS330537
GETHP,MATH132401
GETSV,2506723
GETSV,2506417
GETSV,2506991
GETHP,LESK120190
GETHP,INSO321005
GETHP,CAAL230180
GETSV,2503063
GETSV,2506133
GETSV,2500243
GETHP,LLCT220514
GETHP,ESYS431080
GETSV,2509101
GETSV,2505131
GETSV,2509657
GETHP,IPPA233277
GETHP,PHYS130902
GETHP,DIPR430685
GETHP,IVNC320905
GETSV,2504335
GETHP,DIPR430685
GETSV,2507627
GETSV,2506953
GETSV,2503127
GETHP,LESK120190
GETHP,IPPA233277
GETSV,2501985
GETSV,2500863
GETSV,2502477
GETSV,2502299
GETSV,2502425
GETHP,IPPA233277
GETSV,2502373
GETHP,OOPR230279
GETHP,PHYS130902
GETSV,2500399
GETSV,2509053
GETHP,LESK120190
GETHP,MALE431984
GETHP,INLO220405
GETHP,MALE431984
GETHP,LESK120190
GETSV,2504289
GETSV,2506895
GETHP,PHYS130902
GETSV,2507995
GETHP,WEPR330479
GETHP,ESYS431080
GETHP,CAAL230180
GETHP,MATH132401
GETSV,2508113
GETHP,LLCT220514
GETHP,SPPR330885
GETSV,2503979
GETHP,INIT130185
GETSV,2503527
GETSV,2504933
GETSV,2507283
GETSV,2506401
GETHP,ESYS431080
GETSV,2500477
GETSV,2500203
GETHP,DIPR430685
GETHP,MATH132401
GETHP,WIPR230579
GETHP,OOPR230279
GETHP,LLCT120205
GETHP,WIPR230579
GETHP,LLCT120205
GETSV,2504139
GETSV,2501465
GETHP,PHYS130902
GETSV,2508901
GETHP,INIT130185
GETSV,2504433
GETHP,DIPR430685
GETHP,INSE330380
GETHP,INLO220405
GETSV,2500345
GETSV,2505879
GETHP,ARIN330585
GETSV,2505747
GETSV,2501441
GETHP,LESK120190
GETSV,2509437
GETSV,2509643
GETHP,OOPR230279
GETSV,2501399
GETHP,DIGR240485
GETSV,2504723
GETHP,OOPR230279
GETSV,2508975
GETHP,INLO220405
GETHP,CAAL230180
GETSV,2504441
GETSV,2506551
GETSV,2509029
GETSV,2502179
GETSV,2508865
GETSV,2504943
GETSV,2503181
GETHP,ARIN330585
GETHP,INIT130185
GETHP,IPPA233277
GETSV,2502405
GETHP,LLCT130105
GETSV,2500161
GETHP,SPPR330885
GETHP,WIPR230579
GETSV,2506123
GETHP,LLCT120205
GETHP,LESK120190
GETSV,2504453
GETSV,2504131
GETSV,2508337
GETHP,IPPA233277
GETHP,MATH132901
GETHP,DIPR430685
GETSV,2504057
GETHP,ESYS431080
GETSV,2506389
GETSV,2505107
GETHP,ENCS330537
GETSV,2506687
GETSV,2500749
GETHP,INLO220405
GETHP,ENCS330537
GETHP,INLO220405
GETSV,2503637
GETHP,LLCT220514
GETSV,2504497
GETHP,MATH132901
GETSV,2502045
GETHP,IVNC320905
GETSV,2500777
GETHP,INIT130185
GETSV,2503957
GETHP,IPPA233277
GETHP,OOPR230279
GETSV,2503183
GETHP,LLCT120205
GETSV,2502427
GETSV,2509673
GETHP,LLCT220514
GETHP,MATH132401
GETSV,2503235
GETSV,2500369
GETSV,2502351
GETSV,2502845
GETHP,ARIN330585
GETSV,2504377
GETHP,SPPR330885
GETHP,DIPR430685
GETHP,LLCT130105
GETSV,2504657
GETHP,ESYS431080
GETHP,INIT130185
GETSV,2501771
GETHP,OOPR230279
GETSV,2507031
GETSV,2501477
GETHP,INSO321005
GETSV,2501953
GETHP,INLO220405
GETSV,2507517
GETSV,2501691
GETSV,2507529
GETHP,ESYS431080
GETSV,2509397
GETSV,2505059
GETHP,LESK120190
GETHP,LLCT120205
GETHP,INIT130185
GETSV,2509723
GETHP,ESYS431080
GETHP,WIPR230579
GETHP,LLCT130105
GETSV,2504499
GETSV,2509985
GETSV,2507599
GETHP,DIGR240485
GETHP,ARIN330585
GETSV,2500345
GETHP,INIT130185
GETHP,INSO321005
GETHP,LLCT130105
GETHP,LESK120190
GETSV,2507743
GETHP,OOPR230279
GETSV,2509707
GETSV,2503497
GETSV,2501447
GETHP,WEPR330479
GETHP,PHYS130902
GETHP,MATH132901
GETSV,2504607
GETSV,2505901
GETHP,IVNC320905
GETHP,INSO321005
GETHP,MATH132901
GETHP,ARIN330585
GETHP,LESK120190
GETSV,2505361
GETHP,OOPR230279
GETSV,2509149
GETSV,2504443
GETSV,2504585
GETHP,ENCS330537
GETHP,SPPR330885
GETSV,2507539
GETHP,INLO220405
GETHP,MATH132901
GETHP,OOPR230279
GETSV,2505947
GETSV,2501241
GETSV,2504567
GETSV,2502277
GETSV,2508291
GETSV,2501489
GETSV,2506239
GETHP,INLO220405
GETSV,2504187
GETSV,2502489
GETSV,2500855
GETSV,2505749
GETSV,2508099
GETHP,INSO321005
GETHP,IVNC320905
GETSV,2506269
GETHP,INSE330380
GETSV,2502537
GETHP,INLO220405
GETHP,LLCT220514
GETHP,INLO220405
GETSV,2507057
GETSV,2501119
GETHP,LLCT120205
GETSV,2504843
GETSV,2507673
GETSV,2506823
GETHP,INLO220405
GETSV,2503795
GETSV,2504529
GETHP,ENCS330537
GETSV,2501293
GETSV,2504699
GETSV,2500873
GETHP,DIGR240485
GETHP,CAAL230180
GETSV,2509347
GETHP,LLCT220514
GETHP,IPPA233277
GETHP,IPPA233277
GETHP,IVNC320905
GETHP,OOPR230279
GETHP,IPPA233277
GETSV,2501189
GETHP,MATH132401
GETSV,2502449
GETHP,INLO220405
GETHP,IPPA233277
GETHP,ESYS431080
GETSV,2502057
GETHP,MALE431984
GETHP,MATH132401
GETHP,WEPR330479
GETSV,2504801
GETSV,2501295
GETSV,2503789
GETHP,INLO220405
GETHP,CAAL230180
GETSV,2504967
GETHP,MATH132901
GETSV,2509235
GETHP,IPPA233277
GETHP,INSE330380
GETHP,SPPR330885
GETSV,2507739
GETSV,2508521
GETHP,WEPR330479
GETSV,2504997
GETHP,LLCT130105
GETSV,2508497
GETSV,2504719
GETHP,ESYS431080
GETSV,2503979
GETSV,2501465
GETSV,2505863
GETSV,2504229
GETHP,CAAL230180
GETHP,LLCT120205
GETHP,LLCT120205
GETHP,ESYS431080
GETSV,2500523
GETHP,ENCS330537
GETHP,DIPR430685
GETHP,IVNC320905
GETHP,WEPR330479
GETSV,2508321
GETHP,INIT130185
GETSV,2501261
GETHP,WIPR230579
GETHP,OOPR230279
GETSV,2502951
GETSV,2509845
GETSV,2508947
GETSV,2509793
GETSV,2500447
GETHP,INSO321005
GETSV,2509691
GETSV,2501641
GETHP,SPPR330885
GETHP,MATH132901
GETSV,2509619
GETHP,ARIN330585
GETHP,INLO220405
GETHP,SPPR330885
GETSV,2505803
GETHP,CAAL230180
GETHP,ENCS330537
GETSV,2507109
GETHP,INLO220405
GETSV,2503249
GETHP,WIPR230579
GETSV,2502381
GETHP,OOPR230279
GETSV,2504265
GETSV,2500711
GETHP,ARIN330585
GETHP,LLCT120205
GETSV,2509169
GETHP,SPPR330885
GETHP,ARIN330585
GETSV,2505323
GETHP,WEPR330479
GETHP,INSE330380
GETHP,INIT130185
GETSV,2508899
GETHP,SPPR330885
GETHP,LESK120190
GETSV,2509613
GETHP,INSO321005
GETSV,2503161
GETHP,MATH132401
GETSV,2507989
GETHP,WOPS120390
GETSV,2500801
GETSV,2509903
GETHP,WIPR230579
GETHP,ESYS431080
GETHP,IVNC320905
GETSV,2509895
GETHP,SPPR330885
GETSV,2500515
GETSV,2503153
GETSV,2500959
GETHP,INLO220405
GETHP,LLCT120205
GETHP,MATH132401
GETHP,IVNC320905
GETHP,INSE330380
GETSV,2503091
GETSV,2503425
GETHP,LLCT120205
GETHP,LLCT120205
GETSV,2502763
GETSV,2507257
GETSV,2505063
GETSV,2501173
GETSV,2506883
GETSV,2504545
GETHP,LLCT120205
GETHP,PHYS130902
GETHP,MATH132401
GETHP,MALE431984
GETHP,ESYS431080
GETHP,OOPR230279
GETSV,2508211
GETHP,DIGR240485
GETHP,ESYS431080
GETSV,2501053
GETHP,LLCT220514
GETHP,WOPS120390
GETHP,MATH132401
GETHP,WIPR230579
GETSV,2509427
GETHP,DIPR430685
GETHP,DIGR240485
GETHP,CAAL230180
GETHP,IVNC320905
GETSV,2503129
GETHP,MATH132901
GETSV,2503925
GETSV,2505411
GETSV,2506289
GETSV,2501151
GETHP,INSE330380
GETSV,2508043
GETHP,ARIN330585
GETSV,2505239
GETHP,INSO321005
GETSV,2509811
GETHP,ESYS431080
GETHP,LESK120190
GETSV,2504429
GETHP,LESK120190
GETHP,INLO220405
GETHP,CAAL230180
GETHP,INSE330380
GETHP,SPPR330885
GETHP,PHYS130902
GETSV,2505103
GETHP,ESYS431080
GETHP,WEPR330479
GETSV,2502153
GETHP,MALE431984
GETHP,DIPR430685
GETHP,DIPR430685
GETHP,ARIN330585
GETHP,ESYS431080
GETSV,2506509
GETHP,CAAL230180
GETSV,2502777
GETHP,CAAL230180
GETHP,ARIN330585
GETSV,2506131
GETSV,2507489
GETHP,SPPR330885
GETHP,ARIN330585
GETHP,DIGR240485
GETHP,INLO220405
GETHP,SPPR330885
GETSV,2503221
GETHP,IPPA233277
GETSV,2500257
GETSV,2500111
GETHP,WEPR330479
GETHP,PHYS130902
GETSV,2508969
GETHP,LLCT220514
GETSV,2500085
GETHP,LLCT220514
GETSV,2500481
GETHP,INSO321005
GETHP,LLCT120205
GETHP,LESK120190
GETHP,DIPR430685
GETSV,2505351
GETSV,2507861
GETSV,2506099
GETSV,2503153
GETHP,INLO220405
GETHP,INIT130185
GETSV,2508427
GETSV,2504649
GETHP,INSO321005
GETHP,MATH132901
GETHP,LLCT120205
GETHP,OOPR230279
GETHP,MATH132901
GETHP,INSO321005
GETHP,DIGR240485
GETSV,2509641
GETHP,INLO220405
GETHP,MALE431984
GETSV,2502547
GETHP,MALE431984
GETHP,SPPR330885
GETHP,IVNC320905
GETSV,2502699
GETHP,IVNC320905
GETSV,2501511
GETSV,2501621
GETSV,2503155
GETHP,ARIN330585
GETSV,2509983
GETSV,2501773
GETHP,PHYS130902
GETSV,2500457
GETHP,WEPR330479
GETHP,SPPR330885
GETSV,2509443
GETSV,2505665
GETHP,IPPA233277
GETSV,2504061
GETHP,DIPR430685
GETHP,INIT130185
GETHP,WEPR330479
GETHP,CAAL230180
GETHP,MALE431984
GETHP,ENCS330537
GETSV,2504719
GETHP,LESK120190
GETSV,2506251
GETSV,2501673
GETSV,2508599
GETSV,2508373
GETHP,INSO321005
GETSV,2502049
GETSV,2500495
GETSV,2502429
GETHP,MATH132401
GETSV,2508473
GETHP,IVNC320905
GETHP,MATH132901
GETSV,2504419
GETHP,DIPR430685
GETSV,2503263
GETHP,ESYS431080
GETSV,2504523
GETHP,LESK120190
GETHP,INSE330380
GETHP,INLO220405
GETSV,2509555
GETSV,2505201
GETSV,2506271
GETHP,INLO220405
GETSV,2507147
GETHP,DIGR240485
GETSV,2502567
GETHP,IVNC320905
GETHP,ESYS431080
GETHP,LESK120190
GETSV,2505471
GETSV,2502061
GETSV,2505451
GETHP,MATH132401
GETSV,2500135
GETHP,ESYS431080
GETSV,2507683
GETSV,2500001
GETSV,2504943
GETHP,LLCT120205
GETSV,2508523
GETSV,2500553
GETSV,2502215
GETHP,OOPR230279
GETHP,CAAL230180
GETHP,IVNC320905
GETHP,LESK120190
GETSV,2503981
GETHP,ENCS330537
GETHP,LESK120190
GETSV,2500887
GETSV,2509797
GETSV,2508787
GETSV,2508769
GETHP,DIGR240485
GETSV,2509773
GETSV,2502667
GETSV,2500873
GETHP,LLCT120205
GETSV,2504949
GETHP,DIPR430685
GETHP,ARIN330585
GETHP,IPPA233277
GETSV,2507549
GETSV,2503771
GETHP,LLCT220514
GETHP,LLCT220514
GETHP,MATH132401
GETHP,INLO220405
GETHP,DIPR430685
GETHP,INIT130185
GETHP,INSE330380
GETHP,DIPR430685
GETHP,SPPR330885
GETHP,DIPR430685
GETSV,2500821
GETHP,INSE330380
GETHP,OOPR230279
GETSV,2507119
GETHP,IVNC320905
GETHP,ESYS431080
GETHP,IPPA233277
GETHP,INIT130185
GETSV,2507061
GETSV,2504019
GETHP,LLCT220514
GETSV,2506975
GETSV,2500813
GETSV,2509067
GETHP,OOPR230279
GETSV,2504135
GETSV,2505813
GETSV,2502179
GETHP,IVNC320905
GETSV,2507215
GETSV,2507597
GETHP,DIPR430685
GETHP,SPPR330885
GETHP,LESK120190
GETSV,2501157
GETSV,2502147
GETSV,2506849
GETSV,2500655
GETHP,CAAL230180
GETSV,2502235
GETHP,DIPR430685
GETSV,2504375
GETHP,WEPR330479
GETSV,2507187
GETSV,2500657
GETSV,2505551
GETHP,IPPA233277
GETSV,2509083
GETSV,2506761
GETSV,2509415
GETSV,2509669
GETSV,2503955
GETSV,2503265
GETSV,2503727
GETHP,LLCT220514
GETSV,2500939
GETHP,LLCT220514
GETSV,2505639
GETHP,INSE330380
GETSV,2507923
GETSV,2509105
GETSV,2507887
GETHP,LLCT120205
GETHP,IPPA233277
GETHP,MALE431984
GETHP,SPPR330885
GETHP,IPPA233277
GETHP,ESYS431080
GETSV,2506113
GETSV,2504335
GETHP,OOPR230279
GETSV,2507115
GETHP,WEPR330479
GETSV,2502311
GETHP,LLCT130105
GETHP,INSE330380
GETSV,2501153
GETHP,ESYS431080
GETHP,OOPR230279
GETSV,2507883
GETSV,2500889
GETHP,MATH132401
GETSV,2503509
GETHP,MATH132901
GETSV,2502737
GETHP,ENCS330537
GETSV,2504493
GETHP,MALE431984
GETHP,ENCS330537
GETSV,2508951
GETSV,2501477
GETHP,PHYS130902
GETHP,ENCS330537
GETSV,2504271
GETHP,OOPR230279
GETSV,2508651
GETSV,2504889
GETSV,2508727
GETHP,IVNC320905
GETHP,LLCT130105
GETHP,INLO220405
GETHP,LLCT120205
GETHP,INSE330380
GETSV,2502587
GETHP,IPPA233277
GETHP,ARIN330585
GETHP,ESYS431080
GETSV,2508867
GETSV,2509761
GETHP,DIGR240485
GETSV,2506669
GETHP,LLCT130105
GETHP,INLO220405
GETHP,MATH132401
GETSV,2501701
GETHP,PHYS130902
GETSV,2500625
GETSV,2500127
GETSV,2502509
GETHP,MATH132401
GETHP,DIPR430685
GETHP,DIPR430685
GETHP,MATH132901
GETSV,2505251
GETHP,PHYS130902
GETHP,MATH132401
GETSV,2506477
GETSV,2507771
GETSV,2503433
GETHP,WOPS120390
GETSV,2502645
GETHP,IVNC320905
GETSV,2504977
GETHP,PHYS130902
GETHP,LESK120190
GETSV,2509627
GETHP,SPPR330885
GETHP,DIPR430685
GETHP,SPPR330885
GETSV,2503043
GETHP,MALE431984
GETHP,INLO220405
GETSV,2502781
GETSV,2509083
GETHP,MALE431984
GETSV,2500887
GETHP,ARIN330585
GETSV,2506387
GETHP,LLCT130105
GETHP,INIT130185
GETHP,LLCT220514
GETSV,2506571
GETSV,2501577
GETSV,2501207
GETHP,WOPS120390
GETHP,IVNC320905
GETSV,2502369
GETHP,LLCT120205
GETSV,2507965
GETSV,2504523
GETSV,2505833
GETHP,MATH132901
GETHP,CAAL230180
GETSV,2503123
GETSV,2508593
GETHP,DIPR430685
GETSV,2503293
GETHP,ENCS330537
GETHP,DIPR430685
GETHP,IPPA233277
GETHP,PHYS130902
GETSV,2503795
GETSV,2503937
GETSV,2502975
GETSV,2508269
GETHP,ESYS431080
GETHP,MALE431984
GETSV,2506279
GETSV,2501925
GETHP,DIGR240485
GETHP,MATH132901
GETHP,OOPR230279
GETSV,2507949
GETHP,SPPR330885
GETSV,2506249
GETSV,2500759
GETHP,WIPR230579
GETSV,2508707
GETHP,IVNC320905
GETHP,IPPA233277
GETHP,INSE330380
GETSV,2504459
GETSV,2506825
GETHP,ARIN330585
GETHP,LLCT120205
GETSV,2508611
GETSV,2503105
GETSV,2501791
GETHP,WEPR330479
GETSV,2501435
GETSV,2503817
GETHP,ARIN330585
GETHP,WEPR330479
GETSV,2505283
GETSV,2505313
GETHP,MATH132401
GETSV,2506717
GETSV,2504651
GETHP,WOPS120390
GETSV,2505367
GETSV,2509317
GETHP,WEPR330479
GETSV,2508321
GETSV,2509679
GETSV,2507101
GETHP,INSO321005
GETSV,2507705
GETSV,2502391
GETHP,INLO220405
GETSV,2509155
GETSV,2505281
GETSV,2500271
GETSV,2501213
GETSV,2504011
GETHP,CAAL230180
GETSV,2501031
GETHP,LLCT120205
GETSV,2500787
GETSV,2500081
GETHP,IVNC320905
GETSV,2505453
GETHP,OOPR230279
GETHP,ESYS431080
GETHP,DIPR430685
GETSV,2504357
GETHP,WEPR330479
GETHP,INSO321005
GETSV,2507439
GETHP,WOPS120390
GETHP,DIGR240485
GETSV,2508009
GETHP,ESYS431080
GETSV,2509077
GETSV,2502867
GETSV,2509825
GETSV,2502047
GETHP,ARIN330585
GETSV,2500491
GETSV,2507961
GETSV,2500023
GETHP,MATH132901
GETHP,LLCT130105
GETHP,CAAL230180
GETHP,ENCS330537
GETSV,2507437
GETHP,WIPR230579
GETHP,DIGR240485
GETSV,2500551
GETSV,2501429
GETSV,2507443
GETSV,2501969
GETSV,2506255
GETSV,2508333
GETSV,2504939
GETSV,2505289
GETSV,2502919
GETHP,INSE330380
GETHP,INSE330380
GETHP,WIPR230579
GETHP,INSE330380
GETSV,2509597
GETSV,2506987
GETSV,2504553
GETSV,2509495
GETHP,DIPR430685
GETHP,LLCT130105
GETHP,MATH132401
GETSV,2509343
GETSV,2500797
GETSV,2507307
GETSV,2503561
GETSV,2506695
GETSV,2501541
GETSV,2500147
GETSV,2505841
GETSV,2504895
GETSV,2508781
GETHP,MATH132901
GETHP,LESK120190
GETHP,LLCT120205
GETSV,2504165
GETSV,2505491
GETSV,2503041
GETHP,MALE431984
GETSV,2500525
GETSV,2501819
GETHP,IPPA233277
GETSV,2503431
GETHP,WOPS120390
GETHP,DIPR430685
GETHP,DIPR430685
GETHP,PHYS130902
GETSV,2500317
GETSV,2501883
GETSV,2503961
GETHP,INSO321005
GETSV,2509189
GETSV,2502499
GETSV,2505553
GETHP,SPPR330885
GETHP,LLCT130105
GETSV,2501995
GETHP,PHYS130902
GETSV,2509975
GETHP,LLCT220514
GETHP,INIT130185
GETSV,2503553
GETSV,2507855
GETHP,WIPR230579
GETHP,MATH132401
GETSV,2506649
GETHP,MATH132901
GETHP,INIT130185
GETHP,CAAL230180
GETHP,WEPR330479
GETHP,WOPS120390
GETSV,2506541
GETHP,WEPR330479
GETHP,MATH132401
GETSV,2505239
GETSV,2501461
GETHP,OOPR230279
GETHP,WEPR330479
GETSV,2505887
GETHP,OOPR230279
GETSV,2501195
GETSV,2500057
GETSV,2501111
GETSV,2508549
GETSV,2503939
GETHP,PHYS130902
GETSV,2502671
GETHP,LLCT120205
GETHP,DIGR240485
GETHP,WEPR330479
GETHP,INLO220405
GETSV,2502965
GETSV,2501411
GETSV,2509169
GETSV,2509839
GETHP,OOPR230279
GETSV,2504251
GETSV,2506041
GETSV,2506119
GETHP,LLCT220514
GETSV,2501459
GETSV,2508945
GETSV,2503071
GETHP,LLCT130105
GETSV,2508011
GETHP,ARIN330585
GETSV,2506823
GETHP,IPPA233277
GETSV,2501123
GETSV,2507969
GETSV,2502543
GETSV,2501885
GETHP,ESYS431080
GETSV,2508489
GETHP,LLCT120205
GETHP,WEPR330479
GETSV,2509891
GETHP,ARIN330585
GETSV,2505647
GETHP,DIGR240485
GETHP,INIT130185
GETHP,INSE330380
GETHP,INLO220405
GETHP,MATH132401
GETHP,DIGR240485
GETHP,LESK120190
GETSV,2507951
GETSV,2506797
GETSV,2506539
GETHP,MATH132901
GETHP,ARIN330585
GETHP,WIPR230579
GETSV,2500435
GETSV,2507793
GETHP,ARIN330585
GETSV,2508973
GETSV,2501099
GETSV,2508537
GETHP,INSE330380
GETHP,LLCT220514
GETSV,2504387
GETSV,2503041
GETSV,2508431
GETSV,2509021
GETSV,2502379
GETSV,2505785
GETSV,2508055
GETSV,2507013
GETSV,2500883
GETHP,MATH132401
GETHP,WOPS120390
GETHP,LLCT130105
GETHP,WEPR330479
GETSV,2506697
GETSV,2506967
GETHP,INIT130185
GETSV,2509875
GETHP,ENCS330537
GETSV,2501119
GETHP,MATH132401
GETHP,INLO220405
GETHP,IVNC320905
GETSV,2506823
GETHP,ESYS431080
GETSV,2505619
GETHP,LESK120190
GETHP,INSO321005
GETSV,2508941
GETSV,2507307
GETSV,2508409
GETHP,LESK120190
GETHP,ARIN330585
GETHP,INLO220405
GETSV,2504449
GETHP,MATH132401
GETHP,WEPR330479
GETSV,2504411
GETHP,MALE431984
GETHP,DIGR240485
GETHP,CAAL230180
GETHP,LLCT130105
GETSV,2509329
GETHP,INLO220405
GETHP,ARIN330585
GETHP,DIPR430685
GETSV,2509945
GETSV,2509655
GETHP,DIPR430685
GETSV,2507907
GETHP,LLCT130105
GETHP,MALE431984
GETHP,CAAL230180
GETSV,2506763
GETHP,OOPR230279
GETSV,2507527
GETSV,2504837
GETHP,LLCT220514
GETHP,DIPR430685
GETSV,2503023
GETHP,WIPR230579
GETSV,2501259
GETSV,2506905
GETSV,2504151
GETSV,2509893
GETSV,2508291
GETHP,INSO321005
GETSV,2506383
GETSV,2500333
GETSV,2506587
GETSV,2501385
GETSV,2501815
GETSV,2507573
GETHP,OOPR230279
GETSV,2508161
GETSV,2504383
GETHP,LESK120190
GETSV,2507835
GETHP,MATH132901
GETHP,MATH132401
GETHP,LLCT130105
GETSV,2509763
GETSV,2503665
GETHP,ESYS431080
GETHP,ESYS431080
GETHP,WIPR230579
GETSV,2503305
GETHP,INLO220405
GETSV,2500533
GETSV,2501251
GETSV,2500065
GETHP,MATH132901
GETHP,LLCT220514
GETHP,INLO220405
GETSV,2506953
GETHP,ENCS330537
GETSV,2500629
GETHP,PHYS130902
GETSV,2507009
GETHP,LLCT120205
GETSV,2507149
GETSV,2504427
GETHP,MATH132401
GETHP,DIPR430685
GETSV,2502069
GETSV,2502963
GETHP,LLCT130105
GETHP,WEPR330479
GETSV,2504877
GETHP,ESYS431080
GETSV,2505993
GETHP,INIT130185
GETSV,2503573
GETSV,2504163
GETSV,2504849
GETSV,2509487
GETHP,IPPA233277
GETHP,MALE431984
GETSV,2509369
GETHP,DIPR430685
GETHP,MALE431984
GETHP,LLCT220514
GETSV,2508817
GETSV,2505871
GETSV,2502397
GETSV,2504475
GETSV,2502361
GETSV,2503719
GETHP,MATH132401
GETSV,2501315
GETSV,2507617
GETSV,2509407
GETHP,PHYS130902
GETHP,PHYS130902
GETSV,2500153
GETHP,ARIN330585
GETSV,2509909
GETSV,2508451
GETHP,ENCS330537
GETHP,DIPR430685
GETSV,2508685
GETHP,ESYS431080
GETSV,2500057
GETSV,2508391
GETHP,DIGR240485
GETSV,2504355
GETSV,2501425
GETSV,2508639
GETSV,2509933
GETHP,LLCT120205
GETSV,2504233
GETSV,2502807
GETSV,2503141
GETSV,2502579
GETSV,2501873
GETHP,MATH132901
GETSV,2501261
GETSV,2501163
GETHP,LESK120190
GETSV,2502983
GETHP,SPPR330885
GETHP,LLCT120205
GETHP,LLCT130105
GETSV,2502767
GETSV,2505613
GETSV,2501947
GETSV,2500953
GETHP,IPPA233277
GETHP,INLO220405
GETHP,ESYS431080
GETHP,LLCT130105
GETSV,2505871
GETSV,2500557
GETHP,LLCT130105
GETHP,OOPR230279
GETHP,DIGR240485
GETHP,ENCS330537
GETHP,LESK120190
GETSV,2503121
GETSV,2503903
GETSV,2506413
GETHP,CAAL230180
GETSV,2508985
GETSV,2501175
GETSV,2500885
GETHP,MATH132401
GETSV,2501681
GETHP,WIPR230579
GETHP,INLO220405
GETSV,2509499
GETSV,2500905
GETHP,ARIN330585
GETHP,IVNC320905
GETSV,2506739
GETSV,2501633
GETSV,2509871
GETSV,2503549
GETHP,MALE431984
GETHP,ENCS330537
GETHP,SPPR330885
GETSV,2502757
GETSV,2502931
GETHP,IVNC320905
GETHP,WOPS120390
GETSV,2503149
GETHP,WOPS120390
GETHP,IVNC320905
GETHP,ENCS330537
GETHP,WIPR230579
GETHP,OOPR230279
GETSV,2501489
GETHP,INSO321005
GETHP,ENCS330537
GETSV,2501195
GETSV,2506537
GETSV,2501063
GETSV,2508005
GETHP,WOPS120390
GETHP,LESK120190
GETSV,2508623
GETSV,2502125
GETSV,2505931
GETSV,2500777
GETSV,2501047
GETHP,OOPR230279
GETHP,MATH132401
GETSV,2500849
GETSV,2509679
GETSV,2509341
GETSV,2502075
GETSV,2508153
GETSV,2504599
GETHP,PHYS130902
GETSV,2508451
GETSV,2508001
GETHP,IVNC320905
GETHP,ARIN330585
GETSV,2507515
GETSV,2508649
GETSV,2503511
GETHP,MATH132401
GETSV,2508579
GETSV,2506257
GETSV,2503007
GETSV,2508893
GETSV,2506667
GETHP,CAAL230180
GETHP,INLO220405
GETSV,2504005
GETHP,DIGR240485
GETHP,INSO321005
GETSV,2501791
GETSV,2507677
GETSV,2501435
GETSV,2509481
GETSV,2508631
GETHP,WEPR330479
GETHP,WIPR230579
GETSV,2500881
GETHP,ENCS330537
GETSV,2500221
GETSV,2502043
GETHP,IPPA233277
GETSV,2500503
GETHP,SPPR330885
GETHP,MALE431984
GETHP,WEPR330479
GETSV,2502255
GETSV,2504013
GETHP,WIPR230579
GETHP,INSO321005
GETHP,INSE330380
GETHP,MATH132901
GETSV,2502659
GETSV,2508977
GETSV,2500175
GETSV,2505709
GETSV,2504571
GETSV,2503513
GETSV,2502967
GETHP,LESK120190
GETHP,ENCS330537
GETSV,2501697
GETSV,2503391
GETSV,2503853
GETSV,2508811
GETHP,SPPR330885
GETHP,DIGR240485
GETSV,2500549
GETHP,DIPR430685
GETSV,2508721
GETHP,LLCT120205
GETSV,2505245
GETSV,2503563
GETSV,2506761
GETSV,2500055
GETHP,LLCT120205
GETSV,2500451
GETSV,2506689
GETSV,2501311
GETSV,2504013
GETHP,INSE330380
GETHP,SPPR330885
GETSV,2502231
GETSV,2505093
GETSV,2504243
GETSV,2509377
GETHP,LESK120190
GETSV,2508925
GETSV,2505867
GETSV,2500585
GETHP,WOPS120390
GETHP,WOPS120390
GETHP,ARIN330585
GETHP,MATH132901
GETHP,WEPR330479
GETHP,MATH132401
GETSV,2509035
GETSV,2501385
GETSV,2509655
GETSV,2502117
GETSV,2507091
GETHP,ARIN330585
GETSV,2506367
GETHP,ESYS431080
GETSV,2503979
GETSV,2504777
GETSV,2502631
GETHP,MATH132901
GETHP,INIT130185
GETSV,2504721
GETSV,2500383
GETSV,2505485
GETHP,PHYS130902
GETHP,MATH132401
GETSV,2508535
GETSV,2501893
GETSV,2503875
GETSV,2509009
GETHP,ESYS431080
GETSV,2501213
GETSV,2500635
GETHP,IVNC320905
GETSV,2506359
GETSV,2506741
GETHP,MATH132901
GETHP,LLCT120205
GETHP,WEPR330479
GETHP,LLCT220514
GETSV,2504907
GETHP,MATH132901
GETSV,2508231
GETHP,DIPR430685
GETSV,2504115
GETSV,2505857
GETHP,SPPR330885
GETHP,WOPS120390
GETSV,2505163
GETHP,PHYS130902
GETHP,WOPS120390
GETHP,PHYS130902
GETHP,CAAL230180
GETSV,2501201
GETSV,2507503
GETHP,LLCT220514
GETSV,2502235
GETSV,2507673
GETHP,LLCT130105
GETSV,2505605
GETSV,2502979
GETSV,2503953
GETHP,ARIN330585
GETHP,DIGR240485
GETSV,2507131
GETHP,LESK120190
GETSV,2502887
GETHP,SPPR330885
GETSV,2509091
GETSV,2501937
GETHP,LESK120190
GETSV,2504829
GETSV,2501051
GETSV,2506265
GETSV,2502295
GETHP,INLO220405
GETSV,2505875
GETSV,2508257
GETSV,2500783
GETHP,ARIN330585
GETHP,IVNC320905
GETSV,2509177
GETSV,2503479
GETHP,LLCT220514
GETHP,MATH132901
GETHP,LESK120190
GETHP,WOPS120390
GETSV,2501773
GETSV,2508987
GETHP,LLCT130105
GETHP,PHYS130902
GETSV,2507541
GETSV,2504803
GETHP,INSO321005
GETSV,2502095
GETHP,INLO220405
GETSV,2501787
GETHP,INIT130185
GETSV,2502727
GETHP,WOPS120390
GETSV,2503411
GETSV,2506049
GETSV,2503743
GETSV,2506733
GETSV,2506619
GETSV,2502793
GETSV,2506679
GETHP,LLCT120205
GETSV,2504707
GETHP,CAAL230180
GETHP,ENCS330537
GETSV,2507709
GETSV,2505627
GETSV,2507737
GETHP,MATH132901
GETSV,2503925
GETHP,LLCT120205
GETSV,2503009
GETHP,ESYS431080
GETHP,DIGR240485
GETSV,2501115
GETHP,MATH132901
GETHP,INIT130185
GETHP,ENCS330537
GETHP,LLCT130105
GETHP,IVNC320905
GETHP,ENCS330537
GETHP,IPPA233277
GETSV,2502859
GETHP,ESYS431080
GETSV,2509815
GETHP,MALE431984
GETSV,2500771
GETSV,2505681
GETSV,2507007
GETHP,OOPR230279
GETSV,2506235
GETSV,2501065
GETHP,WIPR230579
GETHP,SPPR330885
GETSV,2502067
GETHP,IPPA233277
GETHP,DIPR430685
GETHP,WEPR330479
GETSV,2507771
GETSV,2503225
GETSV,2501831
GETSV,2506133
GETSV,2507043
GETSV,2506881
GETHP,LESK120190
GETSV,2507085
GETSV,2502331
GETHP,LLCT130105
GETSV,2504535
GETHP,SPPR330885
GETHP,PHYS130902
GETHP,DIPR430685
GETSV,2500079
GETSV,2501197
GETHP,WOPS120390
GETHP,OOPR230279
GETHP,LESK120190
GETSV,2509461
GETHP,ENCS330537
GETSV,2501457
GETSV,2502303
GETHP,IVNC320905
GETHP,SPPR330885
GETSV,2504009
GETHP,LLCT220514
GETSV,2500549
GETSV,2502995
GETSV,2508401
GETHP,CAAL230180
GETHP,WIPR230579
GETHP,INLO220405
GETHP,DIPR430685
GETSV,2506711
GETHP,WIPR230579
GETSV,2501203
GETHP,ENCS330537
GETSV,2507855
GETHP,INLO220405
GETHP,CAAL230180
GETSV,2505785
GETHP,INLO220405
GETHP,DIGR240485
GETSV,2502787
GETHP,INLO220405
GETHP,ARIN330585
GETSV,2502765
GETHP,IVNC320905
GETHP,WEPR330479
GETHP,LLCT220514
GETSV,2505941
GETSV,2508547
GETSV,2503121
GETHP,SPPR330885
GETSV,2506573
GETSV,2503339
GETHP,WOPS120390
GETHP,IPPA233277
GETHP,CAAL230180
GETHP,DIPR430685
GETHP,LESK120190
GETSV,2507567
GETSV,2506381
GETSV,2500779
GETHP,LLCT130105
GETSV,2508231
GETHP,MALE431984
GETSV,2504259
GETHP,LLCT220514
GETHP,WIPR230579
GETHP,ARIN330585
GETHP,INSO321005
GETSV,2508809
GETHP,DIGR240485
GETHP,SPPR330885
GETSV,2509859
GETSV,2505441
GETSV,2507119
GETSV,2506797
GETHP,DIGR240485
GETHP,LLCT120205
GETSV,2502103
GETSV,2501365
GETSV,2502723
GETSV,2501297
GETHP,MALE431984
GETSV,2508973
GETHP,LLCT220514
GETSV,2501913
GETHP,MALE431984
GETSV,2508373
GETSV,2505907
GETSV,2500401
GETSV,2504735
GETHP,CAAL230180
GETHP,IVNC320905
GETHP,ESYS431080
GETHP,WEPR330479
GETSV,2508101
GETSV,2508563
GETHP,SPPR330885
GETSV,2501343
GETHP,INSE330380
GETHP,MATH132901
GETHP,INIT130185
GETSV,2502135
GETSV,2500533
GETSV,2505011
GETHP,IPPA233277
GETHP,MALE431984
GETSV,2507789
GETSV,2501771
GETSV,2509193
GETHP,WEPR330479
GETSV,2508885
GETSV,2505699
GETHP,WOPS120390
GETSV,2507999
GETHP,MATH132901
GETHP,MATH132401
GETSV,2509961
GETSV,2506551
GETHP,LLCT130105
GETSV,2508035
GETHP,ARIN330585
GETSV,2508319
GETHP,INLO220405
GETHP,WOPS120390
GETSV,2506153
GETHP,DIGR240485
GETHP,LESK120190
GETHP,WEPR330479
GETSV,2508001
GETHP,OOPR230279
GETSV,2503373
GETSV,2502123
GETSV,2508137
GETHP,IVNC320905
GETHP,IPPA233277
GETHP,WIPR230579
GETHP,MATH132401
GETSV,2500175
GETSV,2505709
GETSV,2508699
GETSV,2504777
GETSV,2504439
GETHP,OOPR230279
GETSV,2506147
GETHP,WEPR330479
GETHP,MATH132901
GETHP,LLCT120205
GETHP,OOPR230279
GETHP,LLCT220514
GETHP,ENCS330537
GETSV,2506357
GETSV,2504019
GETSV,2504849
GETHP,WOPS120390
GETHP,WOPS120390
GETSV,2504075
GETSV,2505337
GETHP,IVNC320905
GETHP,MALE431984
GETHP,IVNC320905
GETHP,MATH132901
GETHP,OOPR230279
GETSV,2508013
GETHP,IVNC320905
GETSV,2503001
GETSV,2504391
GETHP,DIGR240485
GETHP,DIGR240485
GETSV,2502737
GETHP,PHYS130902
GETSV,2507757
GETSV,2506107
GETSV,2502841
GETHP,CAAL230180
GETHP,LLCT220514
GETSV,2509155
GETHP,WOPS120390
GETHP,CAAL230180
GETSV,2505629
GETSV,2504667
GETSV,2500649
GETSV,2508647
GETHP,INIT130185
GETHP,DIGR240485
GETHP,INIT130185
GETHP,LESK120190
GETSV,2508829
GETSV,2509131
GETSV,2505273
GETHP,OOPR230279
GETHP,OOPR230279
GETHP,CAAL230180
GETHP,WEPR330479
GETSV,2502399
GETSV,2506413
GETHP,IPPA233277
GETSV,2503097
GETHP,WIPR230579
GETHP,INIT130185
GETSV,2507843
GETHP,MALE431984
GETHP,MATH132401
GETHP,ESYS431080
GETSV,2506779
GETHP,SPPR330885
GETSV,2507463
GETSV,2500885
GETSV,2504339
GETSV,2506513
GETSV,2501007
GETSV,2503293
GETHP,ARIN330585
GETSV,2506377
GETHP,MATH132901
GETSV,2506885
GETHP,LESK120190
GETHP,MATH132401
GETHP,PHYS130902
GETSV,2505661
GETSV,2500219
GETHP,INIT130185
GETHP,WIPR230579
GETSV,2505493
GETHP,INLO220405
GETHP,CAAL230180
GETHP,PHYS130902
GETHP,DIPR430685
GETHP,IPPA233277
GETSV,2503145
GETHP,MATH132401
GETHP,LLCT220514
GETSV,2506035
GETHP,INSO321005
GETHP,ESYS431080
GETSV,2506877
GETSV,2502619
GETHP,INSE330380
GETHP,WIPR230579
GETSV,2508181
GETSV,2503139
GETSV,2505041
GETSV,2506239
GETHP,INLO220405
GETSV,2502747
GETSV,2500793
GETSV,2501559
GETHP,DIPR430685
GETSV,2507715
GETSV,2506273
GETHP,INSO321005
GETHP,INSO321005
GETHP,ARIN330585
GETSV,2503577
GETSV,2506007
GETHP,IPPA233277
GETHP,WOPS120390
GETSV,2500801
GETHP,LESK120190
GETHP,INIT130185
GETSV,2507419
GETSV,2503337
GETSV,2509511
GETHP,DIPR430685
GETHP,DIPR430685
GETHP,WIPR230579
GETHP,LLCT120205
GETHP,DIGR240485
GETHP,INSO321005
GETSV,2504617
GETSV,2502663
GETHP,DIGR240485
GETSV,2501523
GETSV,2508481
GETSV,2506815
GETSV,2509709
GETHP,MATH132401
GETHP,IPPA233277
GETSV,2505543
GETHP,WIPR230579
GETSV,2502611
GETSV,2504273
GETHP,WOPS120390
GETHP,IPPA233277
GETHP,WIPR230579
GETSV,2501417
GETSV,2501383
GETHP,DIPR430685
GETSV,2508147
GETHP,WOPS120390
GETSV,2504543
GETHP,MALE431984
GETSV,2508091
GETSV,2502041
GETHP,DIPR430685
GETHP,PHYS130902
GETSV,2508691
GETSV,2502913
GETHP,IPPA233277
GETHP,LESK120190
GETHP,IVNC320905
GETHP,CAAL230180
GETSV,2500471
GETHP,LLCT120205
GETHP,WOPS120390
GETSV,2505633
GETHP,INLO220405
GETSV,2502013
GETHP,INLO220405
GETSV,2507337
GETHP,CAAL230180
GETSV,2500693
GETHP,INLO220405
GETHP,WOPS120390
GETHP,OOPR230279
GETHP,LLCT120205
GETHP,ENCS330537
GETHP,INSO321005
GETHP,MALE431984
GETSV,2500837
GETSV,2506787
GETHP,ESYS431080
GETHP,WOPS120390
GETHP,WOPS120390
GETHP,INLO220405
GETSV,2505801
GETSV,2506359
GETHP,LLCT220514
GETHP,PHYS130902
GETSV,2506129
GETSV,2501951
GETSV,2506029
GETSV,2507291
GETSV,2501273
GETHP,IPPA233277
GETHP,INSO321005
GETHP,OOPR230279
GETSV,2508065
GETHP,INSO321005
GETHP,INLO220405
GETHP,IPPA233277
GETSV,2502553
GETSV,2500087
GETHP,IVNC320905
GETHP,WEPR330479
GETHP,WIPR230579
GETSV,2508367
GETHP,ENCS330537
GETSV,2508187
GETHP,LLCT120205
GETSV,2509479
GETHP,CAAL230180
GETHP,LLCT220514
GETSV,2503409
GETSV,2506303
GETHP,INSO321005
GETSV,2507051
GETSV,2502985
GETHP,MATH132901
GETHP,MATH132401
GETHP,INIT130185
GETSV,2509969
GETSV,2507375
GETHP,MATH132401
GETHP,PHYS130902
GETHP,LLCT120205
GETHP,MATH132401
GETSV,2505797
GETSV,2503107
GETSV,2504577
GETHP,WEPR330479
GETSV,2504605
GETSV,2507499
GETSV,2509929
GETSV,2502135
GETHP,DIPR430685
GETSV,2501123
GETHP,LESK120190
GETSV,2509535
GETSV,2502765
GETHP,MALE431984
GETSV,2508217
GETSV,2500071
GETHP,ESYS431080
GETSV,2509123
GETHP,LLCT120205
GETSV,2506271
GETSV,2503725
GETHP,INSE330380
GETHP,INSE330380
GETHP,PHYS130902
GETHP,MATH132901
GETSV,2509907
GETHP,ENCS330537
GETHP,IPPA233277
GETHP,WIPR230579
GETHP,OOPR230279
GETHP,DIGR240485
GETSV,2504599
GETSV,2503445
GETHP,WOPS120390
GETHP,WIPR230579
GETHP,LLCT220514
GETHP,ESYS431080
GETHP,PHYS130902
GETHP,ESYS431080
GETSV,2508695
GETSV,2502165
GETSV,2502435
GETHP,WIPR230579
GETHP,ESYS431080
GETSV,2506845
GETSV,2507515
GETHP,IVNC320905
GETSV,2504215
GETSV,2509669
GETHP,LLCT120205
GETSV,2501281
GETHP,LLCT130105
GETHP,INLO220405
GETSV,2505755
GETSV,2505625
GETHP,ARIN330585
GETHP,INLO220405
GETSV,2500227
GETHP,LLCT120205
GETHP,INSO321005
GETHP,ESYS431080
GETSV,2504619
GETSV,2506761
GETSV,2506311
GETSV,2506405
GETHP,DIPR430685
GETHP,DIPR430685
GETHP,INIT130185
GETSV,2508445
GETSV,2501675
GETHP,MATH132401
GETHP,IPPA233277
GETHP,ARIN330585
GETSV,2502339
GETSV,2507185
GETSV,2504943
GETHP,LESK120190
GETHP,IVNC320905
GETHP,DIPR430685
GETHP,INSE330380
GETHP,ENCS330537
GETHP,MATH132401
GETHP,ARIN330585
GETHP,LLCT120205
GETHP,IVNC320905
GETSV,2504267
GETSV,2509641
GETHP,WEPR330479
GETSV,2502933
GETHP,MATH132901
GETSV,2506225
GETHP,ESYS431080
GETSV,2501309
GETHP,CAAL230180
GETHP,WEPR330479
GETHP,MATH132401
GETSV,2502357
GETSV,2509011
GETHP,MATH132901
GETSV,2500015
GETSV,2508237
GETHP,IVNC320905
GETHP,INSO321005
GETSV,2509207
GETHP,LLCT120205
GETSV,2500467
GETHP,WIPR230579
GETHP,ENCS330537
GETSV,2503117
GETHP,IPPA233277
GETSV,2500681
GETSV,2509783
GETSV,2509861
GETSV,2500419
GETHP,DIGR240485
GETSV,2507903
GETSV,2501245
GETHP,INSO321005
GETSV,2506905
GETSV,2500471
GETSV,2503237
GETHP,LESK120190
GETSV,2501729
GETHP,WEPR330479
GETSV,2504317
GETSV,2504651
GETSV,2506553
GETSV,2504295
GETSV,2500805
GETHP,MATH132901
GETSV,2509761
GETSV,2507231
GETSV,2501389
GETHP,WIPR230579
GETSV,2500089
GETSV,2501943
GETSV,2501541
GETSV,2507331
GETHP,MATH132901
GETSV,2502815
GETSV,2501597
GETSV,2505227
GETSV,2500089
GETHP,IPPA233277
GETHP,WIPR230579
GETSV,2505091
GETHP,DIGR240485
GETHP,ARIN330585
GETSV,2503229
GETHP,ESYS431080
GETSV,2501257
GETSV,2506359
GETHP,CAAL230180
GETSV,2504643
GETHP,LLCT130105
GETHP,PHYS130902
GETSV,2500093
GETHP,OOPR230279
GETHP,SPPR330885
GETHP,DIGR240485
GETHP,OOPR230279
GETHP,MALE431984
GETHP,ENCS330537
GETSV,2505807
GETSV,2507885
GETSV,2506427
GETHP,ARIN330585
GETHP,INIT130185
GETHP,LLCT120205
GETSV,2502563
GETSV,2508465
GETSV,2502047
GETSV,2500557
GETSV,2503323
GETSV,2507721
GETSV,2501319
GETHP,ENCS330537
GETSV,2509283
GETHP,MALE431984
GETHP,PHYS130902
GETHP,WOPS120390
GETSV,2505515
GETSV,2500121
GETSV,2507175
GETHP,ENCS330537
GETSV,2502643
GETSV,2506673
GETHP,MALE431984
GETSV,2503133
GETHP,DIGR240485
GETSV,2508921
GETSV,2507911
GETHP,WOPS120390
GETHP,MATH132401
GETSV,2506241
GETHP,INIT130185
GETSV,2507645
GETSV,2500091
GETHP,SPPR330885
GETHP,PHYS130902
GETSV,2507253
GETHP,IPPA233277
GETSV,2500641
GETSV,2505519
GETHP,OOPR230279
GETSV,2506411
GETHP,ESYS431080
GETHP,ARIN330585
GETHP,MALE431984
GETHP,IPPA233277
GETHP,MATH132901
GETSV,2505231
GETSV,2509805
GETHP,OOPR230279
GETSV,2500985
GETSV,2502311
GETHP,IPPA233277
GETSV,2504803
GETHP,WEPR330479
GETHP,MATH132901
GETSV,2503405
GETHP,ESYS431080
GETSV,2502329
GETSV,2503943
GETSV,2500693
GETSV,2504803
GETSV,2505649
GETHP,DIPR430685
GETHP,LLCT120205
GETHP,INSE330380
GETSV,2508217
GETHP,LLCT220514
GETSV,2502645
GETHP,LLCT220514
GETSV,2502337
GETHP,ESYS431080
GETHP,PHYS130902
GETSV,2507307
GETSV,2505721
GETHP,DIGR240485
GETSV,2509573
GETSV,2501923
GETHP,LLCT130105
GETHP,MALE431984
GETSV,2506125
GETHP,PHYS130902
GETSV,2508569
GETHP,ENCS330537
GETSV,2503237
GETHP,SPPR330885
GETSV,2507505
GETHP,DIGR240485
GETHP,IVNC320905
GETSV,2504923
GETHP,LESK120190
GETSV,2508647
GETSV,2506869
GETSV,2502451
GETHP,INSO321005
GETSV,2505423
GETHP,MATH132901
GETHP,INSE330380
GETHP,MALE431984
GETSV,2506407
GETSV,2506949
GETSV,2500003
GETHP,DIGR240485
GETSV,2502719
GETSV,2506221
GETHP,INSO321005
GETHP,MATH132401
GETSV,2500343
GETSV,2505925
GETHP,LLCT120205
GETHP,LLCT130105
GETSV,2502511
GETHP,WEPR330479
GETHP,MATH132401
GETHP,DIGR240485
GETHP,WIPR230579
GETHP,CAAL230180
GETHP,CAAL230180
GETSV,2501265
GETSV,2509855
GETSV,2509101
GETSV,2501627
GETHP,OOPR230279
GETSV,2504135
GETSV,2501237
GETSV,2508723
GETHP,INSE330380
GETHP,WEPR330479
GETSV,2501693
GETHP,MALE431984
GETHP,IVNC320905
GETHP,MATH132401
GETSV,2506917
GETHP,INIT130185
GETSV,2508673
GETHP,SPPR330885
GETHP,IPPA233277
GETHP,ARIN330585
GETHP,OOPR230279
GETSV,2509063
GETSV,2503861
GETHP,INIT130185
GETHP,IPPA233277
GETSV,2502223
GETHP,ARIN330585
GETSV,2503739
GETSV,2505545
GETSV,2508439
GETHP,IPPA233277
GETHP,INLO220405
GETHP,ESYS431080
GETSV,2504639
GETHP,WIPR230579
GETHP,LLCT130105
GETSV,2500921
GETSV,2504343
GETHP,LLCT120205
GETHP,INSO321005
GETSV,2507985
GETHP,CAAL230180
GETSV,2509629
GETSV,2502075
GETHP,LESK120190
GETSV,2507383
GETSV,2505717
GETHP,MALE431984
GETHP,MATH132901
GETSV,2504079
GETHP,IPPA233277
GETSV,2502923
GETHP,INSE330380
GETSV,2502199
GETSV,2501973
GETHP,MALE431984
GETSV,2508881
GETSV,2507887
GETHP,SPPR330885
GETHP,INLO220405
GETSV,2506201
GETHP,WOPS120390
GETHP,LLCT220514
GETSV,2509939
GETHP,IVNC320905
GETHP,WEPR330479
GETSV,2501389
GETHP,CAAL230180
GETHP,ESYS431080
GETSV,2505031
GETHP,MALE431984
GETHP,IPPA233277
GETSV,2500769
GETSV,2504415
GETSV,2504269
GETSV,2506139
GETSV,2506793
GETSV,2504391
GETHP,LLCT120205
GETHP,MATH132901
GETHP,ESYS431080
GETSV,2505471
GETSV,2503725
GETSV,2503899
GETHP,MALE431984
GETSV,2500951
GETSV,2507029
GETHP,ARIN330585
GETHP,ENCS330537
GETSV,2507535
GETHP,DIGR240485
GETSV,2509611
GETSV,2500697
GETHP,WOPS120390
GETHP,INSE330380
GETHP,DIPR430685
GETHP,LLCT130105
GETHP,LLCT130105
GETSV,2504445
GETSV,2505307
GETHP,DIPR430685
GETSV,2506487
GETSV,2503061
GETSV,2507267
GETHP,MALE431984
GETSV,2506335
GETHP,CAAL230180
GETSV,2506859
GETHP,IVNC320905
GETHP,MALE431984
GETHP,WIPR230579
GETSV,2504563
GETHP,MATH132901
GETSV,2509263
GETSV,2509357
GETHP,IVNC320905
GETSV,2509113
GETSV,2501991
GETHP,MATH132901
GETSV,2506323
GETHP,IPPA233277
GETSV,2507375
GETHP,ENCS330537
GETHP,LESK120190
GETSV,2504633
GETHP,OOPR230279
GETSV,2506741
GETHP,MATH132901
GETSV,2507537
GETSV,2500495
GETSV,2504477
GETSV,2505243
GETHP,IPPA233277
GETSV,2500823
GETHP,MALE431984
GETSV,2507843
GETHP,DIGR240485
GETSV,2509279
GETSV,2506237
GETSV,2507035
GETHP,OOPR230279
GETSV,2509319
GETHP,WOPS120390
GETSV,2509203
GETSV,2503681
GETSV,2509823
GETSV,2509677
GETHP,INSO321005
GETSV,2506553
GETHP,DIGR240485
GETHP,INIT130185
GETSV,2504611
GETSV,2502513
GETSV,2501791
GETHP,WOPS120390
GETHP,DIPR430685
GETSV,2507321
GETHP,ESYS431080
GETSV,2509301
GETHP,WIPR230579
GETSV,2504641
GETHP,PHYS130902
GETHP,WOPS120390
GETSV,2508891
GETHP,WOPS120390
GETHP,PHYS130902
GETSV,2508533
GETHP,SPPR330885
GETHP,ESYS431080
GETHP,DIGR240485
GETSV,2503469
GETHP,WEPR330479
GETSV,2506169
GETHP,PHYS130902
GETHP,SPPR330885
GETSV,2509651
GETSV,2502641
GETSV,2500639
GETHP,LLCT130105
GETSV,2509659
GETHP,ENCS330537
GETSV,2504855
GETSV,2508901
GETSV,2509875
GETHP,OOPR230279
GETSV,2500639
GETSV,2506957
GETSV,2504475
GETHP,INLO220405
GETHP,PHYS130902
GETHP,IPPA233277
GETHP,SPPR330885
GETHP,WOPS120390
GETHP,OOPR230279
GETSV,2508925
GETSV,2506331
GETHP,DIGR240485
GETSV,2502999
GETSV,2508869
GETSV,2506899
GETHP,LLCT120205
GETSV,2501247
GETHP,INLO220405
GETSV,2505131
GETHP,INLO220405
GETSV,2506839
GETSV,2502741
GETHP,WIPR230579
GETSV,2502593
GETSV,2503375
GETSV,2500541
GETHP,LLCT130105
GETSV,2500409
GETHP,LLCT220514
GETHP,ESYS431080
GETSV,2507171
GETSV,2508833
GETHP,IVNC320905
GETHP,INSE330380
GETHP,MALE431984
GETSV,2502361
GETHP,IPPA233277
GETSV,2506853
GETSV,2502019
GETSV,2501985
GETSV,2504367
GETHP,INLO220405
GETSV,2502171
GETSV,2502873
GETHP,INSE330380
GETHP,LLCT120205
GETHP,ENCS330537
GETHP,CAAL230180
GETSV,2509039
GETHP,DIGR240485
GETHP,IPPA233277
GETSV,2503097
GETHP,LLCT130105
GETHP,OOPR230279
GETSV,2501027
GETHP,LLCT120205
GETHP,LLCT130105
GETHP,PHYS130902
GETHP,ENCS330537
GETSV,2502649
GETHP,ENCS330537
GETSV,2508197
GETSV,2500675
GETHP,INLO220405
GETHP,DIPR430685
GETSV,2504525
GETSV,2503803
GETSV,2503273
GETSV,2504103
GETHP,MALE431984
GETSV,2500899
GETHP,INLO220405
GETHP,LESK120190
GETHP,WEPR330479
GETSV,2502843
GETHP,LESK120190
GETHP,SPPR330885
GETSV,2505909
GETSV,2505171
GETSV,2505841
GETHP,ENCS330537
GETSV,2504237
GETHP,OOPR230279
GETHP,PHYS130902
GETHP,MALE431984
GETSV,2500613
GETSV,2504803
GETSV,2503505
GETHP,INSE330380
GETHP,CAAL230180
GETHP,CAAL230180
GETSV,2508057
GETSV,2500999
GETHP,INIT130185
GETHP,WEPR330479
GETSV,2503713
GETHP,WEPR330479
GETSV,2508893
GETHP,LLCT220514
GETSV,2509113
GETHP,MATH132401
GETHP,IPPA233277
GETSV,2504259
GETHP,PHYS130902
GETSV,2502463
GETHP,OOPR230279
GETHP,LLCT220514
GETHP,LLCT130105
GETSV,2504471
GETHP,DIPR430685
GETHP,LLCT120205
GETHP,DIPR430685
GETSV,2509311
GETSV,2509181
GETSV,2509515
GETHP,WIPR230579
GETSV,2503415
GETSV,2502965
GETHP,PHYS130902
GETHP,MATH132901
GETHP,LLCT130105
GETHP,IPPA233277
GETHP,INSE330380
GETHP,IVNC320905
GETSV,2502919
GETSV,2501541
GETSV,2505651
GETSV,2508785
GETHP,IVNC320905
GETHP,DIPR430685
GETHP,SPPR330885
GETHP,CAAL230180
GETHP,INLO220405
GETHP,LLCT130105
GETSV,2501699
GETSV,2509937
GETHP,LLCT120205
GETHP,INSE330380
GETHP,WOPS120390
GETHP,INLO220405
GETSV,2504215
GETSV,2505093
GETSV,2505939
GETHP,INSO321005
GETSV,2500559
GETSV,2505037
GETSV,2507931
GETHP,IPPA233277
GETHP,DIGR240485
GETHP,ARIN330585
GETSV,2500275
GETHP,WIPR230579
GETSV,2501327
GETSV,2503837
GETHP,ENCS330537
GETHP,WEPR330479
GETHP,WEPR330479
GETHP,ESYS431080
GETSV,2500003
GETSV,2501329
GETSV,2503919
GETSV,2508557
GETSV,2508331
GETSV,2503577
GETSV,2505095
GETSV,2503205
GETHP,WIPR230579
GETHP,CAAL230180
GETHP,IPPA233277
GETHP,INSO321005
GETHP,INSE330380
GETHP,INIT130185
GETHP,MATH132401
GETSV,2507653
GETHP,CAAL230180
GETHP,WOPS120390
GETHP,LLCT120205
GETHP,DIGR240485
GETHP,INLO220405
GETSV,2500089
GETSV,2503303
GETSV,2508389
GETSV,2502115
GETHP,PHYS130902
GETSV,2509503
GETSV,2502989
GETSV,2509915
GETSV,2504297
GETHP,ESYS431080
GETSV,2504021
GETHP,OOPR230279
GETHP,WOPS120390
GETHP,WIPR230579
GETHP,WOPS120390
GETSV,2503963
GETSV,2504409
GETSV,2508375
GETSV,2505493
GETSV,2501875
GETHP,MALE431984
GETSV,2507919
GETHP,DIGR240485
GETSV,2503499
GETSV,2505401
GETHP,ARIN330585
GETHP,INLO220405
GETSV,2503427
GETSV,2505329
GETHP,WOPS120390
GETHP,INIT130185
GETSV,2506491
GETHP,INSO321005
GETSV,2506055
GETSV,2501381
GETSV,2502531
GETSV,2500865
GETSV,2507759
GETSV,2507389
GETHP,SPPR330885
GETSV,2507913
GETSV,2507927
GETHP,OOPR230279
GETSV,2507779
GETHP,SPPR330885
GETSV,2505999
GETSV,2509789
GETSV,2501931
GETHP,WEPR330479
GETHP,LESK120190
GETHP,MATH132901
GETHP,ARIN330585
GETHP,INIT130185
GETSV,2502975
GETHP,LLCT220514
GETHP,CAAL230180
GETSV,2504105
GETSV,2503607
GETSV,2500757
GETHP,ENCS330537
GETSV,2500801
GETHP,PHYS130902
GETHP,ENCS330537
GETHP,INSO321005
GETHP,WEPR330479
GETHP,CAAL230180
GETHP,ENCS330537
GETHP,OOPR230279
GETHP,WOPS120390
GETSV,2502287
GETHP,LLCT130105
GETSV,2509275
GETSV,2500169
GETHP,INSO321005
GETHP,MATH132401
GETHP,ENCS330537
GETHP,DIGR240485
GETHP,INLO220405
GETHP,ENCS330537
GETHP,ESYS431080
GETHP,MATH132901
GETHP,ESYS431080
GETHP,SPPR330885
GETSV,2501059
GETHP,WEPR330479
GETSV,2500127
GETSV,2508941
GETHP,DIPR430685
GETSV,2509737
GETSV,2508695
GETHP,ARIN330585
GETSV,2500915
GETSV,2509617
GETSV,2508719
GETHP,CAAL230180
GETSV,2503611
GETHP,MATH132901
GETSV,2508695
GETSV,2509045
GETSV,2508499
GETSV,2500257
GETHP,SPPR330885
GETSV,2502685
GETSV,2501867
GETSV,2503065
GETHP,MALE431984
GETHP,DIPR430685
GETSV,2505699
GETSV,2502545
GETHP,DIPR430685
GETSV,2500445
GETHP,LLCT120205
GETSV,2500713
GETHP,LLCT120205
GETSV,2509861
GETSV,2505923
GETSV,2507057
GETHP,PHYS130902
GETSV,2507421
GETSV,2506219
GETHP,INSE330380
GETSV,2504487
GETSV,2505141
GETHP,INLO220405
GETHP,IPPA233277
GETHP,MALE431984
GETHP,WEPR330479
GETSV,2509771
GETSV,2502649
GETHP,LLCT130105
GETSV,2507285
GETHP,DIPR430685
GETHP,LESK120190
GETSV,2505935
GETHP,PHYS130902
GETSV,2509819
GETSV,2507721
GETSV,2506695
GETHP,LESK120190
GETHP,SPPR330885
GETSV,2509265
GETHP,CAAL230180
GETHP,MATH132901
GETSV,2500555
GETSV,2504409
GETSV,2500615
GETHP,DIGR240485
GETSV,2507123
GETSV,2501761
GETSV,2507439
GETHP,DIGR240485
GETSV,2507227
GETHP,INIT130185
GETSV,2506743
GETHP,INLO220405
GETHP,OOPR230279
GETHP,SPPR330885
GETHP,ENCS330537
GETSV,2508781
GETHP,MALE431984
GETHP,IVNC320905
GETHP,IPPA233277
GETSV,2509605
GETSV,2508755
GETSV,2504833
GETHP,INSO321005
GETSV,2506637
GETHP,ESYS431080
GETSV,2508841
GETSV,2503671
GETHP,OOPR230279
GETSV,2504339
GETHP,INSE330380
GETHP,IPPA233277
GETSV,2507437
GETHP,ESYS431080
GETSV,2506329
GETHP,IVNC320905
GETHP,IVNC320905
GETHP,ARIN330585
GETHP,OOPR230279
GETHP,WOPS120390
GETHP,MATH132901
GETSV,2503723
GETHP,INLO220405
GETSV,2503047
GETSV,2506837
GETHP,LLCT130105
GETSV,2509729
GETSV,2503071
GETHP,LLCT120205
GETHP,DIPR430685
GETHP,SPPR330885
GETHP,PHYS130902
GETSV,2501877
GETSV,2509987
GETHP,INSE330380
GETHP,LESK120190
GETHP,INIT130185
GETSV,2507595
GETHP,ESYS431080
GETSV,2507095
GETSV,2507541
GETSV,2506947
GETSV,2504497
GETHP,INSO321005
GETHP,DIPR430685
GETHP,MALE431984
GETHP,DIGR240485
GETSV,2501367
GETSV,2503733
GETHP,ESYS431080
GETHP,DIGR240485
GETHP,PHYS130902
GETSV,2507805
GETSV,2504843
GETHP,CAAL230180
GETSV,2501863
GETHP,INSO321005
GETHP,DIPR430685
GETHP,MALE431984
GETHP,DIPR430685
GETHP,MALE431984
GETSV,2505835
GETSV,2500009
GETHP,WIPR230579
GETHP,ESYS431080
GETSV,2500227
GETSV,2509713
GETHP,INLO220405
GETSV,2503453
GETSV,2506635
GETHP,WIPR230579
GETSV,2505463
GETSV,2503413
GETHP,IPPA233277
GETSV,2508849
GETSV,2507055
GETHP,MATH132901
GETHP,MATH132901
GETSV,2506489
GETSV,2507015
GETHP,WIPR230579
GETSV,2506691
GETSV,2505601
GETHP,LLCT130105
GETHP,INIT130185
GETSV,2506139
GETHP,INSO321005
GETHP,CAAL230180
GETHP,OOPR230279
GETHP,SPPR330885
GETHP,WOPS120390
GETSV,2502527
GETHP,MATH132401
GETHP,ENCS330537
GETSV,2500793
GETSV,2500631
GETHP,WIPR230579
GETSV,2503635
GETHP,OOPR230279
GETSV,2507183
GETSV,2502493
GETHP,LESK120190
GETHP,MALE431984
GETHP,ESYS431080
GETSV,2509589
GETSV,2505907
GETHP,WOPS120390
GETHP,PHYS130902
GETHP,MATH132401
GETHP,LLCT220514
GETSV,2509641
GETSV,2503543
GETHP,WOPS120390
GETSV,2506659
GETHP,ARIN330585
GETHP,WEPR330479
GETHP,INIT130185
GETSV,2506747
GETSV,2507369
GETHP,DIPR430685
GETSV,2504725
GETSV,2501843
GETSV,2501969
GETSV,2506015
GETHP,INIT130185
GETHP,DIPR430685
GETHP,OOPR230279
GETHP,CAAL230180
GETSV,2501653
GETSV,2506195
GETSV,2509073
GETHP,IVNC320905
GETHP,MALE431984
GETHP,WIPR230579
GETHP,IVNC320905
GETSV,2500951
GETSV,2500133
GETSV,2501491
GETSV,2509649
GETHP,DIPR430685
GETSV,2508205
GETHP,PHYS130902
GETHP,WIPR230579
GETSV,2502167
GETHP,DIPR430685
GETSV,2508323
GETHP,MALE431984
GETSV,2504447
GETSV,2500653
GETHP,LLCT130105
GETSV,2504793
GETSV,2505511
GETHP,LLCT220514
GETSV,2505171
GETSV,2508401
GETSV,2506975
GETSV,2502045
GETSV,2505691
GETHP,CAAL230180
GETHP,OOPR230279
GETHP,INSO321005
GETHP,MATH132401
GETHP,INSO321005
GETHP,INIT130185
GETHP,IPPA233277
GETHP,MATH132401
GETHP,LLCT220514
GETHP,DIPR430685
GETHP,INSE330380
GETSV,2501555
GETSV,2508289
GETHP,WOPS120390
GETHP,MALE431984
GETHP,DIPR430685
GETHP,IPPA233277
GETHP,ARIN330585
GETHP,WEPR330479
GETSV,2501283
GETHP,OOPR230279
GETSV,2506511
GETHP,SPPR330885
GETHP,MALE431984
GETSV,2502441
GETHP,ARIN330585
GETHP,WIPR230579
GETHP,SPPR330885
GETSV,2506001
GETHP,INLO220405
GETHP,LLCT220514
GETHP,PHYS130902
GETHP,LESK120190
GETSV,2502871
GETHP,INLO220405
GETHP,ARIN330585
GETHP,OOPR230279
GETHP,MATH132901
GETHP,INSO321005
GETSV,2507307
GETSV,2507337
GETSV,2504327
GETSV,2506869
GETHP,INLO220405
GETSV,2506609
GETHP,MATH132401
GETSV,2506749
GETSV,2500107
GETSV,2507273
GETSV,2506855
GETSV,2505909
GETSV,2504259
GETSV,2509073
GETSV,2504735
GETSV,2507901
GETSV,2500715
GETHP,LLCT120205
GETSV,2505095
GETHP,WIPR230579
GETHP,DIGR240485
GETHP,INIT130185
GETSV,2502431
GETSV,2503901
GETHP,DIGR240485
GETHP,WEPR330479
GETSV,2500407
GETHP,LLCT130105
GETHP,IVNC320905
GETSV,2503649
GETSV,2505967
GETHP,MATH132901
GETSV,2504411
GETSV,2500777
GETSV,2506423
GETSV,2508421
GETHP,MATH132901
GETSV,2509793
GETHP,LLCT120205
GETHP,WOPS120390
GETSV,2502971
GETHP,PHYS130902
GETSV,2507175
GETSV,2504405
GETHP,LLCT120205
GETHP,IPPA233277
GETHP,DIPR430685
GETHP,PHYS130902
GETSV,2508427
GETSV,2500937
GETHP,INIT130185
GETSV,2504133
GETHP,MALE431984
GETSV,2508209
GETSV,2506639
GETHP,PHYS130902
GETSV,2508523
GETHP,SPPR330885
GETSV,2506519
GETHP,WEPR330479
GETHP,LLCT130105
GETSV,2506305
GETSV,2508367
GETSV,2509517
GETSV,2508443
GETSV,2503977
GETSV,2509783
GETHP,INLO220405
GETHP,LLCT120205
GETHP,LLCT120205
GETHP,CAAL230180
GETSV,2504813
GETHP,CAAL230180
GETSV,2500841
GETHP,MATH132401
GETSV,2501413
GETSV,2501427
GETSV,2503617
GETSV,2504495
GETHP,MATH132401
GETHP,WOPS120390
GETSV,2509433
GETHP,LLCT130105
GETHP,CAAL230180
GETSV,2503763
GETSV,2503185
GETHP,IVNC320905
GETHP,WIPR230579
GETHP,DIGR240485
GETHP,MALE431984
GETSV,2505159
GETSV,2506101
GETSV,2502883
GETSV,2504817
GETSV,2503359
GETHP,ARIN330585
GETHP,LLCT120205
GETHP,LESK120190
GETSV,2504727
GETHP,MATH132901
GETSV,2506979
GETHP,MATH132401
GETHP,DIPR430685
GETHP,DIPR430685
GETSV,2508331
GETHP,PHYS130902
GETHP,INIT130185
GETSV,2504597
GETSV,2507587
GETSV,2506897
GETHP,INSO321005
GETSV,2500493
GETSV,2502059
GETSV,2506153
GETSV,2507975
GETHP,MALE431984
GETSV,2500547
GETSV,2500065
GETSV,2505375
GETSV,2500781
GETHP,ESYS431080
GETHP,WEPR330479
GETHP,INLO220405
GETHP,WEPR330479
GETSV,2504131
GETSV,2503473
GETSV,2508959
GETSV,2502573
GETSV,2500251
GETSV,2500425
GETHP,IVNC320905
GETSV,2508981
GETSV,2506355
GETSV,2508545
GETSV,2506943
GETSV,2500253
GETHP,OOPR230279
GETHP,ENCS330537
GETHP,WIPR230579
GETHP,MALE431984
GETSV,2504051
GETSV,2500193
GETSV,2503391
GETSV,2508253
GETSV,2502667
GETSV,2509481
GETSV,2506519
GETHP,WIPR230579
GETSV,2509235
GETSV,2502241
GETHP,DIGR240485
GETHP,DIGR240485
GETSV,2505339
GETHP,MATH132401
GETHP,MATH132901
GETHP,MALE431984
GETSV,2509123
GETHP,INSE330380
GETSV,2508655
GETHP,MATH132901
GETHP,INSE330380
GETSV,2505849
GETHP,MALE431984
GETSV,2504325
GETSV,2504259
GETHP,PHYS130902
GETHP,OOPR230279
GETSV,2507789
GETHP,OOPR230279
GETSV,2501273
GETSV,2500583
GETHP,IVNC320905
GETSV,2500419
GETHP,LESK120190
GETHP,DIGR240485
GETSV,2508317
GETHP,INSE330380
GETSV,2505033
GETHP,LESK120190
GETHP,ESYS431080
GETHP,MALE431984
GETSV,2506689
GETHP,IPPA233277
GETSV,2507885
GETSV,2505595
GETHP,INSE330380
GETHP,IPPA233277
GETHP,WEPR330479
GETSV,2500195
GETSV,2505601
GETHP,LESK120190
GETSV,2505885
GETSV,2505131
GETHP,IPPA233277
GETSV,2506535
GETHP,PHYS130902
GETHP,WEPR330479
GETHP,LESK120190
GETHP,ARIN330585
GETSV,2503629
GETSV,2500123
GETHP,IVNC320905
GETHP,MATH132401
GETSV,2509925
GETHP,LESK120190
GETSV,2506625
GETSV,2507439
GETHP,IPPA233277
GETHP,CAAL230180
GETSV,2507545
GETHP,WIPR230579
GETSV,2504069
GETHP,INSO321005
GETHP,LLCT120205
GETSV,2506079
GETHP,ESYS431080
GETHP,WIPR230579
GETHP,INIT130185
GETHP,ARIN330585
GETSV,2502021
GETHP,INLO220405
GETHP,OOPR230279
GETSV,2501519
GETSV,2504797
GETSV,2505723
GETSV,2509337
GETSV,2507111
GETSV,2500213
GETHP,INSE330380
GETSV,2504993
GETHP,DIGR240485
GETHP,PHYS130902
GETHP,LLCT130105
GETSV,2506473
GETSV,2501127
GETHP,LESK120190
GETHP,PHYS130902
GETSV,2504689
GETSV,2507135
GETHP,LLCT220514
GETHP,MATH132401
GETSV,2503577
GETSV,2502711
GETHP,ENCS330537
GETHP,IVNC320905
GETSV,2503201
GETHP,MATH132401
GETHP,WEPR330479
GETSV,2508971
GETHP,CAAL230180
GETSV,2509367
GETHP,CAAL230180
GETHP,MALE431984
GETHP,LESK120190
GETHP,MALE431984
GETHP,INIT130185
GETHP,ENCS330537
GETHP,IPPA233277
GETSV,2509863
GETHP,DIGR240485
GETHP,WEPR330479
GETHP,PHYS130902
GETHP,INSO321005
GETSV,2509149
GETHP,IVNC320905
GETSV,2504745
GETHP,INSE330380
GETSV,2507701
GETHP,WOPS120390
GETHP,WOPS120390
GETHP,IVNC320905
GETHP,MALE431984
GETHP,LESK120190
GETHP,LLCT130105
GETHP,MATH132401
GETHP,ESYS431080
GETHP,DIGR240485
GETHP,ENCS330537
GETSV,2502207
GETHP,INSE330380
GETHP,LLCT130105
GETHP,OOPR230279
GETHP,INSE330380
GETHP,IPPA233277
GETHP,INSO321005
GETSV,2501313
GETSV,2501615
GETHP,MATH132401
GETHP,LESK120190
GETHP,MATH132901
GETSV,2506871
GETHP,PHYS130902
GETSV,2503539
GETSV,2507041
GETHP,PHYS130902
GETSV,2500557
GETSV,2504699
GETHP,INIT130185
GETHP,ENCS330537
GETSV,2502101
GETSV,2503731
GETSV,2509153
GETSV,2502927
GETSV,2507261
GETHP,DIPR430685
GETHP,OOPR230279
GETSV,2505911
GETHP,INSE330380
GETSV,2500563
GETSV,2507425
GETSV,2507599
GETSV,2501165
GETSV,2502379
GETHP,INLO220405
GETSV,2501319
GETHP,CAAL230180
GETSV,2502195
GETSV,2500625
GETHP,INSO321005
GETSV,2502813
GETSV,2505467
GETSV,2502521
GETSV,2500279
GETHP,ESYS431080
GETSV,2506531
GETHP,LLCT120205
GETSV,2504239
GETSV,2507373
GETHP,ARIN330585
GETSV,2502649
GETSV,2507991
GETSV,2500101
GETHP,WEPR330479
GETHP,ENCS330537
GETSV,2502351
GETHP,INLO220405
GETHP,PHYS130902
GETHP,SPPR330885
GETSV,2506487
GETSV,2507957
GETHP,ARIN330585
GETSV,2509265
GETSV,2507663
GETHP,WEPR330479
GETHP,OOPR230279
GETHP,INIT130185
GETHP,LLCT130105
GETSV,2501989
GETSV,2504307
GETSV,2500913
GETSV,2501311
GETHP,INSE330380
GETHP,LLCT120205
GETSV,2501049
GETSV,2505815
GETHP,ARIN330585
GETSV,2509395
GETSV,2500641
GETSV,2504415
GETSV,2503197
GETSV,2508523
GETHP,DIPR430685
GETHP,DIPR430685
GETSV,2503957
GETSV,2501715
GETHP,CAAL230180
GETHP,INLO220405
GETSV,2503149
GETSV,2505179
GETSV,2500137
GETSV,2505255
GETHP,WIPR230579
GETSV,2506643
GETSV,2508129
GETSV,2504047
GETHP,INSO321005
GETHP,LLCT130105
GETHP,IPPA233277
GETSV,2509271
GETHP,PHYS130902
GETSV,2509283
GETSV,2506465
GETSV,2504383
GETSV,2504845
GETHP,OOPR230279
GETHP,IVNC320905
GETSV,2505623
GETHP,ESYS431080
GETSV,2507187
GETSV,2504065
GETSV,2503583
GETHP,INLO220405
GETSV,2508507
GETSV,2507817
GETSV,2507367
GETSV,2509509
GETSV,2500371
GETHP,IVNC320905
GETHP,DIPR430685
GETHP,ARIN330585
GETSV,2501467
GETHP,WOPS120390
GETSV,2509799
GETSV,2507333
GETSV,2504035
GETSV,2500113
GETSV,2501167
GETHP,CAAL230180
GETHP,PHYS130902
GETSV,2500905
GETHP,CAAL230180
GETHP,DIPR430685
GETSV,2504931
GETSV,2506097
GETHP,DIGR240485
GETSV,2501821
GETSV,2505947
GETSV,2505865
GETSV,2509079
GETHP,OOPR230279
GETHP,ARIN330585
GETHP,INIT130185
GETSV,2500655
GETHP,LLCT220514
GETSV,2505195
GETHP,LESK120190
GETSV,2502199
GETSV,2509013
GETSV,2503155
GETHP,CAAL230180
GETSV,2509343
GETSV,2505277
GETSV,2508219
GETSV,2508393
GETSV,2502231
GETHP,MATH132901
GETHP,PHYS130902
GETSV,2503137
GETSV,2500671
GETHP,ARIN330585
GETSV,2505243
GETHP,WOPS120390
GETHP,INIT130185
GETHP,LLCT220514
GETSV,2500883
GETHP,SPPR330885
GETSV,2502527
GETHP,LLCT130105
GETHP,PHYS130902
GETSV,2507977
GETHP,ARIN330585
GETSV,2500949
GETSV,2508787
GETSV,2505489
GETHP,LESK120190
GETSV,2506061
GETSV,2506827
GETHP,WEPR330479
GETHP,INLO220405
GETHP,INSO321005
GETHP,WEPR330479
GETSV,2503313
GETHP,LLCT120205
GETSV,2509725
GETHP,WEPR330479
GETSV,2502361
GETSV,2506487
GETHP,INLO220405
GETSV,2502899
GETHP,ESYS431080
GETHP,WOPS120390
GETHP,WEPR330479
GETHP,LLCT220514
GETSV,2504057
GETSV,2503239
GETSV,2502373
GETHP,LLCT220514
GETSV,2504689
GETHP,LLCT220514
GETSV,2509325
GETSV,2506203
GETSV,2508617
GETHP,INLO220405
GETHP,ESYS431080
GETHP,IPPA233277
GETSV,2502977
GETHP,INSO321005
GETHP,ARIN330585
GETHP,DIGR240485
GETHP,INSO321005
GETSV,2504583
GETHP,LLCT220514
GETHP,OOPR230279
GETHP,PHYS130902
GETHP,DIPR430685
GETSV,2501501
GETHP,LLCT130105
GETHP,ESYS431080
GETSV,2504679
GETSV,2509621
GETSV,2501779
GETHP,DIGR240485
GETHP,WIPR230579
GETHP,DIPR430685
GETSV,2508555
GETHP,MATH132401
GETHP,ENCS330537
GETHP,LLCT220514
GETHP,CAAL230180
GETHP,LLCT120205
GETSV,2502607
GETHP,WEPR330479
GETHP,LLCT220514
GETHP,ARIN330585
GETSV,2509751
GETSV,2509989
GETHP,INLO220405
GETSV,2503089
GETSV,2502383
GETHP,DIPR430685
GETHP,SPPR330885
GETHP,CAAL230180
GETHP,SPPR330885
GETHP,ARIN330585
GETHP,INSE330380
GETHP,ARIN330585
GETHP,WOPS120390
GETHP,DIPR430685
GETSV,2503755
GETSV,2504537
GETHP,MALE431984
GETSV,2500165
GETHP,IVNC320905
GETHP,WEPR330479
GETHP,LLCT130105
GETHP,LLCT220514
GETHP,PHYS130902
GETSV,2502361
GETHP,LLCT220514
GETHP,LESK120190
GETSV,2501155
GETSV,2505457
GETHP,WOPS120390
GETSV,2509757
GETHP,LLCT130105
GETSV,2502601
GETSV,2501687
GETHP,DIGR240485
GETHP,INLO220405
GETSV,2504657
GETHP,MALE431984
GETSV,2508397
GETSV,2505739
GETHP,ARIN330585
GETHP,WEPR330479
GETSV,2501909
GETSV,2507763
GETSV,2500993
GETHP,ARIN330585
GETSV,2502381
GETSV,2500331
GETSV,2500393
GETSV,2504087
GETHP,LLCT130105
GETSV,2504691
GETHP,WEPR330479
GETHP,MATH132401
GETHP,IVNC320905
GETSV,2506907
GETHP,IPPA233277
GETHP,IPPA233277
GETSV,2509301
GETHP,ARIN330585
GETSV,2501441
GETSV,2504287
GETHP,CAAL230180
GETSV,2507019
GETSV,2505417
GETSV,2504215
GETHP,SPPR330885
GETSV,2509827
GETHP,MALE431984
GETHP,DIGR240485
GETHP,MATH132401
GETSV,2503323
GETSV,2508105
GETSV,2506183
GETHP,DIGR240485
GETSV,2505379
GETHP,ARIN330585
GETHP,LLCT220514
GETHP,LLCT120205
GETSV,2505003
GETSV,2508153
GETSV,2507703
GETHP,WIPR230579
GETHP,OOPR230279
GETSV,2501617
GETHP,ESYS431080
GETHP,MATH132401
GETHP,WOPS120390
GETSV,2505465
GETSV,2508007
GETSV,2505893
GETSV,2506963
GETHP,PHYS130902
GETHP,MATH132401
GETHP,IPPA233277
GETHP,ESYS431080
GETSV,2504761
GETSV,2504007
GETHP,CAAL230180
GETSV,2506899
GETSV,2501073
GETSV,2501567
GETHP,LLCT120205
GETSV,2507115
GETSV,2503833
GETSV,2506663
GETSV,2504517
GETSV,2508435
GETHP,LLCT220514
GETHP,LLCT130105
GETHP,CAAL230180
GETSV,2500555
GETSV,2500729
GETSV,2500999
GETHP,LLCT120205
GETHP,ARIN330585
GETSV,2505185
GETSV,2508111
GETSV,2508173
GETSV,2502699
GETHP,LESK120190
GETHP,OOPR230279
GETSV,2500933
GETHP,ENCS330537
GETSV,2505041
GETSV,2507231
GETSV,2502973
GETHP,PHYS130902
GETSV,2503577
GETSV,2508615
GETHP,INIT130185
GETHP,PHYS130902
GETSV,2508113
GETHP,IPPA233277
GETHP,WOPS120390
GETHP,LLCT220514
GETHP,ARIN330585
GETHP,SPPR330885
GETSV,2509493
GETHP,SPPR330885
GETHP,ARIN330585
GETSV,2506831
GETSV,2506349
GETSV,2508891
GETSV,2502857
GETHP,LESK120190
GETSV,2505861
GETHP,ESYS431080
GETSV,2506993
GETHP,OOPR230279
GETSV,2506589
GETSV,2503435
GETSV,2506665
GETSV,2504743
GETHP,SPPR330885
GETHP,IVNC320905
GETHP,INSO321005
GETHP,MATH132901
GETSV,2505293
GETHP,MALE431984
GETSV,2508393
GETHP,LESK120190
GETSV,2507653
GETHP,OOPR230279
GETSV,2507345
GETSV,2509951
GETHP,INLO220405
GETSV,2502699
GETHP,LLCT120205
GETHP,INSE330380
GETSV,2503509
GETHP,MATH132901
GETSV,2504177
GETSV,2508319
GETHP,WEPR330479
GETHP,DIPR430685
GETHP,SPPR330885
GETSV,2506903
GETHP,SPPR330885
GETSV,2500435
GETSV,2507665
GETSV,2502895
GETSV,2502653
GETSV,2507387
GETSV,2508713
GETHP,OOPR230279
GETSV,2502485
GETHP,INSO321005
GETHP,MATH132901
GETHP,LLCT220514
GETHP,DIPR430685
GETHP,LLCT130105
GETSV,2501209
GETHP,WEPR330479
GETHP,INIT130185
GETHP,PHYS130902
GETHP,IPPA233277
GETSV,2508527
GETHP,LLCT220514
GETHP,WIPR230579
GETHP,IVNC320905
GETSV,2504839
GETHP,DIPR430685
GETSV,2508323
GETHP,INSO321005
GETHP,WOPS120390
GETSV,2505101
GETHP,MATH132901
GETHP,WEPR330479
GETSV,2509207
GETHP,DIGR240485
GETSV,2508739
GETSV,2500593
GETSV,2506831
GETSV,2503581
GETSV,2501883
GETSV,2509257
GETHP,ESYS431080
GETHP,MATH132401
GETSV,2505907
GETHP,INSE330380
GETSV,2503215
GETSV,2508813
GETSV,2509403
GETHP,ESYS431080
GETSV,2508935
GETSV,2504485
GETHP,OOPR230279
GETHP,DIPR430685
GETSV,2502559
GETHP,MATH132901
GETSV,2508539
GETHP,ENCS330537
GETHP,LLCT120205
GETHP,DIGR240485
GETSV,2502099
GETSV,2500033
GETSV,2505695
GETHP,WEPR330479
GETHP,LLCT220514
GETSV,2503849
GETHP,INSE330380
GETSV,2504997
GETHP,PHYS130902
GETHP,LLCT120205
GETSV,2505231
GETHP,INSO321005
GETHP,PHYS130902
GETHP,WOPS120390
GETSV,2505671
GETSV,2503637
GETHP,ARIN330585
GETSV,2500401
GETSV,2508271
GETSV,2502653
GETSV,2500859
GETSV,2505257
GETHP,INSE330380
GETHP,INSE330380
GETHP,LLCT120205
GETHP,IVNC320905
GETHP,ARIN330585
GETSV,2502237
GETHP,INSE330380
GETHP,INIT130185
GETSV,2508439
GETSV,2506757
GETHP,IPPA233277
GETSV,2501377
GETHP,MATH132401
GETSV,2506413
GETHP,ESYS431080
GETHP,INLO220405
GETSV,2503079
GETHP,MALE431984
GETSV,2509731
GETSV,2501185
GETHP,DIGR240485
GETHP,LLCT120205
GETSV,2509179
GETHP,INSE330380
GETSV,2504359
GETSV,2501573
GETSV,2500195
GETSV,2503377
GETSV,2506111
GETHP,ESYS431080
GETHP,ENCS330537
GETHP,MATH132401
GETHP,MATH132901
GETHP,INLO220405
GETHP,MATH132901
GETHP,WEPR330479
GETHP,IVNC320905
GETHP,LLCT120205
GETHP,WEPR330479
GETHP,WOPS120390
GETSV,2506199
GETHP,OOPR230279
GETSV,2505299
GETSV,2509793
GETHP,MATH132401
GETSV,2504733
GETHP,ARIN330585
GETHP,IPPA233277
GETHP,WEPR330479
GETSV,2505429
GETHP,IPPA233277
GETSV,2509217
GETHP,ENCS330537
GETSV,2508845
GETHP,IVNC320905
GETSV,2500009
GETHP,MALE431984
GETHP,PHYS130902
GETSV,2509683
GETHP,IVNC320905
GETSV,2508399
GETHP,LLCT220514
GETSV,2506747
GETSV,2505369
GETHP,INSE330380
GETHP,INIT130185
GETSV,2509139
GETSV,2508769
GETSV,2505759
GETHP,MALE431984
GETSV,2500795
GETHP,INSO321005
GETHP,WEPR330479
GETSV,2500213
GETHP,WIPR230579
GETSV,2501361
GETHP,SPPR330885
GETSV,2500845
GETSV,2506619
GETSV,2504697
GETSV,2501015
GETHP,MATH132401
GETSV,2508851
GETSV,2506593
GETSV,2504703
GETSV,2509757
GETSV,2500427
GETHP,LLCT120205
GETHP,PHYS130902
GETSV,2505109
GETHP,LLCT120205
GETSV,2508049
GETSV,2508623
GETHP,LLCT120205
GETSV,2501339
GETSV,2505545
GETSV,2502007
GETHP,SPPR330885
GETHP,INSE330380
GETHP,INIT130185
GETSV,2509103
GETHP,INSO321005
GETHP,INLO220405
GETHP,INSE330380
GETSV,2503367
GETSV,2503573
GETSV,2505043
GETSV,2501281
GETHP,WEPR330479
GETHP,MATH132901
GETHP,ENCS330537
GETSV,2507929
GETSV,2501559
GETHP,OOPR230279
GETSV,2506419
GETHP,ARIN330585
GETSV,2503919
GETSV,2508973
GETSV,2503291
GETHP,DIPR430685
GETHP,WOPS120390
GETSV,2500629
GETSV,2506035
GETHP,LLCT120205
GETHP,LLCT120205
GETSV,2504253
GETSV,2508331
GETHP,MALE431984
GETHP,ARIN330585
GETHP,OOPR230279
GETSV,2504163
GETHP,INSE330380
GETHP,MATH132901
GETSV,2508077
GETSV,2500619
GETHP,ARIN330585
GETHP,INSE330380
GETSV,2507045
GETSV,2507187
GETHP,WOPS120390
GETSV,2507199
GETHP,IVNC320905
GETHP,WIPR230579
GETHP,INSO321005
GETSV,2503559
GETSV,2500373
GETSV,2506675
GETSV,2505585
GETSV,2505903
GETHP,INLO220405
GETSV,2501675
GETHP,DIPR430685
GETSV,2503175
GETSV,2509205
GETHP,ESYS431080
GETHP,CAAL230180
GETHP,DIGR240485
GETSV,2504637
GETHP,DIGR240485
GETSV,2503433
GETSV,2506535
GETHP,DIPR430685
GETSV,2504499
GETHP,PHYS130902
GETSV,2505071
GETSV,2509549
GETSV,2501339
GETHP,DIPR430685
GETHP,ESYS431080
GETSV,2505589
GETSV,2500963
GETSV,2503265
GETHP,DIPR430685
GETSV,2502717
GETSV,2502363
GETSV,2505849
GETHP,IPPA233277
GETHP,OOPR230279
GETSV,2506531
GETSV,2503921
GETSV,2509599
GETHP,SPPR330885
GETHP,OOPR230279
GETSV,2509833
GETHP,WOPS120390
GETSV,2504885
GETHP,MATH132901
GETHP,LESK120190
GETSV,2506191
GETHP,INIT130185
GETSV,2507067
GETHP,LLCT130105
GETHP,MATH132401
GETHP,MATH132401
GETHP,SPPR330885
GETHP,WOPS120390
GETHP,ARIN330585
GETSV,2508301
GETSV,2500859
GETHP,INSE330380
GETHP,INIT130185
GETSV,2509637
GETSV,2504147
GETHP,INSO321005
GETSV,2502831
GETHP,LLCT120205
GETSV,2506011
GETSV,2504537
GETSV,2502199
GETHP,SPPR330885
GETHP,WOPS120390
GETHP,ENCS330537
GETSV,2504831
GETHP,LESK120190
GETHP,OOPR230279
GETHP,MATH132401
GETSV,2504855
GETHP,WEPR330479
GETSV,2504515
GETSV,2503777
GETHP,INLO220405
GETSV,2503261
GETSV,2505323
GETHP,CAAL230180
GETSV,2502295
GETHP,WOPS120390
GETHP,MALE431984
GETHP,DIPR430685
GETHP,LLCT130105
GETHP,ENCS330537
GETSV,2506539
GETSV,2500553
GETSV,2507079
GETSV,2503205
GETSV,2503635
GETHP,DIGR240485
GETSV,2509983
GETSV,2504829
GETSV,2505019
GETSV,2502985
GETSV,2508535
GETHP,INIT130185
GETSV,2500739
GETHP,LLCT120205
GETHP,MALE431984
GETHP,ARIN330585
GETSV,2502475
GETHP,MATH132901
GETHP,OOPR230279
GETSV,2508277
GETHP,MATH132401
GETHP,INSO321005
GETHP,ARIN330585
GETHP,MALE431984
GETSV,2505355
GETSV,2505049
GETSV,2500823
GETHP,INLO220405
GETSV,2503075
GETSV,2508273
GETHP,LESK120190
GETSV,2506573
GETHP,DIGR240485
GETHP,INIT130185
GETSV,2505111
GETHP,CAAL230180
GETSV,2504499
GETHP,MATH132401
GETHP,IVNC320905
GETSV,2501293
GETSV,2504939
GETHP,OOPR230279
GETSV,2504775
GETHP,IPPA233277
GETSV,2509795
GETSV,2502913
GETHP,LLCT220514
GETHP,IPPA233277
GETHP,MALE431984
GETSV,2508457
GETSV,2504855
GETSV,2502261
GETHP,OOPR230279
GETHP,PHYS130902
GETHP,INSO321005
GETHP,ARIN330585
GETSV,2500859
GETHP,DIGR240485
GETHP,CAAL230180
GETSV,2501589
GETSV,2503235
GETHP,SPPR330885
GETHP,MATH132401
GETHP,MATH132901
GETHP,INSO321005
GETSV,2504009
GETHP,LLCT220514
GETSV,2505157
GETSV,2509987
GETHP,INLO220405
GETHP,PHYS130902
GETSV,2507965
GETSV,2502203
GETHP,WOPS120390
GETSV,2503975
GETHP,DIGR240485
GETHP,LLCT130105
GETHP,WEPR330479
GETHP,LESK120190
GETSV,2504333
GETHP,IPPA233277
GETSV,2504553
GETSV,2507815
GETHP,WIPR230579
GETHP,WEPR330479
GETHP,INIT130185
GETHP,ESYS431080
GETHP,ESYS431080
GETHP,LLCT120205
GETHP,IPPA233277
GETHP,ESYS431080
GETHP,WIPR230579
GETHP,LLCT130105
GETHP,ENCS330537
GETSV,2504367
GETHP,LLCT120205
GETHP,SPPR330885
GETHP,INLO220405
GETSV,2504519
GETHP,WIPR230579
GETHP,LLCT130105
GETHP,MATH132901
GETSV,2501391
GETHP,WIPR230579
GETHP,MATH132901
GETSV,2501481
GETSV,2502775
GETHP,WIPR230579
GETSV,2505299
GETSV,2501489
GETSV,2503583
GETSV,2503165
GETHP,LESK120190
GETSV,2508617
GETHP,INIT130185
GETHP,WIPR230579
GETHP,LLCT130105
GETHP,WIPR230579
GETHP,INSE330380
GETHP,LESK120190
GETHP,CAAL230180
GETSV,2509753
GETSV,2509815
GETHP,LLCT220514
GETHP,INSO321005
GETSV,2503009
GETSV,2503375
GETSV,2500717
GETHP,LLCT120205
GETHP,IVNC320905
GETSV,2509207
GETSV,2503829
GETSV,2504243
GETSV,2507857
GETSV,2500431
GETSV,2502685
GETHP,MATH132901
GETSV,2501737
GETHP,ENCS330537
GETSV,2509621
GETHP,SPPR330885
GETHP,MATH132901
GETSV,2505119
GETSV,2504509
GETSV,2507291
GETHP,IPPA233277
GETHP,OOPR230279
GETSV,2502005
GETHP,INSE330380
GETSV,2502593
GETHP,WEPR330479
GETHP,INSE330380
GETSV,2501003
GETHP,ESYS431080
GETHP,CAAL230180
GETSV,2507493
GETHP,INLO220405
GETSV,2506385
GETSV,2506719
GETSV,2504093
GETSV,2507003
GETSV,2508569
GETSV,2501879
GETSV,2502165
GETSV,2507683
GETSV,2505297
GETHP,SPPR330885
GETHP,ESYS431080
GETHP,LESK120190
GETSV,2508137
GETHP,MALE431984
GETSV,2500869
GETSV,2504515
GETSV,2509537
GETSV,2509087
GETSV,2505581
GETHP,WEPR330479
GETSV,2503241
GETSV,2502119
GETSV,2503461
GETHP,INSO321005
GETSV,2504593
GETSV,2507055
GETHP,LLCT220514
GETHP,IPPA233277
GETHP,ARIN330585
GETSV,2507255
GETSV,2504005
GETSV,2501443
GETHP,DIPR430685
GETHP,INSO321005
GETHP,ARIN330585
GETHP,DIGR240485
GETSV,2508841
GETSV,2504631
GETHP,IVNC320905
GETHP,ENCS330537
GETSV,2507489
GETSV,2502671
GETHP,ESYS431080
GETHP,PHYS130902
GETSV,2509945
GETHP,IVNC320905
GETSV,2508661
GETSV,2505459
GETHP,IVNC320905
GETSV,2507135
GETHP,DIGR240485
GETSV,2508219
GETSV,2506889
GETHP,INIT130185
GETHP,IVNC320905
GETSV,2504019
GETHP,CAAL230180
GETSV,2505087
GETHP,MATH132901
GETSV,2505867
GETHP,INSO321005
GETHP,SPPR330885
GETSV,2506805
GETHP,LLCT130105
GETHP,ESYS431080
GETHP,OOPR230279
GETSV,2508109
GETSV,2505483
GETHP,MALE431984
GETHP,WOPS120390
GETHP,ENCS330537
GETHP,LLCT130105
GETSV,2506865
GETSV,2509199
GETHP,IPPA233277
GETHP,INIT130185
GETHP,DIPR430685
GETHP,INIT130185
GETHP,LLCT220514
GETHP,PHYS130902
GETHP,CAAL230180
GETSV,2500031
GETSV,2509485
GETSV,2502091
GETHP,IPPA233277
GETHP,MATH132401
GETSV,2507061
GETHP,OOPR230279
GETHP,IVNC320905
GETSV,2500079
GETSV,2502669
GETSV,2500315
GETHP,LLCT120205
GETHP,ENCS330537
GETSV,2501781
GETHP,INIT130185
GETHP,IPPA233277
GETSV,2507487
GETHP,CAAL230180
GETSV,2504763
GETSV,2503161
GETSV,2509767
GETHP,MATH132401
GETHP,INSE330380
GETSV,2502273
GETHP,INSO321005
GETSV,2503709
GETSV,2501963
GETHP,LLCT220514
GETSV,2506775
GETHP,MATH132901
GETHP,PHYS130902
GETSV,2509217
GETSV,2503071
GETHP,LLCT130105
GETSV,2506811
GETSV,2507785
GETSV,2501255
GETSV,2505477
GETHP,MATH132901
GETSV,2502625
GETHP,WEPR330479
GETHP,INLO220405
GETSV,2505291
GETHP,INLO220405
GETHP,INSO321005
GETHP,IVNC320905
GETSV,2508579
GETSV,2505041
GETSV,2502015
GETHP,INLO220405
GETHP,WEPR330479
GETHP,MATH132901
GETHP,LESK120190
GETSV,2509733
GETHP,INLO220405
GETSV,2506145
GETHP,LLCT220514
GETSV,2507037
GETHP,OOPR230279
GETSV,2503353
GETSV,2509479
GETHP,MATH132901
GETHP,SPPR330885
GETHP,CAAL230180
GETSV,2503375
GETHP,ENCS330537
GETHP,IVNC320905
GETHP,LLCT130105
GETHP,WIPR230579
GETSV,2505525
GETHP,IVNC320905
GETHP,SPPR330885
GETSV,2509423
GETSV,2504317
GETHP,MALE431984
GETSV,2500153
GETSV,2508695
GETHP,MATH132401
GETHP,DIPR430685
GETHP,CAAL230180
GETSV,2508271
GETHP,LLCT220514
GETSV,2503787
GETSV,2500713
GETHP,IVNC320905
GETSV,2508597
GETSV,2501827
GETHP,WOPS120390
GETHP,INLO220405
GETHP,OOPR230279
GETSV,2502891
GETSV,2506857
GETSV,2509335
GETSV,2508933
GETHP,LLCT130105
GETSV,2500625
GETSV,2502591
GETSV,2501821
GETHP,MATH132901
GETSV,2509561
GETHP,DIPR430685
GETHP,LLCT120205
GETHP,DIGR240485
GETSV,2509217
GETHP,OOPR230279
GETHP,INLO220405
GETSV,2500731
GETSV,2503737
GETSV,2503143
GETSV,2501029
GETHP,MATH132401
GETHP,WIPR230579
GETSV,2500639
GETSV,2507693
GETSV,2505483
GETHP,IVNC320905
GETHP,INIT130185
GETHP,WEPR330479
GETSV,2500819
GETSV,2504609
GETSV,2508975
GETHP,ARIN330585
GETSV,2508459
GETHP,LLCT220514
GETHP,WOPS120390
GETSV,2504709
GETHP,PHYS130902
GETHP,LESK120190
GETHP,WIPR230579
GETHP,WIPR230579
GETHP,INSE330380
GETHP,MATH132401
GETHP,WOPS120390
GETHP,ARIN330585
GETHP,DIGR240485
GETSV,2509345
GETSV,2501103
GETSV,2509005
GETSV,2504059
GETSV,2507385
GETSV,2504727
GETSV,2506037
GETHP,LLCT130105
GETHP,INIT130185
GETHP,IPPA233277
GETSV,2500877
GETHP,WEPR330479
GETSV,2508441
GETSV,2507831
GETHP,ARIN330585
GETHP,ARIN330585
GETSV,2506833
GETSV,2505183
GETSV,2504269
GETHP,LESK120190
GETSV,2502153
GETHP,CAAL230180
GETSV,2508581
GETHP,CAAL230180
GETHP,LLCT220514
GETHP,INIT130185
GETSV,2504781
GETHP,LLCT120205
GETSV,2509161
GETSV,2507623
GETSV,2501413
GETHP,INSE330380
GETSV,2507921
GETHP,INLO220405
GETSV,2508973
GETHP,WIPR230579
GETSV,2503097
GETSV,2501943
GETHP,INSO321005
GETSV,2507907
GETHP,INSO321005
GETSV,2506719
GETHP,WOPS120390
GETSV,2504507
GETSV,2502489
GETSV,2509527
GETSV,2502149
GETHP,INSE330380
GETHP,OOPR230279
GETSV,2505231
GETHP,OOPR230279
GETSV,2502907
GETSV,2501593
GETSV,2508407
GETSV,2507349
GETSV,2508819
GETHP,SPPR330885
GETHP,ENCS330537
GETHP,INSO321005
GETSV,2502891
GETSV,2500409
GETSV,2504279
GETHP,LLCT130105
GETSV,2505139
GETHP,INIT130185
GETSV,2504783
GETHP,WEPR330479
GETHP,LLCT130105
GETHP,DIPR430685
GETHP,DIGR240485
GETSV,2507285
GETHP,INSO321005
GETSV,2506961
GETHP,LLCT130105
GETHP,IVNC320905
GETHP,ENCS330537
GETSV,2509641
GETSV,2506439
GETHP,IVNC320905
GETHP,ARIN330585
GETHP,LLCT120205
GETHP,SPPR330885
GETHP,ARIN330585
GETHP,IPPA233277
GETHP,ENCS330537
GETSV,2508935
GETHP,ESYS431080
GETSV,2507219
GETSV,2504321
GETHP,SPPR330885
GETHP,LESK120190
GETSV,2500555
GETHP,ENCS330537
GETSV,2506279
GETSV,2507397
GETSV,2508755
GETSV,2500209
GETSV,2504143
GETHP,MATH132901
GETSV,2504667
GETSV,2505129
GETHP,ESYS431080
GETHP,WOPS120390
GETHP,OOPR230279
GETHP,IPPA233277
GETSV,2507215
GETHP,CAAL230180
GETHP,MATH132401
GETHP,DIGR240485
GETHP,WIPR230579
GETHP,ENCS330537
GETSV,2503587
GETSV,2508625
GETSV,2507087
GETHP,OOPR230279
GETHP,CAAL230180
GETHP,LLCT130105
GETSV,2508999
GETHP,IPPA233277
GETHP,MATH132401
GETSV,2500113
GETSV,2506079
GETHP,SPPR330885
GETHP,LLCT130105
GETHP,ESYS431080
GETSV,2503927
GETHP,LLCT130105
GETSV,2500899
GETHP,CAAL230180
GETHP,IPPA233277
GETSV,2507037
GETHP,IPPA233277
GETHP,IPPA233277
GETSV,2501207
GETHP,WIPR230579
GETSV,2501795
GETSV,2506641
GETSV,2503263
GETHP,WEPR330479
GETSV,2503211
GETHP,LESK120190
GETSV,2509767
GETHP,SPPR330885
GETSV,2503603
GETHP,IVNC320905
GETSV,2502223
GETSV,2500733
GETHP,INSE330380
GETHP,LLCT220514
GETHP,IVNC320905
GETSV,2502469
GETHP,IPPA233277
GETSV,2506849
GETSV,2509167
GETHP,MATH132401
GETHP,ARIN330585
GETHP,CAAL230180
GETHP,LLCT220514
GETHP,ARIN330585
GETHP,LLCT220514
GETHP,LLCT120205
GETHP,LLCT120205
GETSV,2507453
GETHP,DIGR240485
GETSV,2505833
GETHP,DIPR430685
GETSV,2507125
GETHP,LESK120190
GETHP,LESK120190
GETHP,ESYS431080
GETHP,ENCS330537
GETSV,2508011
GETSV,2509689
GETHP,MALE431984
GETSV,2502133
GETHP,ESYS431080
GETSV,2500769
GETSV,2504207
GETHP,WEPR330479
GETHP,DIGR240485
GETHP,IPPA233277
GETSV,2503543
GETSV,2500325
GETSV,2507491
GETSV,2500625
GETSV,2505535
GETSV,2509421
GETSV,2503723
GETSV,2509177
GETHP,LESK120190
GETHP,MATH132401
GETHP,CAAL230180
GETHP,LLCT120205
GETSV,2509503
GETSV,2505149
GETHP,WOPS120390
GETHP,IPPA233277
GETHP,INSE330380
GETSV,2504533
GETSV,2502803
GETSV,2502321
GETSV,2509823
GETSV,2507101
GETHP,OOPR230279
GETSV,2508345
GETHP,IVNC320905
GETHP,ESYS431080
GETHP,LLCT130105
GETHP,DIGR240485
GETSV,2501967
GETSV,2502477
GETHP,ESYS431080
GETSV,2508601
GETSV,2506775
GETSV,2505125
GETHP,IPPA233277
GETHP,LESK120190
GETHP,IPPA233277
GETSV,2504957
GETHP,INSE330380
GETSV,2508681
GETHP,ARIN330585
GETHP,INSO321005
GETHP,LLCT220514
GETHP,DIGR240485
GETHP,ESYS431080
GETHP,ARIN330585
GETHP,MALE431984
GETHP,LLCT220514
GETSV,2509079
GETSV,2508629
GETHP,OOPR230279
GETHP,WOPS120390
GETSV,2500927
GETSV,2503469
GETHP,SPPR330885
GETSV,2504649
GETSV,2507575
GETHP,IPPA233277
GETSV,2509043
GETSV,2505281
GETSV,2506255
GETHP,OOPR230279
GETSV,2508683
GETHP,INIT130185
GETSV,2502583
GETHP,CAAL230180
GETHP,PHYS130902
GETHP,LLCT220514
GETHP,DIGR240485
GETSV,2508733
GETHP,IVNC320905
GETHP,WEPR330479
GETHP,PHYS130902
GETHP,WIPR230579
GETHP,DIPR430685
GETSV,2502465
GETSV,2506223
GETHP,ENCS330537
GETHP,INSE330380
GETSV,2508441
GETSV,2503095
GETHP,LLCT220514
GETSV,2506163
GETSV,2501825
GETHP,MATH132401
GETHP,WIPR230579
GETSV,2508187
GETSV,2502441
GETHP,WEPR330479
GETHP,ENCS330537
GETHP,INIT130185
GETSV,2508209
GETHP,ESYS431080
GETHP,MATH132901
GETHP,INLO220405
GETSV,2502825
GETSV,2505783
GETHP,LLCT220514
GETHP,DIPR430685
GETHP,CAAL230180
GETHP,SPPR330885
GETHP,MALE431984
GETSV,2504571
GETHP,DIPR430685
GETHP,INIT130185
GETSV,2505205
GETHP,INSE330380
GETHP,WOPS120390
GETHP,DIPR430685
GETHP,MATH132401
GETSV,2504491
GETHP,INSE330380
GETHP,ENCS330537
GETHP,PHYS130902
GETHP,INSO321005
GETHP,LESK120190
GETSV,2507119
GETHP,WIPR230579
GETSV,2506779
GETSV,2506441
GETSV,2506327
GETSV,2506053
GETSV,2502851
GETHP,WOPS120390
GETHP,DIPR430685
GETSV,2504797
GETSV,2504827
GETSV,2508025
GETSV,2507607
GETSV,2506165
GETHP,ENCS330537
GETSV,2503521
GETHP,WEPR330479
GETSV,2501693
GETHP,DIGR240485
GETHP,WEPR330479
GETSV,2503303
GETSV,2504229
GETSV,2504435
GETSV,2507585
GETHP,LLCT120205
GETHP,IVNC320905
GETHP,DIPR430685
GETHP,DIGR240485
GETSV,2503623
GETSV,2503381
GETSV,2509747
GETHP,PHYS130902
GETHP,LLCT120205
GETHP,MATH132401
GETSV,2508539
GETSV,2503193
GETHP,MATH132901
GETSV,2509093
GETSV,2503107
GETHP,SPPR330885
GETHP,OOPR230279
GETSV,2507677
GETSV,2507371
GETHP,PHYS130902
GETSV,2506519
GETHP,ENCS330537
GETHP,LESK120190
GETSV,2502113
GETHP,DIPR430685
GETHP,IPPA233277
GETSV,2501739
GETHP,DIGR240485
GETSV,2507927
GETSV,2501157
GETSV,2500179
GETSV,2505713
GETSV,2503359
GETHP,LESK120190
GETSV,2509819
GETSV,2507529
GETSV,2508007
GETHP,WEPR330479
GETHP,WOPS120390
GETHP,LLCT130105
GETHP,MALE431984
GETHP,SPPR330885
GETHP,LLCT220514
GETHP,MATH132401
GETHP,WIPR230579
GETSV,2501141
GETSV,2507203
GETHP,WEPR330479
GETHP,DIPR430685
GETHP,IVNC320905
GETSV,2505099
GETHP,IVNC320905
GETHP,IVNC320905
GETSV,2503973
GETSV,2505859
GETSV,2508849
GETSV,2502975
GETSV,2506157
GETSV,2503163
GETSV,2505673
GETSV,2506039
GETSV,2504565
GETSV,2508675
GETSV,2502033
GETSV,2503055
GETSV,2506365
GETSV,2508459
GETSV,2501849
GETHP,INSO321005
GETHP,LLCT120205
GETSV,2509539
GETSV,2509137
GETSV,2507599
GETSV,2506637
GETSV,2504587
GETHP,LLCT120205
GETHP,IPPA233277
GETSV,2507157
GETSV,2505683
GETHP,LESK120190
GETHP,CAAL230180
GETSV,2505901
GETSV,2508091
GETSV,2507337
GETHP,IPPA233277
GETHP,IVNC320905
GETHP,LLCT120205
GETSV,2505297
GETSV,2508831
GETHP,CAAL230180
GETHP,WIPR230579
GETHP,MALE431984
GETHP,MATH132901
GETSV,2505797
GETHP,INLO220405
GETSV,2500833
GETSV,2507055
GETHP,IPPA233277
GETSV,2505131
GETSV,2503177
GETHP,WOPS120390
GETHP,MATH132901
GETSV,2500371
GETSV,2506929
GETSV,2508255
GETHP,INSO321005
GETSV,2504475
GETSV,2501817
GETSV,2508151
GETSV,2503925
GETSV,2509971
GETHP,ENCS330537
GETHP,DIGR240485
GETHP,LESK120190
GETSV,2500955
GETHP,LLCT220514
GETHP,DIGR240485
GETSV,2501237
GETHP,MATH132901
GETSV,2500257
GETSV,2501279
GETSV,2505389
GETHP,WEPR330479
GETHP,IPPA233277
GETHP,PHYS130902
GETHP,WOPS120390
GETSV,2508739
GETSV,2507281
GETHP,SPPR330885
GETHP,IPPA233277
GETHP,OOPR230279
GETHP,ENCS330537
GETHP,DIPR430685
GETSV,2500197
GETHP,LESK120190
GETHP,ENCS330537
GETSV,2502671
GETHP,MATH132401
GETHP,ARIN330585
GETSV,2503257
GETSV,2505255
GETSV,2509109
GETSV,2503315
GETSV,2504465
GETSV,2502351
GETHP,IVNC320905
GETSV,2507419
GETHP,DIGR240485
GETHP,MALE431984
GETHP,ESYS431080
GETSV,2508691
GETHP,SPPR330885
GETHP,LLCT130105
GETSV,2503741
GETSV,2503275
GETSV,2501913
GETHP,OOPR230279
GETHP,LESK120190
GETHP,LLCT120205
GETHP,MATH132401
GETHP,SPPR330885
GETSV,2501325
GETSV,2506475
GETHP,CAAL230180
GETSV,2509399
GETHP,MALE431984
GETHP,INLO220405
GETSV,2506913
GETHP,OOPR230279
GETHP,OOPR230279
GETHP,ESYS431080
GETSV,2509289
GETHP,LLCT220514
GETSV,2503141
GETSV,2500787
GETHP,WOPS120390
GETHP,OOPR230279
GETSV,2503725
GETHP,WEPR330479
GETSV,2507865
GETSV,2506983
GETHP,WIPR230579
GETHP,SPPR330885
GETHP,LLCT130105
GETHP,MATH132901
GETSV,2500893
GETHP,LESK120190
GETHP,LLCT220514
GETHP,WEPR330479
GETHP,LESK120190
GETSV,2501555
GETHP,SPPR330885
GETHP,ESYS431080
GETSV,2506749
GETSV,2504011
GETSV,2502921
GETSV,2504919
GETHP,LLCT120205
GETHP,MALE431984
GETHP,WEPR330479
GETHP,ENCS330537
GETHP,IVNC320905
GETSV,2508779
GETSV,2506457
GETSV,2505191
GETHP,ARIN330585
GETSV,2509283
GETSV,2505633
GETSV,2500175
GETSV,2503693
GETSV,2504107
GETSV,2506457
GETHP,IVNC320905
GETHP,WEPR330479
GETHP,INSO321005
GETHP,INSE330380
GETSV,2506479
GETSV,2505885
GETHP,LLCT120205
GETSV,2509929
GETHP,ESYS431080
GETHP,OOPR230279
GETHP,ENCS330537
GETHP,CAAL230180
GETSV,2503903
GETHP,INSO321005
GETHP,IVNC320905
GETSV,2500521
GETHP,LLCT220514
GETHP,INSE330380
GETSV,2502067
GETSV,2501937
GETHP,PHYS130902
GETSV,2508717
GETHP,MATH132901
GETSV,2509481
GETSV,2504983
GETSV,2504821
GETSV,2503875
GETHP,LLCT120205
GETHP,MALE431984
GETHP,IVNC320905
GETHP,LLCT130105
GETSV,2507433
GETSV,2504343
GETHP,INIT130185
GETHP,DIGR240485
GETHP,LLCT220514
GETSV,2503663
GETSV,2509581
GETHP,MATH132901
GETSV,2507097
GETSV,2509191
GETSV,2504389
GETHP,LLCT120205
GETSV,2507009
GETSV,2505263
GETHP,WIPR230579
GETHP,IVNC320905
GETSV,2500601
GETSV,2505623
GETHP,ESYS431080
GETHP,INSO321005
GETSV,2502129
GETSV,2503103
GETSV,2503917
GETHP,WOPS120390
GETSV,2502201
GETHP,CAAL230180
GETSV,2500565
GETSV,2507811
GETHP,ENCS330537
GETSV,2500607
GETHP,IPPA233277
GETSV,2503259
GETSV,2503705
GETSV,2508007
GETSV,2500277
GETSV,2509235
GETHP,ENCS330537
GETSV,2500271
GETSV,2508317
GETHP,LLCT130105
GETHP,INSE330380
GETHP,INSO321005
GETSV,2502037
GETSV,2501939
GETHP,WIPR230579
GETSV,2502735
GETSV,2507341
GETHP,CAAL230180
GETHP,INSO321005
GETHP,IPPA233277
GETHP,WEPR330479
GETHP,CAAL230180
GETHP,IPPA233277
GETHP,INLO220405
GETSV,2509581
GETHP,ESYS431080
GETSV,2509337
GETSV,2506583
GETHP,SPPR330885
GETSV,2506163
GETHP,MATH132401
GETSV,2507423
GETSV,2504157
GETSV,2505083
GETSV,2503657
GETHP,ENCS330537
GETHP,MALE431984
GETSV,2506755
GETSV,2505681
GETSV,2507071
GETHP,INSO321005
GETSV,2500171
GETHP,IVNC320905
GETHP,IVNC320905
GETHP,SPPR330885
GETSV,2503155
GETSV,2508081
GETHP,INIT130185
GETHP,LLCT220514
GETHP,LESK120190
GETHP,MATH132901
GETHP,WEPR330479
GETHP,LLCT130105
GETHP,MALE431984
GETSV,2509265
GETSV,2504143
GETSV,2509309
GETSV,2509835
GETHP,WOPS120390
GETHP,SPPR330885
GETSV,2504837
GETHP,OOPR230279
GETHP,WEPR330479
GETHP,MATH132401
GETHP,MATH132401
GETSV,2507275
GETHP,IVNC320905
GETHP,INSE330380
GETSV,2502533
GETSV,2502643
GETSV,2500913
GETHP,LESK120190
GETSV,2505245
GETHP,OOPR230279
GETHP,WOPS120390
GETHP,INSO321005
GETHP,LLCT130105
GETSV,2502739
GETHP,IPPA233277
GETSV,2502607
GETSV,2508781
GETHP,ENCS330537
GETSV,2502137
GETSV,2508967
GETHP,MALE431984
GETSV,2509363
GETSV,2508401
GETSV,2506943
GETHP,OOPR230279
GETHP,ARIN330585
GETHP,LLCT220514
GETSV,2503191
GETSV,2505109
GETSV,2500931
GETHP,DIPR430685
GETHP,INSE330380
GETHP,WEPR330479
GETSV,2508091
GETSV,2509833
GETSV,2509751
GETHP,INSO321005
GETHP,MALE431984
GETHP,IPPA233277
GETHP,LESK120190
GETHP,INSE330380
GETSV,2504667
GETHP,MATH132901
GETHP,CAAL230180
GETHP,PHYS130902
GETHP,DIPR430685
GETSV,2509489
GETHP,LESK120190
GETHP,LLCT220514
GETSV,2502587
GETHP,WOPS120390
GETSV,2500423
GETSV,2506853
GETHP,MATH132401
GETHP,MATH132901
GETSV,2506815
GETSV,2508941
GETSV,2504699
GETSV,2502745
GETSV,2508551
GETHP,WOPS120390
GETHP,INIT130185
GETHP,CAAL230180
GETHP,INIT130185
GETSV,2509565
GETSV,2501259
GETHP,LLCT220514
GETSV,2506135
GETSV,2505445
GETHP,INIT130185
GETSV,2500193
GETSV,2505167
GETSV,2504525
GETSV,2508187
GETHP,INSO321005
GETHP,ARIN330585
GETSV,2502757
GETHP,LESK120190
GETSV,2505457
GETHP,INSE330380
GETHP,ARIN330585
GETSV,2509787
GETHP,LLCT120205
GETHP,INSO321005
GETSV,2501317
GETHP,LLCT220514
GETHP,WOPS120390
GETSV,2504495
GETHP,MATH132901
GETHP,CAAL230180
GETHP,IPPA233277
GETHP,SPPR330885
GETSV,2508485
GETHP,LLCT220514
GETHP,INIT130185
GETHP,ESYS431080
GETHP,MATH132901
GETHP,WIPR230579
GETHP,LLCT220514
GETSV,2503479
GETHP,SPPR330885
GETSV,2504851
GETHP,INLO220405
GETSV,2502047
GETHP,PHYS130902
GETHP,LESK120190
GETHP,DIPR430685
GETSV,2503991
GETSV,2503445
GETHP,DIPR430685
GETHP,SPPR330885
GETSV,2504223
GETHP,ESYS431080
GETSV,2500331
GETHP,PHYS130902
GETHP,SPPR330885
GETSV,2509477
GETSV,2505507
GETHP,LLCT130105
GETHP,WIPR230579
GETSV,2507021
GETHP,PHYS130902
GETSV,2500489
GETHP,PHYS130902
GETSV,2506981
GETSV,2503443
GETHP,INLO220405
GETHP,MATH132401
GETHP,ENCS330537
GETHP,INIT130185
GETHP,ESYS431080
GETHP,WEPR330479
GETSV,2501397
GETHP,LLCT130105
GETHP,WEPR330479
GETSV,2501951
GETSV,2506717
GETSV,2500891
GETSV,2505113
GETSV,2502775
GETSV,2503237
GETSV,2500035
GETHP,LLCT220514
GETSV,2505887
GETSV,2504157
GETSV,2507035
GETHP,DIPR430685
GETSV,2509095
GETHP,LLCT220514
GETSV,2508627
GETHP,WIPR230579
GETSV,2500879
GETSV,2509117
GETHP,WOPS120390
GETSV,2502553
GETSV,2509143
GETHP,INLO220405
GETSV,2507507
GETHP,INSE330380
GETSV,2505519
GETHP,SPPR330885
GETHP,ENCS330537
GETHP,LLCT130105
GETSV,2505911
GETSV,2509045
GETHP,LESK120190
GETHP,DIPR430685
GETSV,2509295
GETSV,2504925
GETHP,LLCT220514
GETSV,2509321
GETSV,2501943
GETHP,LLCT120205
GETHP,ENCS330537
GETSV,2504737
GETHP,MATH132401
GETSV,2504845
GETSV,2503595
GETHP,DIPR430685
GETHP,MATH132401
GETHP,WOPS120390
GETHP,DIPR430685
GETHP,OOPR230279
GETHP,IPPA233277
GETHP,INLO220405
GETSV,2506859
GETSV,2507609
GETSV,2508503
GETHP,PHYS130902
GETHP,MALE431984
GETHP,INLO220405
GETHP,INSE330380
GETHP,ENCS330537
GETSV,2504139
GETSV,2507881
GETHP,ESYS431080
GETSV,2506421
GETSV,2509491
GETHP,INSE330380
GETSV,2505727
GETHP,WOPS120390
GETSV,2507947
GETHP,DIPR430685
GETSV,2503623
GETSV,2506389
GETHP,ENCS330537
GETSV,2500737
GETHP,MATH132901
GETHP,MATH132401
GETSV,2505531
GETHP,LLCT130105
GETSV,2501911
GETSV,2506581
GETHP,LESK120190
GETSV,2507697
GETHP,LESK120190
GETHP,MATH132901
GETSV,2504299
GETSV,2506729
GETHP,DIGR240485
GETHP,INIT130185
GETHP,MATH132901
GETSV,2507393
GETHP,LLCT130105
GETSV,2507485
GETHP,OOPR230279
GETHP,PHYS130902
GETHP,ENCS330537
GETSV,2509381
GETSV,2506851
GETSV,2503313
GETSV,2508367
GETSV,2502653
GETHP,ESYS431080
GETHP,WEPR330479
GETHP,MATH132901
GETHP,MATH132901
GETHP,WEPR330479
GETSV,2501521
GETHP,SPPR330885
GETHP,LLCT120205
GETSV,2503835
GETSV,2500393
GETSV,2502759
GETHP,DIPR430685
GETSV,2500355
GETHP,CAAL230180
GETSV,2506543
GETHP,INSO321005
GETHP,LESK120190
GETSV,2507401
GETSV,2508231
GETSV,2509189
GETSV,2503091
GETSV,2506497
GETHP,WEPR330479
GETHP,MATH132901
GETHP,WIPR230579
GETSV,2500553
GETSV,2508839
GETSV,2502901
GETHP,INLO220405
GETHP,DIPR430685
GETSV,2502511
GETSV,2505725
GETSV,2501755
GETSV,2503897
GETSV,2502967
GETHP,SPPR330885
GETHP,WEPR330479
GETHP,IPPA233277
GETSV,2507407
GETHP,LESK120190
GETSV,2504027
GETSV,2509065
GETSV,2508503
GETSV,2506437
GETSV,2508931
GETSV,2503873
GETSV,2507855
GETSV,2506045
GETSV,2509883
GETSV,2507049
GETSV,2501911
GETSV,2505685
GETSV,2506323
GETHP,ESYS431080
GETHP,LESK120190
GETHP,WIPR230579
GETHP,CAAL230180
GETHP,LESK120190
GETSV,2505543
GETSV,2509189
GETSV,2508899
GETHP,WOPS120390
GETSV,2501631
GETSV,2505165
GETSV,2501595
GETSV,2505161
GETSV,2509415
GETSV,2504341
GETSV,2504995
GETHP,PHYS130902
GETSV,2509791
GETHP,IPPA233277
GETHP,LLCT120205
GETHP,LESK120190
GETSV,2508519
GETHP,LLCT120205
GETHP,DIGR240485
GETSV,2503425
GETHP,IVNC320905
GETSV,2506733
GETHP,OOPR230279
GETSV,2509513
GETSV,2508247
GETHP,INIT130185
GETSV,2506115
GETSV,2508497
GETSV,2500399
GETHP,IVNC320905
GETHP,DIGR240485
GETHP,INSO321005
GETSV,2500759
GETSV,2509573
GETSV,2508291
GETHP,WIPR230579
GETHP,LLCT130105
GETSV,2500957
GETHP,LLCT130105
GETHP,MATH132401
GETHP,DIPR430685
GETHP,SPPR330885
GETSV,2500083
GETSV,2508097
GETHP,INSO321005
GETSV,2504157
GETSV,2501275
GETSV,2500681
GETHP,IVNC320905
GETSV,2506405
GETHP,DIGR240485
GETSV,2502689
GETSV,2504127
GETHP,ESYS431080
GETHP,INSE330380
GETHP,LESK120190
GETSV,2507511
GETHP,INLO220405
GETHP,WIPR230579
GETSV,2509025
GETSV,2508159
GETHP,DIGR240485
GETSV,2502923
GETHP,ARIN330585
GETHP,PHYS130902
GETSV,2507205
GETHP,OOPR230279
GETSV,2503569
GETSV,2502399
GETHP,LLCT130105
GETSV,2507499
GETSV,2503417
GETSV,2508263
GETHP,DIPR430685
GETHP,DIGR240485
GETHP,MATH132401
GETHP,IVNC320905
GETSV,2507981
GETHP,DIPR430685
GETHP,SPPR330885
GETHP,INSE330380
GETSV,2508037
GETSV,2505107
GETHP,LLCT120205
GETSV,2503327
GETSV,2503389
GETSV,2507867
GETHP,INSE330380
GETHP,MALE431984
GETHP,IPPA233277
GETHP,WEPR330479
GETSV,2507681
GETHP,LLCT130105
GETSV,2502045
GETSV,2509723
GETSV,2503545
GETSV,2504295
GETSV,2506117
GETHP,CAAL230180
GETHP,WIPR230579
GETHP,MATH132401
GETSV,2508637
GETSV,2507339
GETHP,ESYS431080
GETSV,2505799
GETHP,CAAL230180
GETHP,ARIN330585
GETHP,MATH132401
GETSV,2502591
GETHP,INSO321005
GETSV,2502379
GETHP,INIT130185
GETSV,2509911
GETHP,MATH132401
GETSV,2506643
GETSV,2505617
GETSV,2504239
GETSV,2507437
GETHP,LESK120190
GETSV,2502009
GETHP,INSO321005
GETHP,LESK120190
GETHP,ESYS431080
GETSV,2504193
GETHP,OOPR230279
GETSV,2501181
GETSV,2509627
GETHP,WOPS120390
GETHP,INIT130185
GETHP,LESK120190
GETHP,LLCT130105
GETHP,SPPR330885
GETSV,2506687
GETHP,PHYS130902
GETSV,2501563
GETSV,2504761
GETHP,INSO321005
GETHP,INIT130185
GETHP,WIPR230579
GETHP,DIGR240485
GETSV,2508207
GETSV,2505773
GETSV,2502171
GETSV,2503849
GETSV,2504551
GETHP,ARIN330585
GETHP,LLCT220514
GETSV,2507825
GETHP,MATH132901
GETSV,2502237
GETSV,2500427
GETSV,2508473
GETSV,2500503
GETSV,2505317
GETSV,2506851
GETSV,2502817
GETSV,2508367
GETSV,2503197
GETSV,2500011
GETHP,IVNC320905
GETSV,2503639
GETHP,DIGR240485
GETSV,2508931
GETHP,DIGR240485
GETHP,INIT130185
GETSV,2506621
GETSV,2502971
GETHP,WIPR230579
GETSV,2501319
GETHP,INSO321005
GETHP,LLCT130105
GETHP,IVNC320905
GETHP,LLCT130105
GETHP,OOPR230279
GETSV,2509739
GETSV,2501657
GETHP,INSO321005
GETSV,2500805
GETHP,WIPR230579
GETHP,OOPR230279
GETSV,2504207
GETSV,2502269
GETSV,2500907
GETSV,2509593
GETSV,2502695
GETHP,WOPS120390
GETHP,CAAL230180
GETSV,2500577
GETHP,ENCS330537
GETSV,2502589
GETHP,INSE330380
GETSV,2506953
GETSV,2506807
GETSV,2508341
GETSV,2502499
GETSV,2509041
GETHP,LESK120190
GETSV,2506189
GETSV,2502539
GETHP,INSE330380
GETHP,WIPR230579
GETSV,2503333
GETSV,2507635
GETSV,2509649
GETHP,INIT130185
GETHP,INSO321005
GETSV,2508779
GETHP,LESK120190
GETSV,2506855
GETHP,CAAL230180
GETSV,2506131
GETSV,2502417
GETHP,IVNC320905
GETHP,ENCS330537
GETSV,2506411
GETHP,INIT130185
GETHP,PHYS130902
GETSV,2506565
GETSV,2502067
GETSV,2509025
GETHP,INSO321005
GETHP,PHYS130902
GETHP,ARIN330585
GETHP,INSE330380
GETSV,2506631
GETSV,2501061
GETHP,WIPR230579
GETHP,WEPR330479
GETSV,2502879
GETHP,LLCT130105
GETSV,2506715
GETHP,INSE330380
GETHP,DIPR430685
GETHP,ENCS330537
GETSV,2501971
GETSV,2505937
GETSV,2501455
GETHP,MATH132901
GETSV,2508459
GETSV,2507609
GETHP,WIPR230579
GETSV,2506357
GETSV,2508131
GETSV,2503345
GETSV,2500047
GETSV,2506957
GETSV,2505179
GETHP,IVNC320905
GETSV,2507959
GETHP,LLCT220514
GETSV,2502499
GETHP,WEPR330479
GETSV,2506143
GETHP,ESYS431080
GETSV,2500059
GETHP,WEPR330479
GETSV,2504343
GETSV,2506229
GETHP,DIPR430685
GETSV,2500369
GETHP,ENCS330537
GETHP,PHYS130902
GETSV,2502827
GETHP,WEPR330479
GETHP,WEPR330479
GETHP,INSE330380
GETHP,INSE330380
GETSV,2501585
GETSV,2502335
GETHP,SPPR330885
GETSV,2506123
GETHP,OOPR230279
GETSV,2500983
GETSV,2505845
GETHP,DIGR240485
GETSV,2502097
GETSV,2508991
GETHP,WIPR230579
GETHP,PHYS130902
GETHP,INLO220405
GETSV,2507991
GETSV,2507605
GETHP,LLCT130105
GETHP,WOPS120390
GETSV,2501711
GETSV,2509229
GETHP,WEPR330479
GETHP,ENCS330537
GETHP,INSO321005
GETHP,IPPA233277
GETSV,2507779
GETHP,MALE431984
GETSV,2504127
GETHP,WIPR230579
GETSV,2507323
GETHP,ENCS330537
GETHP,MATH132401
GETSV,2508437
GETSV,2507667
GETHP,ARIN330585
GETSV,2504367
GETHP,ESYS431080
GETSV,2507291
GETHP,DIGR240485
GETHP,WIPR230579
GETSV,2508853
GETHP,DIPR430685
GETSV,2508385
GETSV,2501423
GETHP,INLO220405
GETSV,2509179
GETHP,WEPR330479
GETSV,2502439
GETHP,INSO321005
GETHP,ESYS431080
GETHP,DIGR240485
GETSV,2505167
GETSV,2509565
GETSV,2501291
GETSV,2501001
GETHP,LESK120190
GETSV,2509157
GETSV,2508883
GETHP,LLCT220514
GETHP,CAAL230180
GETSV,2503933
GETHP,WOPS120390
GETHP,PHYS130902
GETSV,2506663
GETSV,2507157
GETSV,2502819
GETHP,DIPR430685
GETSV,2507391
GETHP,LLCT120205
GETHP,INLO220405
GETHP,SPPR330885
GETSV,2507479
GETHP,IPPA233277
GETHP,WEPR330479
GETSV,2501041
GETHP,ESYS431080
GETHP,LESK120190
GETSV,2500011
GETSV,2508601
GETHP,ESYS431080
GETSV,2500821
GETSV,2500483
GETHP,LLCT220514
GETSV,2502735
GETHP,CAAL230180
GETSV,2507739
GETHP,SPPR330885
GETSV,2505863
GETHP,LLCT120205
GETSV,2504323
GETSV,2508177
GETHP,PHYS130902
GETHP,MALE431984
GETHP,SPPR330885
GETHP,ARIN330585
GETHP,LLCT130105
GETSV,2503397
GETSV,2507779
GETHP,LESK120190
GETSV,2506719
GETHP,MATH132401
GETSV,2504987
GETSV,2503273
GETHP,LLCT220514
GETSV,2507029
GETHP,INIT130185
GETSV,2500721
GETHP,SPPR330885
GETSV,2503677
GETHP,INSO321005
GETHP,LLCT120205
GETSV,2506679
GETSV,2500181
GETSV,2508947
GETSV,2502817
GETHP,MATH132901
GETSV,2506253
GETSV,2509691
GETHP,LLCT130105
GETSV,2508951
GETSV,2505861
GETHP,MALE431984
GETSV,2502161
GETHP,WEPR330479
GETSV,2501629
GETSV,2505403
GETHP,PHYS130902
GETSV,2501687
GETSV,2503029
GETSV,2503059
GETHP,SPPR330885
GETSV,2502191
GETHP,PHYS130902
GETHP,OOPR230279
GETSV,2507417
GETHP,ARIN330585
GETSV,2501205
GETSV,2508483
GETHP,MATH132401
GETHP,INSE330380
GETSV,2507357
GETHP,ARIN330585
GETSV,2502089
GETHP,OOPR230279
GETSV,2508597
GETSV,2501187
GETHP,LESK120190
GETHP,SPPR330885
GETHP,LLCT130105
GETSV,2507227
GETHP,PHYS130902
GETSV,2504135
GETSV,2502117
GETHP,LLCT220514
GETHP,IPPA233277
GETHP,OOPR230279
GETHP,ARIN330585
GETHP,WEPR330479
GETHP,PHYS130902
GETHP,SPPR330885
GETSV,2503749
GETSV,2508291
GETHP,DIPR430685
GETHP,CAAL230180
GETSV,2508733
GETHP,SPPR330885
GETSV,2509577
GETHP,DIGR240485
GETSV,2506917
GETSV,2508307
GETHP,CAAL230180
GETSV,2505791
GETSV,2500477
GETSV,2501371
GETSV,2507929
GETSV,2509463
GETHP,IVNC320905
GETSV,2502275
GETSV,2505265
GETSV,2500271
GETSV,2503117
GETHP,IVNC320905
GETHP,ESYS431080
GETSV,2501703
GETHP,PHYS130902
GETHP,ESYS431080
GETSV,2505569
GETHP,IVNC320905
GETHP,DIGR240485
GETHP,DIPR430685
GETSV,2503289
GETHP,INLO220405
GETHP,ARIN330585
GETHP,ENCS330537
GETHP,DIGR240485
GETSV,2505455
GETHP,CAAL230180
GETSV,2502795
GETSV,2509929
GETSV,2506231
GETHP,LESK120190
GETHP,MATH132401
GETSV,2505441
GETSV,2507023
GETHP,INSE330380
GETHP,INSE330380
GETSV,2504617
GETHP,IPPA233277
GETHP,MATH132401
GETSV,2505459
GETHP,OOPR230279
GETSV,2507215
GETHP,LLCT130105
GETHP,INLO220405
GETSV,2500201
GETSV,2501063
GETHP,INSO321005
GETHP,WEPR330479
GETHP,INSO321005
GETSV,2506815
GETHP,PHYS130902
GETHP,INSO321005
GETSV,2506153
GETHP,WEPR330479
GETSV,2508229
GETHP,CAAL230180
GETHP,IVNC320905
GETHP,LLCT120205
GETSV,2508909
GETSV,2508331
GETSV,2500473
GETHP,PHYS130902
GETHP,LLCT120205
GETHP,INSO321005
GETHP,DIGR240485
GETHP,MATH132401
GETHP,MATH132401
GETHP,LLCT130105
GETSV,2504169
GETSV,2507687
GETSV,2505013
GETSV,2509459
GETSV,2507233
GETSV,2502031
GETHP,DIGR240485
GETSV,2504891
GETHP,IPPA233277
GETSV,2508855
GETHP,IPPA233277
GETSV,2502179
GETHP,WEPR330479
GETHP,IPPA233277
GETSV,2502061
GETHP,LESK120190
GETHP,LLCT130105
GETSV,2505111
GETSV,2505557
GETSV,2507123
GETHP,CAAL230180
GETHP,ESYS431080
GETSV,2501917
GETSV,2506955
GETHP,WOPS120390
GETSV,2504167
GETHP,WOPS120390
GETSV,2503267
GETHP,MALE431984
GETHP,PHYS130902
GETSV,2509709
GETSV,2504827
GETSV,2509481
GETHP,ARIN330585
GETSV,2508309
GETHP,CAAL230180
GETHP,IPPA233277
GETHP,SPPR330885
GETSV,2506733
GETSV,2505435
GETHP,ARIN330585
GETHP,INSE330380
GETSV,2506709
GETSV,2501923
GETHP,DIPR430685
GETHP,MALE431984
GETHP,LLCT130105
GETSV,2507899
GETHP,LLCT130105
GETSV,2509591
GETHP,LLCT130105
GETSV,2507411
GETHP,INIT130185
GETHP,INSO321005
GETSV,2508653
GETSV,2501483
GETHP,INLO220405
GETHP,LESK120190
GETSV,2501365
GETSV,2501843
GETHP,LLCT130105
GETHP,ARIN330585
GETHP,SPPR330885
GETHP,LLCT220514
GETSV,2508921
GETHP,INSE330380
GETHP,WIPR230579
GETHP,IPPA233277
GETSV,2507489
GETSV,2509167
GETHP,INIT130185
GETSV,2505547
GETHP,INLO220405
GETSV,2504599
GETSV,2504357
GETHP,INIT130185
GETSV,2503009
GETSV,2503823
GETHP,INIT130185
GETSV,2508251
GETHP,INLO220405
GETSV,2502839
GETSV,2503333
GETSV,2508451
GETSV,2505489
GETHP,OOPR230279
GETSV,2509053
GETHP,INIT130185
GETHP,MATH132901
GETHP,OOPR230279
GETHP,ESYS431080
GETHP,MATH132401
GETHP,INSE330380
GETSV,2508751
GETHP,ARIN330585
GETSV,2506907
GETHP,OOPR230279
GETSV,2500487
GETSV,2505013
GETSV,2503363
GETHP,CAAL230180
GETSV,2504815
GETHP,PHYS130902
GETSV,2501659
GETSV,2500713
GETHP,ESYS431080
GETSV,2501701
GETHP,DIGR240485
GETSV,2503457
GETHP,PHYS130902
GETHP,WOPS120390
GETSV,2505867
GETHP,DIGR240485
GETHP,ARIN330585
GETSV,2503701
GETHP,IPPA233277
GETSV,2509041
GETSV,2501919
GETHP,PHYS130902
GETHP,INSO321005
GETHP,CAAL230180
GETHP,LLCT130105
GETSV,2500693
GETHP,INSE330380
GETHP,LLCT120205
GETSV,2508511
GETSV,2504189
GETHP,IPPA233277
GETSV,2502777
GETSV,2503703
GETSV,2506517
GETSV,2506755
GETHP,INSO321005
GETHP,DIPR430685
GETSV,2507661
GETHP,IPPA233277
GETSV,2506585
GETSV,2500423
GETSV,2504597
GETHP,IPPA233277
GETHP,ENCS330537
GETHP,INSO321005
GETSV,2506637
GETHP,MATH132901
GETSV,2503401
GETHP,WOPS120390
GETHP,WEPR330479
GETHP,ESYS431080
GETSV,2509633
GETSV,2509967
GETHP,ESYS431080
GETSV,2500219
GETHP,WEPR330479
GETSV,2500007
GETSV,2509493
GETHP,INSE330380
GETHP,SPPR330885
GETHP,PHYS130902
GETHP,DIGR240485
GETSV,2503675
GETSV,2508457
GETHP,IPPA233277
GETHP,LESK120190
GETHP,LLCT120205
GETSV,2506145
GETHP,WOPS120390
GETSV,2503645
GETSV,2509435
GETSV,2500937
GETHP,ENCS330537
GETHP,MATH132901
GETSV,2506307
GETSV,2506865
GETSV,2505327
GETHP,LLCT130105
GETSV,2509563
GETHP,WEPR330479
GETHP,LESK120190
GETHP,LESK120190
GETSV,2504099
GETSV,2504257
GETSV,2508191
GETSV,2500029
GETSV,2507211
GETSV,2500025
GETHP,WIPR230579
GETSV,2504917
GETHP,LLCT130105
GETSV,2500785
GETHP,MATH132401
GETHP,WEPR330479
GETHP,MALE431984
GETSV,2501737
GETHP,CAAL230180
GETSV,2506981
GETHP,MATH132901
GETHP,INSO321005
GETHP,CAAL230180
GETHP,MATH132901
GETHP,ENCS330537
GETSV,2502153
GETHP,LLCT130105
GETSV,2501477
GETHP,ESYS431080
GETHP,WEPR330479
GETSV,2500047
GETHP,WIPR230579
GETSV,2509419
GETSV,2509097
GETHP,IPPA233277
GETHP,PHYS130902
GETHP,WIPR230579
GETHP,IPPA233277
GETHP,IPPA233277
GETHP,LLCT220514
GETSV,2503179
GETHP,DIPR430685
GETSV,2507239
GETHP,LLCT220514
GETHP,LESK120190
GETSV,2506097
GETSV,2508751
GETSV,2505517
GETHP,INSE330380
GETSV,2502809
GETSV,2504391
GETHP,INSE330380
GETSV,2506915
GETSV,2509457
GETHP,INLO220405
GETSV,2509309
GETHP,LESK120190
GETSV,2502201
GETSV,2508487
GETHP,SPPR330885
GETHP,MATH132401
GETSV,2504241
GETHP,DIGR240485
GETSV,2500989
GETSV,2507739
GETSV,2507993
GETHP,LESK120190
GETHP,WOPS120390
GETHP,LLCT220514
GETSV,2503633
GETHP,WEPR330479
GETSV,2500077
GETSV,2503643
GETSV,2508601
GETHP,INSO321005
GETHP,MATH132901
GETSV,2507315
GETHP,WEPR330479
GETHP,INSO321005
GETSV,2500717
GETSV,2508251
GETHP,DIPR430685
GETHP,DIPR430685
GETSV,2503765
GETHP,LLCT220514
GETSV,2504465
GETHP,IPPA233277
GETSV,2507101
GETHP,MATH132901
GETHP,LESK120190
GETSV,2506375
GETSV,2500085
GETSV,2507603
GETHP,LLCT220514
GETSV,2509855
GETSV,2504429
GETSV,2505499
GETSV,2504489
GETHP,DIGR240485
GETSV,2503205
GETHP,LLCT220514
GETSV,2507841
GETHP,CAAL230180
GETSV,2507981
GETHP,WEPR330479
GETHP,MATH132901
GETSV,2501719
GETSV,2507861
GETHP,INIT130185
GETHP,IVNC320905
GETHP,LLCT120205
GETSV,2501245
GETHP,DIPR430685
GETHP,ARIN330585
GETHP,CAAL230180
GETSV,2504773
GETHP,ARIN330585
GETHP,ARIN330585
GETHP,INIT130185
GETHP,MATH132901
GETSV,2505595
GETSV,2507801
GETSV,2506295
GETHP,LLCT130105
GETHP,PHYS130902
GETSV,2500705
GETHP,INSO321005
GETHP,SPPR330885
GETSV,2505499
GETSV,2501513
GETHP,CAAL230180
GETSV,2506245
GETHP,LLCT130105
GETHP,MALE431984
GETHP,INSE330380
GETHP,IPPA233277
GETSV,2500203
GETSV,2504601
GETHP,LLCT130105
GETHP,WIPR230579
GETSV,2504355
GETSV,2505393
GETSV,2505359
GETSV,2502525
GETSV,2506907
GETSV,2502745
GETHP,SPPR330885
GETHP,SPPR330885
GETHP,IPPA233277
GETSV,2502593
GETHP,INIT130185
GETSV,2503261
GETHP,WIPR230579
GETHP,LLCT220514
GETHP,WOPS120390
GETSV,2506453
GETSV,2502419
GETHP,WIPR230579
GETHP,ESYS431080
GETSV,2507213
GETHP,INIT130185
GETHP,CAAL230180
GETSV,2506791
GETSV,2501173
GETHP,MATH132401
GETSV,2504849
GETHP,MATH132901
GETHP,MALE431984
GETSV,2505515
GETHP,DIGR240485
GETHP,ARIN330585
GETHP,SPPR330885
GETSV,2509971
GETSV,2501441
GETHP,WIPR230579
GETHP,INSO321005
GETHP,LLCT120205
GETSV,2500425
GETHP,INIT130185
GETHP,IVNC320905
GETSV,2502483
GETHP,DIPR430685
GETHP,INSO321005
GETHP,MALE431984
GETSV,2507835
GETSV,2501033
GETSV,2503447
GETHP,DIGR240485
GETSV,2502307
GETSV,2501377
GETHP,DIGR240485
GETHP,INSO321005
GETHP,DIPR430685
GETHP,LLCT120205
GETSV,2505143
GETHP,INSE330380
GETSV,2505923
GETSV,2500753
GETSV,2508191
GETHP,INSE330380
GETSV,2508347
GETHP,LLCT130105
GETSV,2506711
GETSV,2500805
GETSV,2501315
GETSV,2507457
GETHP,IPPA233277
GETHP,MATH132901
GETSV,2506763
GETSV,2507737
GETSV,2506231
GETSV,2500421
GETHP,MATH132901
GETHP,LLCT130105
GETSV,2503599
GETHP,INLO220405
GETSV,2509339
GETSV,2503577
GETSV,2503079
GETHP,MATH132401
GETSV,2505475
GETSV,2503169
GETSV,2503887
GETHP,LLCT120205
GETSV,2505115
GETSV,2500249
GETSV,2505239
GETHP,LESK120190
GETSV,2504355
GETHP,LLCT130105
GETHP,ENCS330537
GETHP,MALE431984
GETHP,DIPR430685
GETHP,WOPS120390
GETHP,PHYS130902
GETHP,LLCT120205
GETSV,2502563
GETHP,IPPA233277
GETSV,2500479
GETHP,MATH132401
GETSV,2509707
GETSV,2503929
GETSV,2505847
GETHP,INIT130185
GETSV,2509491
GETHP,INIT130185
GETHP,INIT130185
GETSV,2505629
GETHP,ENCS330537
GETSV,2501545
GETSV,2500487
GETHP,CAAL230180
GETHP,WEPR330479
GETSV,2504081
GETHP,IVNC320905
GETHP,OOPR230279
GETSV,2504779
GETSV,2503001
GETSV,2502855
GETSV,2505941
GETHP,WEPR330479
GETHP,WIPR230579
GETSV,2508367
GETHP,MATH132401
GETSV,2500475
GETHP,LLCT220514
GETSV,2508423
GETSV,2508453
GETSV,2508771
GETHP,INSO321005
GETSV,2506479
GETSV,2501565
GETHP,LLCT130105
GETSV,2501017
GETHP,OOPR230279
GETSV,2501413
GETSV,2508163
GETSV,2508209
GETSV,2506751
GETHP,LLCT120205
GETSV,2501627
GETHP,CAAL230180
GETSV,2509607
GETHP,LLCT220514
GETHP,ESYS431080
GETHP,MATH132401
GETSV,2507439
GETSV,2500653
GETHP,INLO220405
GETSV,2503561
GETSV,2500999
GETSV,2508901
GETHP,SPPR330885
GETHP,CAAL230180
GETSV,2504879
GETHP,WIPR230579
GETHP,ENCS330537
GETSV,2506809
GETSV,2509879
GETHP,LLCT120205
GETHP,MATH132401
GETHP,ENCS330537
GETHP,INSE330380
GETSV,2504125
GETHP,INIT130185
GETSV,2509193
GETSV,2500167
GETHP,ARIN330585
GETHP,INSE330380
GETSV,2501009
GETHP,WIPR230579
GETHP,WEPR330479
GETSV,2500747
GETHP,WOPS120390
GETSV,2502551
GETSV,2501477
GETSV,2503459
GETSV,2503937
GETHP,WIPR230579
GETSV,2506765
GETSV,2503803
GETHP,INSO321005
GETSV,2501799
GETHP,WIPR230579
GETHP,INLO220405
GETHP,LLCT130105
GETSV,2506383
GETSV,2506221
GETHP,WEPR330479
GETHP,SPPR330885
GETHP,WEPR330479
GETHP,MATH132401
GETHP,LLCT120205
GETHP,DIGR240485
GETSV,2504431
GETSV,2509917
GETSV,2502379
GETSV,2503177
GETHP,WOPS120390
GETHP,INLO220405
GETSV,2505731
GETHP,WIPR230579
GETHP,WOPS120390
GETSV,2504349
GETSV,2502251
GETSV,2507049
GETHP,LLCT220514
GETHP,LLCT220514
GETHP,MATH132401
GETSV,2503249
GETSV,2504271
GETHP,IPPA233277
GETHP,MALE431984
GETHP,LLCT220514
GETHP,INIT130185
GETSV,2503429
GETHP,CAAL230180
GETSV,2507985
GETHP,LLCT130105
GETSV,2504445
GETHP,MALE431984
GETSV,2509545
GETSV,2503639
GETHP,ARIN330585
GETSV,2507907
GETSV,2501137
GETHP,CAAL230180
GETSV,2505245
GETSV,2509627
GETSV,2509513
GETHP,INIT130185
GETHP,SPPR330885
GETSV,2506595
GETSV,2509953
GETHP,LLCT120205
GETHP,WIPR230579
GETHP,PHYS130902
GETHP,WIPR230579
GETHP,OOPR230279
GETSV,2505957
GETHP,WOPS120390
GETHP,DIGR240485
GETHP,ARIN330585
GETHP,IPPA233277
GETSV,2507419
GETSV,2502121
GETHP,DIGR240485
GETSV,2504917
GETSV,2505139
GETSV,2507265
GETHP,LLCT120205
GETSV,2501165
GETSV,2507099
GETSV,2507001
GETHP,MATH132401
GETSV,2507525
GETSV,2509235
GETHP,LLCT220514
GETHP,SPPR330885
GETHP,ARIN330585
GETHP,DIPR430685
GETSV,2500217
GETSV,2503831
GETSV,2501589
GETHP,SPPR330885
GETHP,IPPA233277
GETHP,LLCT220514
GETSV,2500509
GETSV,2502667
GETSV,2500889
GETHP,LESK120190
GETHP,DIPR430685
GETSV,2505251
GETHP,MALE431984
GETSV,2507695
GETSV,2503229
GETSV,2509867
GETSV,2508473
GETSV,2508519
GETHP,IPPA233277
GETHP,INSO321005
GETHP,PHYS130902
GETSV,2504719
GETSV,2509965
GETHP,LESK120190
GETSV,2504537
GETHP,DIPR430685
GETSV,2505781
GETSV,2508163
GETSV,2504001
GETHP,LESK120190
GETSV,2507085
GETHP,DIPR430685
GETHP,ENCS330537
GETHP,CAAL230180
GETHP,WEPR330479
GETSV,2507843
GETHP,MATH132401
GETSV,2500815
GETSV,2502829
GETHP,MATH132401
GETHP,INIT130185
GETSV,2509463
GETSV,2509397
GETSV,2508739
GETHP,WIPR230579
GETSV,2508303
GETHP,PHYS130902
GETSV,2507083
GETHP,ENCS330537
GETSV,2503799
GETHP,INLO220405
GETHP,LLCT130105
GETSV,2508049
GETSV,2505535
GETHP,LLCT220514
GETSV,2502747
GETHP,INLO220405
GETSV,2509527
GETSV,2503717
GETSV,2509747
GETSV,2509089
GETHP,DIPR430685
GETHP,CAAL230180
GETHP,LLCT130105
GETHP,ARIN330585
GETSV,2500615
GETHP,WEPR330479
GETHP,SPPR330885
GETHP,DIPR430685
GETSV,2508287
GETHP,WEPR330479
GETHP,CAAL230180
GETSV,2503545
GETHP,LLCT130105
GETHP,DIGR240485
GETHP,INSE330380
GETSV,2501713
GETHP,IPPA233277
GETHP,MATH132901
GETHP,MALE431984
GETSV,2503017
GETHP,INSO321005
GETHP,OOPR230279
GETHP,WOPS120390
GETSV,2509009
GETSV,2500543
GETHP,INSO321005
GETHP,LLCT120205
GETSV,2505081
GETHP,ENCS330537
GETSV,2506277
GETSV,2508163
GETHP,LLCT120205
GETHP,INLO220405
GETHP,LLCT220514
GETSV,2506875
GETSV,2508505
GETHP,MALE431984
GETSV,2509349
GETSV,2509811
GETSV,2506369
GETHP,DIPR430685
GETSV,2506669
GETSV,2508827
GETSV,2507849
GETSV,2509991
GETSV,2500533
GETHP,LESK120190
GETSV,2505729
GETSV,2509263
GETHP,INIT130185
GETSV,2502491
GETSV,2507945
GETSV,2506183
GETSV,2509541
GETHP,CAAL230180
GETSV,2504241
GETHP,IVNC320905
GETHP,WEPR330479
GETSV,2500091
GETHP,LESK120190
GETSV,2508919
GETHP,CAAL230180
GETSV,2502115
GETSV,2506145
GETSV,2505583
GETSV,2500797
GETHP,LLCT220514
GETSV,2505769
GETSV,2500023
GETHP,SPPR330885
GETHP,LLCT220514
GETHP,MATH132401
GETSV,2507743
GETSV,2509005
GETHP,OOPR230279
GETHP,LESK120190
GETHP,MATH132401
GETHP,LLCT120205
GETHP,SPPR330885
GETSV,2502785
GETSV,2502031
GETSV,2507661
GETHP,INIT130185
GETHP,WOPS120390
GETSV,2508423
GETSV,2502869
GETHP,MATH132401
GETSV,2508913
GETSV,2502559
GETHP,INSE330380
GETHP,LESK120190
GETSV,2504473
GETSV,2507799
GETSV,2502405
GETSV,2502131
GETHP,INLO220405
GETHP,WOPS120390
GETSV,2506109
GETHP,MATH132401
GETHP,LLCT130105
GETSV,2506903
GETSV,2500901
GETSV,2506723
GETSV,2506785
GETHP,INLO220405
GETHP,MATH132901
GETHP,INSO321005
GETSV,2505145
GETHP,IVNC320905
GETSV,2505397
GETHP,MATH132901
GETSV,2507153
GETSV,2507327
GETHP,LLCT220514
GETHP,LLCT120205
GETHP,SPPR330885
GETSV,2501159
GETHP,INLO220405
GETHP,ARIN330585
GETSV,2507313
GETSV,2504719
GETHP,ESYS431080
GETHP,WOPS120390
GETSV,2505113
GETSV,2503479
GETHP,ARIN330585
GETHP,DIGR240485
GETHP,WEPR330479
GETHP,WOPS120390
GETHP,LESK120190
GETHP,LLCT120205
GETSV,2504521
GETHP,SPPR330885
GETHP,WEPR330479
GETSV,2505043
GETSV,2507057
GETSV,2500639
GETSV,2506109
GETSV,2504779
GETHP,INSE330380
GETSV,2503143
GETHP,OOPR230279
GETHP,MATH132401
GETHP,OOPR230279
GETSV,2508623
GETSV,2507005
GETHP,ENCS330537
GETHP,INSO321005
GETHP,ESYS431080
GETHP,OOPR230279
GETHP,MALE431984
GETHP,INLO220405
GETSV,2504079
GETSV,2508605
GETHP,DIPR430685
GETSV,2509657
GETHP,OOPR230279
GETHP,LLCT120205
GETSV,2509699
GETHP,WIPR230579
GETHP,DIPR430685
GETSV,2501709
GETSV,2504171
GETSV,2500921
GETSV,2500151
GETSV,2501333
GETSV,2501859
GETHP,ARIN330585
GETSV,2504015
GETSV,2508989
GETSV,2509067
GETHP,ESYS431080
GETSV,2504391
GETHP,PHYS130902
GETSV,2501347
GETHP,ARIN330585
GETSV,2508511
GETHP,IVNC320905
GETSV,2506363
GETSV,2503193
GETSV,2506567
GETHP,ARIN330585
GETHP,MATH132901
GETSV,2502385
GETHP,SPPR330885
GETSV,2509869
GETSV,2502171
GETHP,IVNC320905
GETSV,2507399
GETSV,2501173
GETHP,WOPS120390
GETSV,2504753
GETHP,LLCT220514
GETHP,CAAL230180
GETSV,2502763
GETHP,INSE330380
GETHP,IPPA233277
GETSV,2505109
GETSV,2502243
GETHP,MALE431984
GETHP,WIPR230579
GETSV,2507709
GETHP,WOPS120390
GETHP,INIT130185
GETHP,WIPR230579
GETHP,ENCS330537
GETSV,2501811
GETHP,MATH132401
GETSV,2503167
GETSV,2503965
GETSV,2504411
GETHP,LLCT120205
GETHP,CAAL230180
GETHP,DIPR430685
GETSV,2500035
GETSV,2508513
GETHP,LLCT130105
GETHP,PHYS130902
GETSV,2508955
GETSV,2500281
GETHP,INIT130185
GETSV,2507445
GETHP,MALE431984
GETSV,2502369
GETHP,MATH132401
GETHP,INIT130185
GETSV,2505291
GETHP,LESK120190
GETSV,2505623
GETHP,OOPR230279
GETSV,2505795
GETHP,ENCS330537
GETSV,2504735
GETSV,2505885
GETSV,2504251
GETHP,SPPR330885
GETSV,2503943
GETHP,WEPR330479
GETHP,LLCT130105
GETHP,WEPR330479
GETSV,2508831
GETHP,PHYS130902
GETSV,2505979
GETHP,LLCT130105
GETHP,SPPR330885
GETSV,2509157
GETHP,MATH132401
GETHP,OOPR230279
GETHP,LLCT220514
GETHP,PHYS130902
GETHP,INIT130185
GETHP,ENCS330537
GETHP,LLCT130105
GETSV,2505781
GETHP,ARIN330585
GETHP,ESYS431080
GETHP,INIT130185
GETHP,SPPR330885
GETHP,WEPR330479
GETSV,2509513
GETHP,LLCT120205
GETHP,OOPR230279
GETHP,ARIN330585
GETHP,MALE431984
GETHP,INLO220405
GETSV,2504365
GETHP,ARIN330585
GETSV,2502841
GETSV,2501943
GETSV,2507653
GETHP,INIT130185
GETHP,MATH132401
GETSV,2505327
GETSV,2506397
GETHP,WEPR330479
GETSV,2505353
GETSV,2509895
GETHP,ESYS431080
GETHP,PHYS130902
GETHP,LLCT120205
GETHP,WEPR330479
GETSV,2507549
GETSV,2501291
GETSV,2509641
GETSV,2506391
GETHP,MATH132901
GETSV,2505235
GETSV,2505169
GETHP,INLO220405
GETHP,WOPS120390
GETSV,2501531
GETHP,ARIN330585
GETHP,INSO321005
GETHP,MATH132901
GETSV,2509107
GETHP,INIT130185
GETHP,OOPR230279
GETSV,2503117
GETSV,2506011
GETHP,SPPR330885
GETSV,2503399
GETHP,DIPR430685
GETSV,2508611
GETSV,2502753
GETHP,LLCT120205
GETHP,MATH132901
GETSV,2505403
GETHP,OOPR230279
GETSV,2502743
GETSV,2506613
GETHP,DIPR430685
GETHP,MATH132401
GETHP,LLCT120205
GETHP,INIT130185
GETSV,2506059
GETSV,2504649
GETHP,IPPA233277
GETHP,INSE330380
GETSV,2509651
GETSV,2502545
GETSV,2500527
GETHP,INSE330380
GETSV,2500843
GETHP,WEPR330479
GETHP,LESK120190
GETSV,2501189
GETSV,2503539
GETHP,IPPA233277
